user_id,channel,event_name,event_timestamp,amount,is_fraud,kyc_result
U000001,pagado,signup,2024-01-04 12:37:26.165719,,,
U000001,pagado,login,2024-01-05 21:08:16.225330,,,
U000002,organico,signup,2024-02-09 00:03:58.549632,,,
U000002,organico,login,2024-02-09 01:26:14.412244,,,
U000002,organico,view_service,2024-02-09 17:03:07.448469,,,
U000003,organico,signup,2024-02-24 20:14:24.749276,,,
U000003,organico,login,2024-02-26 05:46:51.906548,,,
U000003,organico,view_service,2024-02-26 09:33:17.349022,,,
U000004,organico,signup,2024-01-10 10:39:07.973082,,,
U000004,organico,login,2024-01-12 01:24:49.172525,,,
U000004,organico,view_service,2024-01-12 14:18:22.758570,,,
U000005,organico,signup,2024-02-21 12:18:48.511772,,,
U000005,organico,login,2024-02-22 16:04:07.115700,,,
U000005,organico,view_service,2024-02-22 17:12:58.094059,,,
U000005,organico,start_application,2024-02-23 14:07:23.274558,,,
U000005,organico,complete_kyc,2024-02-23 22:14:35.756224,,,kyc_approved
U000005,organico,first_transaction,2024-02-24 11:39:29.524344,45.3,False,
U000005,organico,repeat_transaction,2024-02-28 16:23:48.020841,17.67,False,
U000005,organico,repeat_transaction,2024-03-06 23:59:23.496586,61.89,False,
U000005,organico,repeat_transaction,2024-03-08 15:24:46.088034,70.7,False,
U000005,organico,repeat_transaction,2024-03-14 10:47:13.256412,9.34,False,
U000005,organico,repeat_transaction,2024-03-19 14:38:06.797147,14.71,False,
U000005,organico,repeat_transaction,2024-03-28 22:31:10.978420,40.02,False,
U000006,organico,signup,2024-01-31 22:53:24.835918,,,
U000006,organico,login,2024-02-02 13:33:06.933803,,,
U000006,organico,view_service,2024-02-02 15:11:13.715344,,,
U000007,pagado,signup,2024-03-06 19:47:52.302517,,,
U000007,pagado,login,2024-03-08 02:41:25.679014,,,
U000007,pagado,view_service,2024-03-08 06:05:04.605163,,,
U000008,pagado,signup,2024-02-04 13:50:53.293535,,,
U000008,pagado,login,2024-02-06 02:09:00.368780,,,
U000009,organico,signup,2024-01-17 01:53:33.622240,,,
U000009,organico,login,2024-01-18 06:32:08.622827,,,
U000009,organico,view_service,2024-01-18 12:36:25.548252,,,
U000010,referido,signup,2024-03-10 08:20:32.700126,,,
U000010,referido,login,2024-03-10 16:01:05.423285,,,
U000010,referido,view_service,2024-03-11 09:21:44.200811,,,
U000011,referido,signup,2024-03-11 02:01:21.756515,,,
U000011,referido,login,2024-03-12 18:26:19.218914,,,
U000011,referido,view_service,2024-03-12 23:15:09.334108,,,
U000011,referido,start_application,2024-03-13 10:58:04.686522,,,
U000011,referido,complete_kyc,2024-03-17 06:31:37.899765,,,kyc_rejected
U000012,referido,signup,2024-02-25 09:26:48.621936,,,
U000012,referido,login,2024-02-27 08:44:37.440521,,,
U000013,organico,signup,2024-01-24 05:53:57.142804,,,
U000013,organico,login,2024-01-25 21:05:12.192624,,,
U000014,pagado,signup,2024-01-17 09:20:18.248216,,,
U000015,referido,signup,2024-02-07 13:56:37.878093,,,
U000015,referido,login,2024-02-08 11:40:12.148314,,,
U000015,referido,view_service,2024-02-08 13:15:12.461095,,,
U000015,referido,start_application,2024-02-10 05:10:49.507959,,,
U000015,referido,complete_kyc,2024-02-12 13:52:35.219293,,,kyc_approved
U000015,referido,first_transaction,2024-02-12 16:47:47.411653,29.33,False,
U000015,referido,repeat_transaction,2024-02-14 08:06:06.086926,36.17,False,
U000015,referido,repeat_transaction,2024-02-21 08:36:03.207329,20.14,False,
U000015,referido,repeat_transaction,2024-02-23 13:10:48.900898,67.73,False,
U000015,referido,repeat_transaction,2024-02-29 16:31:32.010268,63.08,False,
U000015,referido,repeat_transaction,2024-03-08 18:00:12.074596,38.33,False,
U000015,referido,repeat_transaction,2024-03-11 11:07:54.824004,80.57,False,
U000016,organico,signup,2024-02-09 14:08:18.303921,,,
U000016,organico,login,2024-02-11 13:22:47.752969,,,
U000016,organico,view_service,2024-02-11 23:04:21.759912,,,
U000016,organico,start_application,2024-02-14 13:07:37.079222,,,
U000016,organico,complete_kyc,2024-02-15 13:22:25.126824,,,kyc_approved
U000016,organico,first_transaction,2024-02-16 09:40:54.396797,50.77,False,
U000016,organico,repeat_transaction,2024-02-18 01:57:53.685997,20.06,False,
U000016,organico,repeat_transaction,2024-02-26 18:51:13.541580,47.38,False,
U000016,organico,repeat_transaction,2024-03-04 15:43:01.411153,18.7,False,
U000016,organico,repeat_transaction,2024-03-05 18:54:17.120364,67.69,False,
U000016,organico,repeat_transaction,2024-03-13 13:40:29.656290,35.34,False,
U000016,organico,repeat_transaction,2024-03-18 05:27:37.227754,32.16,False,
U000016,organico,repeat_transaction,2024-03-27 00:13:29.374152,22.72,False,
U000016,organico,repeat_transaction,2024-03-29 11:47:11.199754,86.12,True,
U000016,organico,repeat_transaction,2024-04-03 00:07:03.158454,32.85,False,
U000016,organico,repeat_transaction,2024-04-11 01:42:19.746297,27.12,False,
U000016,organico,repeat_transaction,2024-04-18 08:10:09.299496,28.6,False,
U000016,organico,repeat_transaction,2024-04-26 09:22:31.224045,53.12,False,
U000016,organico,repeat_transaction,2024-05-01 18:29:46.913747,47.27,False,
U000016,organico,repeat_transaction,2024-05-04 17:31:11.132354,48.86,False,
U000017,organico,signup,2024-01-30 06:35:23.298709,,,
U000017,organico,login,2024-01-31 08:07:50.689475,,,
U000017,organico,view_service,2024-01-31 20:20:35.662486,,,
U000018,organico,signup,2024-01-08 23:28:44.852660,,,
U000018,organico,login,2024-01-10 02:51:59.680384,,,
U000018,organico,view_service,2024-01-10 03:52:06.206507,,,
U000018,organico,start_application,2024-01-12 03:14:00.676399,,,
U000018,organico,complete_kyc,2024-01-14 09:42:45.692817,,,kyc_approved
U000018,organico,first_transaction,2024-01-15 17:53:33.239906,49.48,False,
U000018,organico,repeat_transaction,2024-01-22 18:58:39.557280,163.88,False,
U000018,organico,repeat_transaction,2024-01-26 15:16:18.945101,27.54,False,
U000018,organico,repeat_transaction,2024-01-28 06:56:28.470931,25.57,False,
U000019,referido,signup,2024-03-31 17:19:35.704824,,,
U000019,referido,login,2024-04-02 14:07:46.951965,,,
U000020,referido,signup,2024-03-05 22:19:35.416438,,,
U000020,referido,login,2024-03-05 22:48:04.433035,,,
U000021,organico,signup,2024-03-02 15:27:14.199916,,,
U000021,organico,login,2024-03-02 20:40:51.483912,,,
U000021,organico,view_service,2024-03-03 03:15:13.346778,,,
U000022,pagado,signup,2024-01-20 22:59:30.860306,,,
U000022,pagado,login,2024-01-22 18:27:27.084828,,,
U000023,organico,signup,2024-02-09 09:33:50.378807,,,
U000023,organico,login,2024-02-10 16:10:54.209589,,,
U000023,organico,view_service,2024-02-11 09:59:03.138507,,,
U000024,organico,signup,2024-01-02 22:41:32.653665,,,
U000024,organico,login,2024-01-04 00:55:34.243136,,,
U000025,pagado,signup,2024-01-15 10:56:28.569439,,,
U000025,pagado,login,2024-01-17 01:10:31.899694,,,
U000026,referido,signup,2024-01-21 03:45:14.531599,,,
U000026,referido,login,2024-01-22 22:12:14.719517,,,
U000026,referido,view_service,2024-01-23 13:07:08.154922,,,
U000026,referido,start_application,2024-01-26 08:04:38.557024,,,
U000026,referido,complete_kyc,2024-01-29 19:08:49.995384,,,kyc_rejected
U000027,pagado,signup,2024-03-21 08:27:13.949130,,,
U000027,pagado,login,2024-03-23 05:08:23.840520,,,
U000028,referido,signup,2024-03-15 05:37:18.698991,,,
U000028,referido,login,2024-03-16 23:29:55.139035,,,
U000029,organico,signup,2024-03-15 22:52:27.644598,,,
U000029,organico,login,2024-03-16 09:52:34.210447,,,
U000029,organico,view_service,2024-03-16 14:33:05.860797,,,
U000029,organico,start_application,2024-03-19 04:47:54.976312,,,
U000029,organico,complete_kyc,2024-03-23 01:38:11.450284,,,kyc_approved
U000029,organico,first_transaction,2024-03-23 20:52:51.990883,20.7,False,
U000029,organico,repeat_transaction,2024-03-25 21:47:41.737123,56.33,False,
U000030,organico,signup,2024-03-28 21:26:43.133084,,,
U000030,organico,login,2024-03-30 08:26:33.443343,,,
U000030,organico,view_service,2024-03-30 23:00:40.770675,,,
U000031,organico,signup,2024-02-23 03:32:36.650760,,,
U000031,organico,login,2024-02-24 23:58:42.832299,,,
U000031,organico,view_service,2024-02-25 17:15:32.086825,,,
U000032,pagado,signup,2024-02-01 00:45:57.792000,,,
U000032,pagado,login,2024-02-01 15:15:05.363930,,,
U000032,pagado,view_service,2024-02-02 01:04:57.000511,,,
U000033,organico,signup,2024-01-29 15:12:07.999837,,,
U000033,organico,login,2024-01-30 11:53:37.912421,,,
U000033,organico,view_service,2024-01-31 03:37:26.631297,,,
U000034,organico,signup,2024-03-13 19:29:09.871377,,,
U000034,organico,login,2024-03-15 01:54:14.192545,,,
U000034,organico,view_service,2024-03-15 21:33:18.663657,,,
U000035,pagado,signup,2024-01-22 10:00:10.644982,,,
U000035,pagado,login,2024-01-23 08:51:43.156179,,,
U000036,organico,signup,2024-02-08 22:18:25.030414,,,
U000036,organico,login,2024-02-09 22:05:15.429438,,,
U000036,organico,view_service,2024-02-10 13:51:00.751156,,,
U000036,organico,start_application,2024-02-12 19:56:40.396284,,,
U000036,organico,complete_kyc,2024-02-15 21:59:02.275916,,,kyc_approved
U000036,organico,first_transaction,2024-02-16 06:30:32.175309,80.66,False,
U000036,organico,repeat_transaction,2024-02-22 06:54:30.920749,33.79,False,
U000037,organico,signup,2024-02-21 14:53:37.601457,,,
U000037,organico,login,2024-02-23 06:01:57.323581,,,
U000038,organico,signup,2024-03-24 01:30:29.320110,,,
U000038,organico,login,2024-03-24 23:09:59.349050,,,
U000039,pagado,signup,2024-01-23 23:19:40.829081,,,
U000039,pagado,login,2024-01-24 15:30:54.378296,,,
U000040,organico,signup,2024-01-15 22:59:13.445976,,,
U000040,organico,login,2024-01-16 18:57:33.265945,,,
U000040,organico,view_service,2024-01-17 06:10:05.259380,,,
U000040,organico,start_application,2024-01-19 18:09:10.809652,,,
U000040,organico,complete_kyc,2024-01-21 07:50:52.937847,,,kyc_approved
U000041,organico,signup,2024-03-21 20:02:05.933329,,,
U000041,organico,login,2024-03-22 10:26:18.699104,,,
U000041,organico,view_service,2024-03-23 07:50:36.032853,,,
U000042,pagado,signup,2024-03-08 22:00:23.066411,,,
U000042,pagado,login,2024-03-09 11:10:48.031571,,,
U000042,pagado,view_service,2024-03-09 20:32:35.299635,,,
U000043,pagado,signup,2024-03-08 00:24:14.081718,,,
U000044,pagado,signup,2024-01-09 23:36:47.609070,,,
U000044,pagado,login,2024-01-10 12:10:28.963842,,,
U000044,pagado,view_service,2024-01-10 23:06:53.139645,,,
U000044,pagado,start_application,2024-01-13 14:27:39.153622,,,
U000044,pagado,complete_kyc,2024-01-14 17:32:03.778079,,,kyc_rejected
U000045,organico,signup,2024-01-07 15:21:03.551121,,,
U000045,organico,login,2024-01-09 13:18:17.880464,,,
U000045,organico,view_service,2024-01-09 14:05:53.286967,,,
U000045,organico,start_application,2024-01-12 02:32:19.281539,,,
U000045,organico,complete_kyc,2024-01-14 14:22:34.480273,,,kyc_approved
U000045,organico,first_transaction,2024-01-14 19:57:19.796360,20.33,False,
U000045,organico,repeat_transaction,2024-01-22 17:36:19.757642,20.55,False,
U000045,organico,repeat_transaction,2024-01-29 04:46:15.408892,57.71,False,
U000045,organico,repeat_transaction,2024-01-31 05:30:36.169676,61.58,False,
U000045,organico,repeat_transaction,2024-02-09 21:53:23.042787,53.53,False,
U000045,organico,repeat_transaction,2024-02-11 03:26:10.586454,22.97,False,
U000046,pagado,signup,2024-03-28 15:10:22.933636,,,
U000046,pagado,login,2024-03-30 00:21:12.483519,,,
U000046,pagado,view_service,2024-03-30 02:50:38.414075,,,
U000047,referido,signup,2024-03-12 18:49:30.858626,,,
U000047,referido,login,2024-03-13 19:09:38.737198,,,
U000047,referido,view_service,2024-03-14 15:33:29.147758,,,
U000048,organico,signup,2024-03-29 02:33:18.675828,,,
U000048,organico,login,2024-03-29 23:30:54.079113,,,
U000048,organico,view_service,2024-03-30 22:41:17.224220,,,
U000048,organico,start_application,2024-04-02 08:53:51.510016,,,
U000048,organico,complete_kyc,2024-04-04 12:47:35.355253,,,kyc_approved
U000048,organico,first_transaction,2024-04-05 23:54:33.515648,43.06,False,
U000049,pagado,signup,2024-01-10 16:21:03.629579,,,
U000049,pagado,login,2024-01-11 21:41:09.228657,,,
U000049,pagado,view_service,2024-01-11 22:25:23.742465,,,
U000050,organico,signup,2024-01-21 21:19:36.670628,,,
U000050,organico,login,2024-01-23 07:00:48.796535,,,
U000050,organico,view_service,2024-01-23 07:18:24.025622,,,
U000051,organico,signup,2024-03-07 07:05:13.714042,,,
U000051,organico,login,2024-03-08 14:07:33.210073,,,
U000051,organico,view_service,2024-03-09 09:09:59.881963,,,
U000051,organico,start_application,2024-03-10 01:11:57.894261,,,
U000051,organico,complete_kyc,2024-03-12 19:45:54.318251,,,kyc_approved
U000051,organico,first_transaction,2024-03-13 18:32:03.356933,39.71,False,
U000051,organico,repeat_transaction,2024-03-19 17:25:05.433349,42.65,False,
U000051,organico,repeat_transaction,2024-03-24 19:25:37.749744,67.36,False,
U000051,organico,repeat_transaction,2024-03-27 21:13:24.130658,42.8,False,
U000051,organico,repeat_transaction,2024-03-31 17:22:54.211917,58.86,False,
U000051,organico,repeat_transaction,2024-04-10 06:46:16.602879,38.37,False,
U000051,organico,repeat_transaction,2024-04-13 00:08:38.863492,44.81,False,
U000051,organico,repeat_transaction,2024-04-16 11:52:04.973423,56.93,False,
U000051,organico,repeat_transaction,2024-04-24 08:04:22.632865,13.2,False,
U000051,organico,repeat_transaction,2024-05-04 03:51:47.699113,29.26,False,
U000051,organico,repeat_transaction,2024-05-07 19:51:08.948948,26.33,False,
U000051,organico,repeat_transaction,2024-05-11 13:08:32.225984,23.4,False,
U000051,organico,repeat_transaction,2024-05-13 16:29:03.135562,30.19,False,
U000052,organico,signup,2024-01-29 05:40:23.890761,,,
U000052,organico,login,2024-01-29 10:41:14.104573,,,
U000052,organico,view_service,2024-01-29 17:32:49.841359,,,
U000053,organico,signup,2024-03-29 03:32:03.805982,,,
U000053,organico,login,2024-03-29 06:45:51.627933,,,
U000053,organico,view_service,2024-03-29 20:38:02.392044,,,
U000054,organico,signup,2024-03-15 22:50:45.240615,,,
U000054,organico,login,2024-03-17 01:40:39.354704,,,
U000054,organico,view_service,2024-03-17 16:00:17.411315,,,
U000055,pagado,signup,2024-02-06 03:25:14.309542,,,
U000055,pagado,login,2024-02-07 00:03:41.726486,,,
U000055,pagado,view_service,2024-02-07 01:33:14.783329,,,
U000056,organico,signup,2024-03-11 06:31:28.222089,,,
U000056,organico,login,2024-03-11 18:06:50.573327,,,
U000056,organico,view_service,2024-03-11 21:54:46.815431,,,
U000057,pagado,signup,2024-02-13 07:47:39.520269,,,
U000057,pagado,login,2024-02-15 01:04:10.105021,,,
U000057,pagado,view_service,2024-02-15 06:42:35.905588,,,
U000057,pagado,start_application,2024-02-17 15:42:02.471915,,,
U000057,pagado,complete_kyc,2024-02-20 00:31:32.132684,,,kyc_approved
U000057,pagado,first_transaction,2024-02-20 06:07:24.158280,104.22,False,
U000057,pagado,repeat_transaction,2024-02-28 16:40:32.548024,19.96,False,
U000057,pagado,repeat_transaction,2024-03-02 04:30:54.108922,72.08,False,
U000057,pagado,repeat_transaction,2024-03-09 22:17:23.633603,11.27,False,
U000057,pagado,repeat_transaction,2024-03-13 12:37:47.227070,28.95,False,
U000057,pagado,repeat_transaction,2024-03-20 17:23:03.233037,41.01,False,
U000058,referido,signup,2024-02-16 12:52:15.556220,,,
U000058,referido,login,2024-02-17 09:39:54.579068,,,
U000058,referido,view_service,2024-02-17 15:42:41.299614,,,
U000058,referido,start_application,2024-02-20 12:58:22.369306,,,
U000058,referido,complete_kyc,2024-02-23 21:18:24.940767,,,kyc_approved
U000059,referido,signup,2024-03-02 18:35:47.352186,,,
U000059,referido,login,2024-03-03 17:14:00.514148,,,
U000059,referido,view_service,2024-03-04 15:13:24.309923,,,
U000059,referido,start_application,2024-03-06 09:24:31.030130,,,
U000059,referido,complete_kyc,2024-03-08 22:31:50.016678,,,kyc_approved
U000059,referido,first_transaction,2024-03-09 15:17:52.421225,55.17,False,
U000060,referido,signup,2024-02-01 09:01:26.693422,,,
U000060,referido,login,2024-02-03 00:05:38.020452,,,
U000060,referido,view_service,2024-02-03 11:02:13.110292,,,
U000060,referido,start_application,2024-02-04 10:22:49.297132,,,
U000060,referido,complete_kyc,2024-02-08 07:31:58.806209,,,kyc_approved
U000060,referido,first_transaction,2024-02-10 06:57:50.083606,60.21,False,
U000060,referido,repeat_transaction,2024-02-11 18:40:19.180395,63.77,False,
U000060,referido,repeat_transaction,2024-02-18 09:09:39.279730,28.67,False,
U000060,referido,repeat_transaction,2024-02-23 08:38:30.326900,26.48,False,
U000060,referido,repeat_transaction,2024-02-26 18:19:33.257781,66.73,False,
U000060,referido,repeat_transaction,2024-03-01 08:32:24.720924,32.01,False,
U000060,referido,repeat_transaction,2024-03-06 17:14:16.614232,14.98,False,
U000060,referido,repeat_transaction,2024-03-13 09:19:21.936830,16.56,False,
U000061,pagado,signup,2024-01-29 23:32:54.549876,,,
U000061,pagado,login,2024-01-31 15:57:06.545614,,,
U000061,pagado,view_service,2024-02-01 14:41:02.122820,,,
U000062,organico,signup,2024-03-26 05:32:07.032854,,,
U000062,organico,login,2024-03-27 04:44:49.259905,,,
U000062,organico,view_service,2024-03-27 15:44:13.389584,,,
U000062,organico,start_application,2024-03-28 05:32:30.978000,,,
U000062,organico,complete_kyc,2024-03-30 15:16:56.996424,,,kyc_approved
U000062,organico,first_transaction,2024-03-30 18:43:35.046551,19.23,False,
U000063,organico,signup,2024-03-13 03:52:54.265312,,,
U000063,organico,login,2024-03-14 20:05:48.613406,,,
U000063,organico,view_service,2024-03-15 11:57:08.705134,,,
U000064,organico,signup,2024-02-14 22:09:21.426224,,,
U000064,organico,login,2024-02-16 18:56:22.469200,,,
U000065,referido,signup,2024-01-23 21:00:40.592784,,,
U000065,referido,login,2024-01-24 12:21:06.918652,,,
U000065,referido,view_service,2024-01-25 10:16:42.867721,,,
U000065,referido,start_application,2024-01-28 09:26:43.947983,,,
U000065,referido,complete_kyc,2024-01-31 13:37:08.888532,,,kyc_approved
U000065,referido,first_transaction,2024-02-02 11:56:03.214685,51.83,False,
U000066,organico,signup,2024-01-11 21:04:06.552591,,,
U000066,organico,login,2024-01-11 21:54:13.092376,,,
U000066,organico,view_service,2024-01-12 18:48:44.933166,,,
U000067,organico,signup,2024-03-12 14:27:18.633092,,,
U000067,organico,login,2024-03-12 18:24:08.206973,,,
U000067,organico,view_service,2024-03-13 10:36:11.310205,,,
U000068,referido,signup,2024-02-28 07:11:05.118169,,,
U000068,referido,login,2024-02-29 12:51:39.827728,,,
U000068,referido,view_service,2024-03-01 05:18:08.759033,,,
U000068,referido,start_application,2024-03-01 21:45:31.307929,,,
U000068,referido,complete_kyc,2024-03-02 06:53:23.721847,,,kyc_rejected
U000069,pagado,signup,2024-03-05 10:48:58.914426,,,
U000069,pagado,login,2024-03-05 12:18:10.578112,,,
U000069,pagado,view_service,2024-03-05 13:41:49.177959,,,
U000069,pagado,start_application,2024-03-06 20:45:48.146127,,,
U000069,pagado,complete_kyc,2024-03-07 20:35:03.223312,,,kyc_approved
U000069,pagado,first_transaction,2024-03-08 05:18:32.232760,40.44,False,
U000069,pagado,repeat_transaction,2024-03-14 19:09:59.015335,59.34,False,
U000069,pagado,repeat_transaction,2024-03-24 00:20:14.858195,27.14,False,
U000069,pagado,repeat_transaction,2024-03-29 03:56:45.030820,40.89,False,
U000069,pagado,repeat_transaction,2024-04-01 11:05:47.079085,56.71,True,
U000069,pagado,repeat_transaction,2024-04-09 16:53:49.759741,29.47,False,
U000069,pagado,repeat_transaction,2024-04-16 19:15:39.984461,50.39,False,
U000069,pagado,repeat_transaction,2024-04-21 18:40:29.064191,23.03,False,
U000070,pagado,signup,2024-02-28 22:17:27.641834,,,
U000070,pagado,login,2024-02-29 07:56:00.621160,,,
U000070,pagado,view_service,2024-02-29 19:33:22.820185,,,
U000070,pagado,start_application,2024-03-02 12:46:39.289873,,,
U000070,pagado,complete_kyc,2024-03-04 20:10:19.631468,,,kyc_rejected
U000071,organico,signup,2024-03-30 16:09:27.368166,,,
U000071,organico,login,2024-04-01 01:06:26.632693,,,
U000071,organico,view_service,2024-04-01 02:19:55.227995,,,
U000072,organico,signup,2024-02-27 13:23:28.533726,,,
U000072,organico,login,2024-02-29 05:38:51.386175,,,
U000072,organico,view_service,2024-03-01 03:20:02.853540,,,
U000073,organico,signup,2024-01-10 09:46:14.672823,,,
U000073,organico,login,2024-01-10 16:12:04.308346,,,
U000073,organico,view_service,2024-01-11 15:31:06.140038,,,
U000074,referido,signup,2024-02-15 04:08:49.330962,,,
U000074,referido,login,2024-02-15 09:45:49.195315,,,
U000075,organico,signup,2024-03-29 20:17:01.776354,,,
U000076,referido,signup,2024-03-14 18:41:16.484173,,,
U000076,referido,login,2024-03-15 20:29:23.013011,,,
U000076,referido,view_service,2024-03-16 12:39:14.276096,,,
U000077,pagado,signup,2024-03-16 22:59:18.153789,,,
U000077,pagado,login,2024-03-17 00:17:13.404374,,,
U000078,pagado,signup,2024-03-24 14:15:56.072473,,,
U000078,pagado,login,2024-03-26 09:55:30.876844,,,
U000078,pagado,view_service,2024-03-26 19:45:14.145531,,,
U000078,pagado,start_application,2024-03-29 15:53:24.480702,,,
U000078,pagado,complete_kyc,2024-03-30 21:27:25.024804,,,kyc_approved
U000078,pagado,first_transaction,2024-04-01 16:03:24.019967,28.39,False,
U000078,pagado,repeat_transaction,2024-04-11 05:07:22.505484,28.02,False,
U000078,pagado,repeat_transaction,2024-04-17 01:48:16.189930,15.85,False,
U000078,pagado,repeat_transaction,2024-04-24 14:44:59.689403,51.46,False,
U000078,pagado,repeat_transaction,2024-05-01 12:12:46.956894,26.35,False,
U000078,pagado,repeat_transaction,2024-05-08 01:11:38.118540,36.92,False,
U000078,pagado,repeat_transaction,2024-05-11 13:37:04.051471,51.24,False,
U000078,pagado,repeat_transaction,2024-05-14 12:32:52.958292,50.03,False,
U000078,pagado,repeat_transaction,2024-05-17 15:32:54.145780,58.31,False,
U000078,pagado,repeat_transaction,2024-05-27 11:25:43.539549,34.16,False,
U000078,pagado,repeat_transaction,2024-06-05 14:11:42.514330,27.21,False,
U000078,pagado,repeat_transaction,2024-06-07 03:16:26.263666,34.61,False,
U000079,referido,signup,2024-03-28 05:38:37.999005,,,
U000079,referido,login,2024-03-29 12:22:32.157876,,,
U000080,organico,signup,2024-02-02 00:06:41.326520,,,
U000080,organico,login,2024-02-03 15:57:35.114370,,,
U000080,organico,view_service,2024-02-04 06:03:13.063836,,,
U000081,organico,signup,2024-03-12 11:33:48.881380,,,
U000081,organico,login,2024-03-14 10:47:54.692436,,,
U000082,pagado,signup,2024-03-13 23:25:41.128442,,,
U000082,pagado,login,2024-03-14 16:41:16.427070,,,
U000083,pagado,signup,2024-01-03 16:27:21.458102,,,
U000083,pagado,login,2024-01-03 21:59:59.144564,,,
U000083,pagado,view_service,2024-01-04 08:47:09.433538,,,
U000083,pagado,start_application,2024-01-06 03:34:13.945603,,,
U000083,pagado,complete_kyc,2024-01-07 23:14:13.408968,,,kyc_approved
U000083,pagado,first_transaction,2024-01-09 10:10:19.191399,11.23,False,
U000084,organico,signup,2024-02-28 22:21:48.575636,,,
U000084,organico,login,2024-02-29 18:52:55.198545,,,
U000084,organico,view_service,2024-03-01 11:59:38.439915,,,
U000085,referido,signup,2024-01-31 03:19:17.552884,,,
U000085,referido,login,2024-02-01 07:27:37.839777,,,
U000085,referido,view_service,2024-02-01 16:37:59.417043,,,
U000086,organico,signup,2024-02-16 22:18:54.376952,,,
U000086,organico,login,2024-02-18 05:46:33.079347,,,
U000087,pagado,signup,2024-03-20 07:47:06.289861,,,
U000087,pagado,login,2024-03-21 23:31:06.460982,,,
U000087,pagado,view_service,2024-03-22 17:02:33.651390,,,
U000087,pagado,start_application,2024-03-23 15:36:47.252544,,,
U000087,pagado,complete_kyc,2024-03-24 16:27:18.364575,,,kyc_rejected
U000088,pagado,signup,2024-02-13 18:36:28.900056,,,
U000088,pagado,login,2024-02-15 06:22:25.821903,,,
U000088,pagado,view_service,2024-02-15 09:32:24.376310,,,
U000088,pagado,start_application,2024-02-18 06:25:17.093947,,,
U000088,pagado,complete_kyc,2024-02-20 12:33:43.840531,,,kyc_approved
U000088,pagado,first_transaction,2024-02-22 06:30:28.695799,13.29,False,
U000088,pagado,repeat_transaction,2024-02-29 18:15:25.479592,14.5,False,
U000088,pagado,repeat_transaction,2024-03-07 03:56:44.366528,18.21,False,
U000088,pagado,repeat_transaction,2024-03-13 08:46:33.806428,48.42,False,
U000088,pagado,repeat_transaction,2024-03-20 06:37:51.955632,19.42,False,
U000088,pagado,repeat_transaction,2024-03-22 06:00:22.569419,28.09,False,
U000088,pagado,repeat_transaction,2024-03-26 13:23:58.042377,90.87,False,
U000088,pagado,repeat_transaction,2024-04-01 17:24:18.205745,28.52,False,
U000088,pagado,repeat_transaction,2024-04-10 07:57:30.859194,61.33,False,
U000088,pagado,repeat_transaction,2024-04-18 16:44:19.585173,19.04,False,
U000088,pagado,repeat_transaction,2024-04-25 11:33:42.454967,31.7,False,
U000088,pagado,repeat_transaction,2024-05-04 20:14:38.399645,18.82,False,
U000088,pagado,repeat_transaction,2024-05-08 06:00:45.750725,28.87,False,
U000088,pagado,repeat_transaction,2024-05-15 13:47:44.316505,65.91,False,
U000089,organico,signup,2024-03-20 20:29:42.548615,,,
U000089,organico,login,2024-03-22 02:55:26.730477,,,
U000089,organico,view_service,2024-03-22 20:50:36.486597,,,
U000089,organico,start_application,2024-03-24 03:07:45.929283,,,
U000089,organico,complete_kyc,2024-03-25 12:11:05.967815,,,kyc_approved
U000089,organico,first_transaction,2024-03-27 01:29:43.502122,10.92,False,
U000089,organico,repeat_transaction,2024-03-29 11:06:02.435009,49.61,False,
U000090,organico,signup,2024-01-09 18:51:02.919070,,,
U000090,organico,login,2024-01-10 14:47:24.762830,,,
U000090,organico,view_service,2024-01-11 03:06:39.261316,,,
U000090,organico,start_application,2024-01-11 11:11:01.969952,,,
U000090,organico,complete_kyc,2024-01-14 04:27:13.281543,,,kyc_approved
U000090,organico,first_transaction,2024-01-14 19:19:37.121474,43.22,False,
U000091,organico,signup,2024-03-11 01:32:03.357577,,,
U000091,organico,login,2024-03-11 22:15:45.507735,,,
U000091,organico,view_service,2024-03-12 11:04:04.757768,,,
U000091,organico,start_application,2024-03-14 03:20:24.766025,,,
U000091,organico,complete_kyc,2024-03-16 19:38:19.727471,,,kyc_approved
U000091,organico,first_transaction,2024-03-18 07:16:57.333963,24.15,False,
U000091,organico,repeat_transaction,2024-03-27 01:29:54.080548,13.3,False,
U000091,organico,repeat_transaction,2024-04-02 05:21:09.672405,38.49,False,
U000092,organico,signup,2024-01-12 09:16:30.152533,,,
U000092,organico,login,2024-01-13 14:58:59.672937,,,
U000093,referido,signup,2024-01-10 18:37:41.405660,,,
U000093,referido,login,2024-01-11 19:49:33.506575,,,
U000093,referido,view_service,2024-01-12 03:18:25.379296,,,
U000093,referido,start_application,2024-01-13 03:21:16.861542,,,
U000093,referido,complete_kyc,2024-01-13 19:54:40.886568,,,kyc_approved
U000093,referido,first_transaction,2024-01-14 20:26:17.020195,25.26,False,
U000093,referido,repeat_transaction,2024-01-24 11:24:51.496375,43.07,False,
U000093,referido,repeat_transaction,2024-01-26 19:18:55.112847,37.16,False,
U000093,referido,repeat_transaction,2024-01-30 02:36:16.002276,112.31,False,
U000093,referido,repeat_transaction,2024-02-01 11:37:27.550207,30.95,False,
U000093,referido,repeat_transaction,2024-02-03 03:54:02.255742,17.88,False,
U000093,referido,repeat_transaction,2024-02-09 19:32:15.220941,41.49,False,
U000093,referido,repeat_transaction,2024-02-15 21:18:15.932746,42.69,False,
U000093,referido,repeat_transaction,2024-02-23 00:25:45.325484,94.77,False,
U000093,referido,repeat_transaction,2024-02-29 19:18:55.773014,65.67,False,
U000093,referido,repeat_transaction,2024-03-04 17:07:42.501716,46.98,False,
U000093,referido,repeat_transaction,2024-03-08 13:24:52.106072,101.93,False,
U000093,referido,repeat_transaction,2024-03-13 18:42:05.140622,15.92,False,
U000094,pagado,signup,2024-02-24 13:54:47.837152,,,
U000094,pagado,login,2024-02-24 15:48:52.830578,,,
U000094,pagado,view_service,2024-02-24 22:44:24.612329,,,
U000095,referido,signup,2024-01-10 17:17:54.111537,,,
U000095,referido,login,2024-01-12 15:06:21.787383,,,
U000095,referido,view_service,2024-01-12 16:08:18.765771,,,
U000096,pagado,signup,2024-01-19 13:07:02.584442,,,
U000097,organico,signup,2024-03-15 19:47:07.313045,,,
U000097,organico,login,2024-03-17 02:50:05.468642,,,
U000097,organico,view_service,2024-03-17 19:49:56.611989,,,
U000098,pagado,signup,2024-02-26 05:54:47.623282,,,
U000098,pagado,login,2024-02-27 19:06:36.331424,,,
U000098,pagado,view_service,2024-02-27 20:24:51.286346,,,
U000099,organico,signup,2024-02-01 05:31:23.333348,,,
U000099,organico,login,2024-02-02 22:24:47.419220,,,
U000100,pagado,signup,2024-01-15 14:45:44.764299,,,
U000100,pagado,login,2024-01-16 05:43:21.125122,,,
U000100,pagado,view_service,2024-01-16 21:37:50.418352,,,
U000100,pagado,start_application,2024-01-19 00:41:45.014632,,,
U000100,pagado,complete_kyc,2024-01-19 09:17:11.410959,,,kyc_approved
U000100,pagado,first_transaction,2024-01-20 01:07:13.907974,23.39,False,
U000101,referido,signup,2024-04-01 15:46:23.648366,,,
U000101,referido,login,2024-04-02 16:13:47.402965,,,
U000101,referido,view_service,2024-04-02 23:40:37.835526,,,
U000102,organico,signup,2024-03-11 03:30:19.923014,,,
U000102,organico,login,2024-03-11 17:46:26.313023,,,
U000103,pagado,signup,2024-02-20 07:37:56.259284,,,
U000103,pagado,login,2024-02-22 01:42:41.428981,,,
U000103,pagado,view_service,2024-02-22 16:03:56.017130,,,
U000103,pagado,start_application,2024-02-23 05:10:06.187272,,,
U000103,pagado,complete_kyc,2024-02-25 23:50:06.518600,,,kyc_approved
U000104,pagado,signup,2024-03-29 20:57:56.424577,,,
U000104,pagado,login,2024-03-30 08:16:27.892298,,,
U000104,pagado,view_service,2024-03-31 07:27:01.634357,,,
U000105,referido,signup,2024-02-16 16:19:34.728437,,,
U000105,referido,login,2024-02-17 21:23:22.893337,,,
U000106,organico,signup,2024-02-14 14:59:05.662882,,,
U000106,organico,login,2024-02-15 15:47:49.077672,,,
U000106,organico,view_service,2024-02-15 17:51:20.790982,,,
U000106,organico,start_application,2024-02-17 02:15:42.577984,,,
U000106,organico,complete_kyc,2024-02-19 03:47:13.249284,,,kyc_approved
U000106,organico,first_transaction,2024-02-20 23:30:00.723505,19.13,False,
U000107,referido,signup,2024-02-08 17:41:31.962265,,,
U000107,referido,login,2024-02-08 21:42:04.003858,,,
U000107,referido,view_service,2024-02-09 05:23:01.013819,,,
U000107,referido,start_application,2024-02-11 08:52:15.067719,,,
U000107,referido,complete_kyc,2024-02-12 17:23:27.892083,,,kyc_approved
U000107,referido,first_transaction,2024-02-14 13:26:03.687916,27.86,False,
U000108,pagado,signup,2024-02-13 20:02:46.438180,,,
U000108,pagado,login,2024-02-14 06:28:33.942316,,,
U000108,pagado,view_service,2024-02-15 05:02:40.223668,,,
U000109,organico,signup,2024-03-12 02:14:10.506955,,,
U000109,organico,login,2024-03-13 08:56:31.343651,,,
U000109,organico,view_service,2024-03-13 10:29:46.576211,,,
U000110,organico,signup,2024-02-19 21:02:35.133816,,,
U000110,organico,login,2024-02-20 11:05:42.075388,,,
U000110,organico,view_service,2024-02-20 19:35:41.874325,,,
U000111,organico,signup,2024-03-02 15:54:28.150886,,,
U000112,pagado,signup,2024-03-13 06:50:00.915208,,,
U000112,pagado,login,2024-03-13 09:01:07.991484,,,
U000112,pagado,view_service,2024-03-13 18:00:34.123300,,,
U000113,organico,signup,2024-01-08 07:42:56.400868,,,
U000113,organico,login,2024-01-09 11:41:19.809637,,,
U000114,organico,signup,2024-02-14 06:00:07.209564,,,
U000114,organico,login,2024-02-16 03:18:02.481753,,,
U000114,organico,view_service,2024-02-16 08:10:43.657155,,,
U000115,referido,signup,2024-01-30 17:07:43.652992,,,
U000115,referido,login,2024-01-31 15:54:16.708930,,,
U000115,referido,view_service,2024-02-01 07:26:52.469937,,,
U000115,referido,start_application,2024-02-03 21:32:08.407164,,,
U000115,referido,complete_kyc,2024-02-04 02:36:03.434138,,,kyc_approved
U000115,referido,first_transaction,2024-02-05 16:59:22.039580,13.96,False,
U000115,referido,repeat_transaction,2024-02-14 18:13:52.155657,57.09,False,
U000115,referido,repeat_transaction,2024-02-24 12:33:19.614821,31.33,False,
U000115,referido,repeat_transaction,2024-03-01 00:01:13.804824,13.07,False,
U000115,referido,repeat_transaction,2024-03-06 16:11:02.708533,17.98,False,
U000115,referido,repeat_transaction,2024-03-14 05:14:01.146342,45.58,False,
U000115,referido,repeat_transaction,2024-03-20 15:21:48.831512,65.8,False,
U000115,referido,repeat_transaction,2024-03-26 13:11:09.722887,148.07,False,
U000115,referido,repeat_transaction,2024-03-28 06:28:51.308139,281.38,False,
U000116,organico,signup,2024-02-02 16:21:28.831881,,,
U000116,organico,login,2024-02-04 16:16:09.920961,,,
U000116,organico,view_service,2024-02-05 15:47:27.872973,,,
U000117,organico,signup,2024-02-28 17:44:47.576269,,,
U000117,organico,login,2024-03-01 15:29:06.579763,,,
U000117,organico,view_service,2024-03-02 06:05:11.515487,,,
U000118,organico,signup,2024-01-08 19:54:30.359442,,,
U000118,organico,login,2024-01-09 23:10:46.025461,,,
U000118,organico,view_service,2024-01-10 15:29:34.756008,,,
U000119,organico,signup,2024-03-11 06:02:11.694354,,,
U000119,organico,login,2024-03-12 13:15:01.947792,,,
U000119,organico,view_service,2024-03-12 16:01:03.487169,,,
U000120,organico,signup,2024-02-06 09:22:22.389395,,,
U000120,organico,login,2024-02-07 06:50:57.724898,,,
U000121,organico,signup,2024-03-24 23:22:59.697468,,,
U000121,organico,login,2024-03-25 21:08:09.938112,,,
U000122,organico,signup,2024-01-10 13:59:39.490916,,,
U000122,organico,login,2024-01-11 06:44:09.508741,,,
U000122,organico,view_service,2024-01-11 19:46:15.523506,,,
U000123,referido,signup,2024-03-06 23:45:48.425821,,,
U000123,referido,login,2024-03-08 00:13:58.266519,,,
U000123,referido,view_service,2024-03-08 05:05:46.794122,,,
U000123,referido,start_application,2024-03-10 14:01:26.957181,,,
U000123,referido,complete_kyc,2024-03-10 17:02:03.405598,,,kyc_approved
U000123,referido,first_transaction,2024-03-12 07:37:46.833679,48.92,False,
U000123,referido,repeat_transaction,2024-03-13 21:49:52.560335,18.31,False,
U000123,referido,repeat_transaction,2024-03-21 08:41:20.126536,8.23,False,
U000124,organico,signup,2024-02-08 10:10:26.513498,,,
U000124,organico,login,2024-02-08 13:49:35.529506,,,
U000124,organico,view_service,2024-02-09 02:16:02.309725,,,
U000124,organico,start_application,2024-02-11 13:58:34.576716,,,
U000124,organico,complete_kyc,2024-02-13 19:07:32.700629,,,kyc_approved
U000124,organico,first_transaction,2024-02-14 01:24:23.143871,44.14,False,
U000125,pagado,signup,2024-02-17 22:23:58.546116,,,
U000125,pagado,login,2024-02-18 09:17:58.642012,,,
U000126,pagado,signup,2024-01-27 15:26:13.156390,,,
U000127,organico,signup,2024-02-27 20:47:40.485870,,,
U000127,organico,login,2024-02-29 01:14:31.934180,,,
U000127,organico,view_service,2024-02-29 05:23:32.851900,,,
U000128,referido,signup,2024-02-02 07:25:57.433714,,,
U000128,referido,login,2024-02-02 11:25:23.502812,,,
U000129,pagado,signup,2024-01-26 00:42:58.183316,,,
U000129,pagado,login,2024-01-26 02:16:00.683667,,,
U000130,pagado,signup,2024-02-29 01:46:12.012966,,,
U000130,pagado,login,2024-02-29 21:19:18.608278,,,
U000130,pagado,view_service,2024-03-01 13:51:50.870428,,,
U000130,pagado,start_application,2024-03-02 19:50:50.403218,,,
U000130,pagado,complete_kyc,2024-03-04 16:42:05.617061,,,kyc_approved
U000130,pagado,first_transaction,2024-03-06 10:04:00.103710,20.72,False,
U000131,organico,signup,2024-02-07 15:29:01.792936,,,
U000131,organico,login,2024-02-08 03:09:47.069676,,,
U000131,organico,view_service,2024-02-08 13:58:51.237830,,,
U000131,organico,start_application,2024-02-08 17:43:09.911560,,,
U000131,organico,complete_kyc,2024-02-12 12:30:13.237671,,,kyc_rejected
U000132,organico,signup,2024-03-29 13:03:24.842472,,,
U000132,organico,login,2024-03-30 23:41:56.228738,,,
U000132,organico,view_service,2024-03-31 03:33:54.731491,,,
U000133,organico,signup,2024-03-21 14:44:25.151748,,,
U000133,organico,login,2024-03-22 12:44:30.003687,,,
U000133,organico,view_service,2024-03-23 02:45:45.933022,,,
U000133,organico,start_application,2024-03-23 23:05:32.207647,,,
U000133,organico,complete_kyc,2024-03-26 08:39:19.161120,,,kyc_approved
U000133,organico,first_transaction,2024-03-26 22:26:33.612016,27.36,True,
U000133,organico,repeat_transaction,2024-04-04 21:03:11.188378,23.84,False,
U000133,organico,repeat_transaction,2024-04-12 18:02:46.208190,33.16,False,
U000133,organico,repeat_transaction,2024-04-17 08:34:18.476691,77.18,False,
U000134,organico,signup,2024-02-20 20:43:34.620584,,,
U000134,organico,login,2024-02-21 10:13:29.654233,,,
U000135,pagado,signup,2024-01-13 16:02:01.644622,,,
U000135,pagado,login,2024-01-14 08:22:33.513746,,,
U000136,pagado,signup,2024-01-06 05:08:38.811460,,,
U000136,pagado,login,2024-01-07 03:08:01.918623,,,
U000136,pagado,view_service,2024-01-07 15:31:48.822849,,,
U000136,pagado,start_application,2024-01-09 11:42:35.375305,,,
U000136,pagado,complete_kyc,2024-01-10 03:43:43.578677,,,kyc_rejected
U000137,pagado,signup,2024-01-29 06:25:08.913766,,,
U000137,pagado,login,2024-01-30 16:28:04.005988,,,
U000137,pagado,view_service,2024-01-31 12:03:17.870390,,,
U000137,pagado,start_application,2024-02-02 12:36:05.917018,,,
U000137,pagado,complete_kyc,2024-02-06 10:40:54.860137,,,kyc_approved
U000137,pagado,first_transaction,2024-02-07 21:31:29.767349,40.85,False,
U000137,pagado,repeat_transaction,2024-02-11 06:52:46.235149,32.75,False,
U000137,pagado,repeat_transaction,2024-02-21 00:50:37.652614,17.73,False,
U000137,pagado,repeat_transaction,2024-02-24 01:59:35.264606,11.33,False,
U000137,pagado,repeat_transaction,2024-02-29 09:46:12.238822,26.04,False,
U000137,pagado,repeat_transaction,2024-03-07 21:32:44.011512,35.25,False,
U000137,pagado,repeat_transaction,2024-03-12 07:40:00.017031,126.16,False,
U000137,pagado,repeat_transaction,2024-03-15 11:58:52.062197,40.09,False,
U000137,pagado,repeat_transaction,2024-03-22 19:17:37.122701,72.81,False,
U000138,organico,signup,2024-02-09 02:28:35.352049,,,
U000138,organico,login,2024-02-10 07:51:58.628697,,,
U000138,organico,view_service,2024-02-11 04:14:05.693193,,,
U000139,pagado,signup,2024-02-14 10:19:30.427141,,,
U000139,pagado,login,2024-02-15 11:57:42.858156,,,
U000139,pagado,view_service,2024-02-16 04:11:56.246827,,,
U000140,pagado,signup,2024-03-14 14:14:02.966800,,,
U000141,organico,signup,2024-01-29 19:21:13.828618,,,
U000141,organico,login,2024-01-31 05:13:06.946166,,,
U000141,organico,view_service,2024-01-31 16:58:48.791681,,,
U000142,pagado,signup,2024-03-26 19:48:30.189181,,,
U000142,pagado,login,2024-03-27 21:55:38.024009,,,
U000143,organico,signup,2024-02-02 20:02:39.992085,,,
U000143,organico,login,2024-02-04 17:54:14.289562,,,
U000143,organico,view_service,2024-02-05 16:05:02.400024,,,
U000144,pagado,signup,2024-01-22 02:04:56.446790,,,
U000144,pagado,login,2024-01-22 15:11:34.852509,,,
U000144,pagado,view_service,2024-01-23 08:59:14.472519,,,
U000144,pagado,start_application,2024-01-23 12:44:14.596409,,,
U000144,pagado,complete_kyc,2024-01-27 03:40:56.921258,,,kyc_approved
U000144,pagado,first_transaction,2024-01-27 08:34:55.057316,25.8,False,
U000144,pagado,repeat_transaction,2024-02-04 07:04:02.744093,15.97,True,
U000144,pagado,repeat_transaction,2024-02-10 05:56:36.899243,18.62,False,
U000144,pagado,repeat_transaction,2024-02-14 21:50:08.133566,22.03,False,
U000144,pagado,repeat_transaction,2024-02-23 19:34:11.679255,162.38,False,
U000144,pagado,repeat_transaction,2024-02-26 14:39:08.645157,20.59,False,
U000144,pagado,repeat_transaction,2024-03-01 12:01:28.650325,65.82,False,
U000144,pagado,repeat_transaction,2024-03-10 16:08:20.429438,19.45,False,
U000144,pagado,repeat_transaction,2024-03-16 20:09:06.524867,70.25,False,
U000144,pagado,repeat_transaction,2024-03-24 08:20:42.831468,47.92,False,
U000144,pagado,repeat_transaction,2024-04-02 13:36:10.266149,32.8,False,
U000144,pagado,repeat_transaction,2024-04-11 12:10:03.957282,35.57,False,
U000145,referido,signup,2024-04-01 03:25:08.272034,,,
U000145,referido,login,2024-04-03 01:36:18.207216,,,
U000146,referido,signup,2024-01-03 09:38:53.407554,,,
U000147,organico,signup,2024-03-27 07:42:58.022950,,,
U000147,organico,login,2024-03-27 13:12:42.830420,,,
U000147,organico,view_service,2024-03-28 00:15:10.436112,,,
U000147,organico,start_application,2024-03-28 13:44:26.203165,,,
U000147,organico,complete_kyc,2024-03-31 12:35:15.435635,,,kyc_approved
U000147,organico,first_transaction,2024-04-02 00:57:41.273089,23.14,False,
U000148,referido,signup,2024-03-16 22:39:53.130283,,,
U000148,referido,login,2024-03-17 07:36:56.800592,,,
U000148,referido,view_service,2024-03-17 15:24:57.736587,,,
U000148,referido,start_application,2024-03-18 10:15:59.397703,,,
U000148,referido,complete_kyc,2024-03-19 09:15:31.604416,,,kyc_approved
U000149,organico,signup,2024-03-07 01:42:02.588281,,,
U000149,organico,login,2024-03-07 04:46:35.308057,,,
U000149,organico,view_service,2024-03-07 12:10:28.150865,,,
U000150,pagado,signup,2024-03-23 06:20:27.771524,,,
U000150,pagado,login,2024-03-25 02:19:25.295260,,,
U000150,pagado,view_service,2024-03-25 17:05:38.301399,,,
U000150,pagado,start_application,2024-03-26 02:47:51.244983,,,
U000150,pagado,complete_kyc,2024-03-26 17:55:36.442123,,,kyc_approved
U000150,pagado,first_transaction,2024-03-27 13:56:44.860048,50.01,False,
U000150,pagado,repeat_transaction,2024-04-04 19:10:36.165656,26.62,False,
U000150,pagado,repeat_transaction,2024-04-12 15:44:18.206146,15.52,False,
U000150,pagado,repeat_transaction,2024-04-19 00:26:03.534543,14.96,False,
U000150,pagado,repeat_transaction,2024-04-24 17:56:37.510420,41.3,False,
U000150,pagado,repeat_transaction,2024-04-29 00:05:21.424184,110.54,False,
U000150,pagado,repeat_transaction,2024-05-01 00:19:34.980483,40.94,False,
U000150,pagado,repeat_transaction,2024-05-10 03:21:00.813885,33.68,False,
U000150,pagado,repeat_transaction,2024-05-15 23:16:07.752948,44.7,False,
U000150,pagado,repeat_transaction,2024-05-24 15:50:16.072298,91.3,False,
U000151,pagado,signup,2024-03-07 00:16:28.841355,,,
U000151,pagado,login,2024-03-07 03:02:22.679712,,,
U000151,pagado,view_service,2024-03-07 13:02:20.586469,,,
U000152,pagado,signup,2024-03-02 20:34:27.580612,,,
U000152,pagado,login,2024-03-02 20:49:07.568533,,,
U000152,pagado,view_service,2024-03-02 22:37:04.174257,,,
U000153,pagado,signup,2024-02-19 18:21:33.494271,,,
U000154,organico,signup,2024-01-28 00:26:07.723425,,,
U000154,organico,login,2024-01-29 11:28:06.404679,,,
U000155,organico,signup,2024-03-22 16:02:43.722441,,,
U000155,organico,login,2024-03-22 19:59:22.031170,,,
U000156,referido,signup,2024-01-14 19:54:17.494676,,,
U000157,organico,signup,2024-03-11 00:49:52.724927,,,
U000157,organico,login,2024-03-11 21:14:49.362374,,,
U000157,organico,view_service,2024-03-12 02:47:50.998212,,,
U000158,organico,signup,2024-01-19 20:07:21.975104,,,
U000158,organico,login,2024-01-21 03:50:46.464044,,,
U000158,organico,view_service,2024-01-22 02:19:08.898402,,,
U000159,organico,signup,2024-01-08 15:36:10.835211,,,
U000159,organico,login,2024-01-10 09:28:55.144534,,,
U000159,organico,view_service,2024-01-10 10:35:29.235399,,,
U000160,pagado,signup,2024-03-10 16:05:55.168113,,,
U000161,organico,signup,2024-03-25 01:14:39.262547,,,
U000161,organico,login,2024-03-26 16:32:41.138966,,,
U000161,organico,view_service,2024-03-27 13:34:52.131504,,,
U000162,pagado,signup,2024-02-08 11:53:37.464062,,,
U000162,pagado,login,2024-02-09 23:12:37.440194,,,
U000162,pagado,view_service,2024-02-10 15:30:59.275824,,,
U000163,organico,signup,2024-02-02 15:22:32.224354,,,
U000163,organico,login,2024-02-04 00:49:43.646110,,,
U000163,organico,view_service,2024-02-04 08:03:40.032100,,,
U000163,organico,start_application,2024-02-05 22:50:17.384055,,,
U000163,organico,complete_kyc,2024-02-06 22:21:02.247437,,,kyc_approved
U000164,organico,signup,2024-02-12 17:31:02.348199,,,
U000164,organico,login,2024-02-13 19:00:14.136606,,,
U000164,organico,view_service,2024-02-14 01:09:39.861170,,,
U000164,organico,start_application,2024-02-14 06:56:46.452150,,,
U000164,organico,complete_kyc,2024-02-16 02:24:03.162870,,,kyc_approved
U000164,organico,first_transaction,2024-02-17 18:13:45.982692,42.67,False,
U000164,organico,repeat_transaction,2024-02-24 04:27:38.164876,27.45,False,
U000164,organico,repeat_transaction,2024-02-26 21:06:13.942238,79.39,False,
U000164,organico,repeat_transaction,2024-03-05 09:33:13.696747,49.41,False,
U000164,organico,repeat_transaction,2024-03-10 17:06:10.631699,107.24,False,
U000164,organico,repeat_transaction,2024-03-14 17:01:23.679792,41.61,False,
U000164,organico,repeat_transaction,2024-03-15 20:20:07.169755,15.53,False,
U000164,organico,repeat_transaction,2024-03-25 12:08:38.677390,14.05,False,
U000164,organico,repeat_transaction,2024-04-04 12:03:05.870047,116.24,False,
U000164,organico,repeat_transaction,2024-04-07 16:27:06.328250,122.31,False,
U000164,organico,repeat_transaction,2024-04-10 12:37:35.748230,32.28,False,
U000165,pagado,signup,2024-03-12 04:14:45.121642,,,
U000165,pagado,login,2024-03-12 16:52:28.808668,,,
U000165,pagado,view_service,2024-03-13 04:50:04.056879,,,
U000165,pagado,start_application,2024-03-16 03:29:28.526249,,,
U000165,pagado,complete_kyc,2024-03-18 00:49:39.333340,,,kyc_approved
U000166,organico,signup,2024-02-08 19:35:23.142872,,,
U000166,organico,login,2024-02-09 08:10:51.030385,,,
U000167,pagado,signup,2024-02-08 17:37:35.445805,,,
U000167,pagado,login,2024-02-10 09:38:40.512429,,,
U000167,pagado,view_service,2024-02-11 01:22:20.811268,,,
U000168,organico,signup,2024-02-15 07:43:26.637158,,,
U000168,organico,login,2024-02-16 18:19:37.502403,,,
U000168,organico,view_service,2024-02-17 16:20:12.567782,,,
U000169,pagado,signup,2024-03-27 17:38:36.575647,,,
U000169,pagado,login,2024-03-29 10:06:04.986616,,,
U000169,pagado,view_service,2024-03-30 03:05:17.146399,,,
U000169,pagado,start_application,2024-03-31 15:33:01.055332,,,
U000169,pagado,complete_kyc,2024-04-02 03:41:27.453478,,,kyc_approved
U000169,pagado,first_transaction,2024-04-03 09:19:20.052103,27.99,False,
U000169,pagado,repeat_transaction,2024-04-09 04:16:48.480449,101.8,False,
U000170,organico,signup,2024-03-07 12:47:38.375454,,,
U000170,organico,login,2024-03-08 22:19:17.194557,,,
U000170,organico,view_service,2024-03-09 20:52:39.155678,,,
U000170,organico,start_application,2024-03-12 14:59:06.918578,,,
U000170,organico,complete_kyc,2024-03-14 17:33:50.619519,,,kyc_approved
U000170,organico,first_transaction,2024-03-15 05:45:17.613292,16.86,False,
U000171,organico,signup,2024-03-28 19:05:57.052515,,,
U000171,organico,login,2024-03-29 09:34:04.679495,,,
U000172,organico,signup,2024-03-31 21:36:53.388919,,,
U000172,organico,login,2024-04-01 15:46:52.509308,,,
U000172,organico,view_service,2024-04-02 07:04:52.928382,,,
U000173,organico,signup,2024-03-18 17:23:24.468049,,,
U000174,referido,signup,2024-03-23 10:48:31.217036,,,
U000174,referido,login,2024-03-24 20:04:09.310171,,,
U000174,referido,view_service,2024-03-25 02:36:43.125616,,,
U000175,pagado,signup,2024-01-18 23:48:57.561688,,,
U000175,pagado,login,2024-01-19 06:49:21.954516,,,
U000176,pagado,signup,2024-03-25 21:33:09.058670,,,
U000176,pagado,login,2024-03-27 14:20:26.910487,,,
U000176,pagado,view_service,2024-03-28 03:20:14.203288,,,
U000176,pagado,start_application,2024-03-30 08:37:29.843329,,,
U000176,pagado,complete_kyc,2024-04-02 12:37:03.085033,,,kyc_approved
U000176,pagado,first_transaction,2024-04-04 00:25:29.614456,19.56,False,
U000176,pagado,repeat_transaction,2024-04-12 13:34:43.028216,57.42,False,
U000176,pagado,repeat_transaction,2024-04-20 11:41:01.824273,27.77,False,
U000176,pagado,repeat_transaction,2024-04-25 01:22:18.115416,36.47,False,
U000176,pagado,repeat_transaction,2024-04-26 07:46:15.027812,32.64,False,
U000177,referido,signup,2024-02-15 12:14:34.562199,,,
U000177,referido,login,2024-02-16 20:54:01.143528,,,
U000177,referido,view_service,2024-02-16 23:00:09.690351,,,
U000178,pagado,signup,2024-03-06 06:17:00.034143,,,
U000178,pagado,login,2024-03-07 12:44:49.902229,,,
U000178,pagado,view_service,2024-03-07 20:22:53.899106,,,
U000178,pagado,start_application,2024-03-07 20:51:18.630464,,,
U000178,pagado,complete_kyc,2024-03-09 02:47:40.981540,,,kyc_approved
U000178,pagado,first_transaction,2024-03-09 09:14:30.489395,46.35,False,
U000178,pagado,repeat_transaction,2024-03-14 23:55:44.493119,98.03,False,
U000178,pagado,repeat_transaction,2024-03-16 19:17:12.104627,38.99,False,
U000178,pagado,repeat_transaction,2024-03-23 04:13:20.638818,57.44,False,
U000178,pagado,repeat_transaction,2024-03-31 22:47:07.893462,8.71,True,
U000178,pagado,repeat_transaction,2024-04-05 16:10:06.603714,35.37,False,
U000178,pagado,repeat_transaction,2024-04-13 04:44:05.176835,20.28,False,
U000178,pagado,repeat_transaction,2024-04-23 03:09:52.180455,15.59,False,
U000178,pagado,repeat_transaction,2024-04-28 19:43:23.063577,19.79,False,
U000178,pagado,repeat_transaction,2024-05-01 08:20:07.620680,28.97,False,
U000179,organico,signup,2024-01-15 07:13:55.884773,,,
U000179,organico,login,2024-01-16 20:49:18.917444,,,
U000179,organico,view_service,2024-01-17 19:29:09.763773,,,
U000180,organico,signup,2024-02-26 22:59:35.771953,,,
U000180,organico,login,2024-02-27 18:02:48.896713,,,
U000181,organico,signup,2024-03-20 00:54:49.323373,,,
U000181,organico,login,2024-03-21 08:11:54.119230,,,
U000181,organico,view_service,2024-03-21 15:26:37.649475,,,
U000182,pagado,signup,2024-02-14 06:55:27.617109,,,
U000182,pagado,login,2024-02-15 18:13:29.352686,,,
U000182,pagado,view_service,2024-02-16 17:27:09.885916,,,
U000183,organico,signup,2024-01-28 00:18:32.807243,,,
U000183,organico,login,2024-01-28 09:58:46.327643,,,
U000184,organico,signup,2024-03-11 02:42:02.402441,,,
U000184,organico,login,2024-03-11 12:50:34.171910,,,
U000185,pagado,signup,2024-01-09 01:43:46.710142,,,
U000185,pagado,login,2024-01-09 08:29:46.758060,,,
U000185,pagado,view_service,2024-01-09 14:35:52.972935,,,
U000185,pagado,start_application,2024-01-10 21:07:15.412837,,,
U000185,pagado,complete_kyc,2024-01-12 09:37:24.856079,,,kyc_approved
U000185,pagado,first_transaction,2024-01-13 13:36:47.014753,69.49,False,
U000186,referido,signup,2024-02-08 16:24:42.693634,,,
U000186,referido,login,2024-02-10 07:25:15.184120,,,
U000186,referido,view_service,2024-02-11 05:22:14.859786,,,
U000186,referido,start_application,2024-02-11 23:19:06.963762,,,
U000186,referido,complete_kyc,2024-02-14 15:17:48.722180,,,kyc_approved
U000186,referido,first_transaction,2024-02-15 18:22:30.429368,14.46,False,
U000186,referido,repeat_transaction,2024-02-19 18:00:00.024907,37.39,False,
U000186,referido,repeat_transaction,2024-02-21 16:53:02.508236,26.08,False,
U000186,referido,repeat_transaction,2024-02-24 16:50:10.547694,29.1,False,
U000186,referido,repeat_transaction,2024-03-01 17:21:46.228242,73.84,False,
U000186,referido,repeat_transaction,2024-03-04 17:06:20.506294,53.34,False,
U000186,referido,repeat_transaction,2024-03-09 21:07:38.457265,93.33,False,
U000186,referido,repeat_transaction,2024-03-17 02:15:42.506195,32.85,False,
U000186,referido,repeat_transaction,2024-03-27 01:45:56.145477,22.48,False,
U000186,referido,repeat_transaction,2024-03-30 17:34:44.240152,31.29,False,
U000186,referido,repeat_transaction,2024-04-01 12:07:24.932181,43.37,False,
U000186,referido,repeat_transaction,2024-04-09 01:50:10.134404,41.41,False,
U000186,referido,repeat_transaction,2024-04-13 03:56:18.785428,17.13,False,
U000186,referido,repeat_transaction,2024-04-18 20:29:57.677081,38.99,False,
U000187,organico,signup,2024-03-07 10:21:56.340440,,,
U000187,organico,login,2024-03-08 20:30:43.069433,,,
U000187,organico,view_service,2024-03-09 04:46:43.250071,,,
U000187,organico,start_application,2024-03-11 14:24:08.224620,,,
U000187,organico,complete_kyc,2024-03-15 07:42:35.561723,,,kyc_approved
U000187,organico,first_transaction,2024-03-16 10:14:46.972100,42.94,False,
U000187,organico,repeat_transaction,2024-03-19 12:19:37.845767,213.2,False,
U000187,organico,repeat_transaction,2024-03-22 04:10:07.546125,136.15,False,
U000187,organico,repeat_transaction,2024-03-27 01:30:35.296334,20.14,False,
U000187,organico,repeat_transaction,2024-04-02 14:09:24.850834,29.93,False,
U000187,organico,repeat_transaction,2024-04-08 22:04:22.026775,13.14,False,
U000187,organico,repeat_transaction,2024-04-16 06:17:44.441745,24.2,False,
U000187,organico,repeat_transaction,2024-04-24 00:47:52.746937,45.65,False,
U000187,organico,repeat_transaction,2024-04-25 14:18:42.320079,85.12,False,
U000188,referido,signup,2024-01-19 03:39:24.778237,,,
U000188,referido,login,2024-01-20 21:04:37.824481,,,
U000188,referido,view_service,2024-01-21 12:26:01.766737,,,
U000189,pagado,signup,2024-02-27 09:01:59.179688,,,
U000189,pagado,login,2024-02-28 14:34:00.889578,,,
U000189,pagado,view_service,2024-02-28 17:49:29.866277,,,
U000189,pagado,start_application,2024-02-29 15:52:54.426133,,,
U000189,pagado,complete_kyc,2024-03-01 09:51:45.131535,,,kyc_approved
U000189,pagado,first_transaction,2024-03-02 05:59:46.283010,21.97,False,
U000189,pagado,repeat_transaction,2024-03-07 15:07:01.042732,23.15,False,
U000189,pagado,repeat_transaction,2024-03-16 21:39:20.633777,8.14,False,
U000189,pagado,repeat_transaction,2024-03-19 11:04:28.015928,32.66,False,
U000190,organico,signup,2024-01-19 16:20:26.080289,,,
U000190,organico,login,2024-01-21 14:02:01.706231,,,
U000190,organico,view_service,2024-01-21 18:45:25.684780,,,
U000190,organico,start_application,2024-01-23 11:14:05.589677,,,
U000190,organico,complete_kyc,2024-01-26 02:06:10.973376,,,kyc_approved
U000190,organico,first_transaction,2024-01-27 12:13:07.924150,17.4,False,
U000190,organico,repeat_transaction,2024-01-28 18:53:05.208858,25.26,False,
U000190,organico,repeat_transaction,2024-02-01 09:58:34.322531,19.81,False,
U000190,organico,repeat_transaction,2024-02-07 06:05:58.784047,34.26,False,
U000190,organico,repeat_transaction,2024-02-12 08:52:51.894791,10.69,False,
U000190,organico,repeat_transaction,2024-02-20 06:19:10.940715,13.11,False,
U000190,organico,repeat_transaction,2024-02-22 06:46:23.810654,162.47,False,
U000190,organico,repeat_transaction,2024-03-01 06:11:51.701121,14.86,False,
U000190,organico,repeat_transaction,2024-03-05 13:26:23.415110,16.98,False,
U000190,organico,repeat_transaction,2024-03-06 22:25:39.757227,132.4,False,
U000190,organico,repeat_transaction,2024-03-12 20:26:24.063651,279.65,False,
U000191,organico,signup,2024-03-17 10:59:06.142581,,,
U000192,organico,signup,2024-02-03 04:31:39.921524,,,
U000193,pagado,signup,2024-01-24 03:15:37.241266,,,
U000193,pagado,login,2024-01-25 13:24:19.654041,,,
U000193,pagado,view_service,2024-01-25 17:25:50.589118,,,
U000193,pagado,start_application,2024-01-26 08:23:12.020925,,,
U000193,pagado,complete_kyc,2024-01-27 04:38:58.928319,,,kyc_approved
U000193,pagado,first_transaction,2024-01-27 18:12:49.228959,16.12,False,
U000193,pagado,repeat_transaction,2024-01-31 09:25:21.970065,28.28,False,
U000193,pagado,repeat_transaction,2024-02-09 23:08:26.145878,46.48,False,
U000193,pagado,repeat_transaction,2024-02-19 01:34:26.898271,122.74,False,
U000193,pagado,repeat_transaction,2024-02-21 06:51:40.831909,18.34,False,
U000193,pagado,repeat_transaction,2024-02-25 23:45:58.054997,30.82,False,
U000193,pagado,repeat_transaction,2024-02-29 11:40:04.836267,63.06,False,
U000193,pagado,repeat_transaction,2024-03-07 19:10:34.103970,49.62,False,
U000193,pagado,repeat_transaction,2024-03-10 02:45:53.005577,28.13,False,
U000193,pagado,repeat_transaction,2024-03-13 08:14:11.571419,33.33,False,
U000193,pagado,repeat_transaction,2024-03-17 21:03:35.674854,13.98,False,
U000193,pagado,repeat_transaction,2024-03-24 13:39:31.456416,30.98,False,
U000193,pagado,repeat_transaction,2024-03-28 22:41:45.458549,30.37,False,
U000194,pagado,signup,2024-03-11 14:27:30.116805,,,
U000194,pagado,login,2024-03-13 08:34:54.721817,,,
U000194,pagado,view_service,2024-03-13 20:19:13.916920,,,
U000195,referido,signup,2024-03-18 08:07:00.566303,,,
U000195,referido,login,2024-03-19 17:37:01.077633,,,
U000196,pagado,signup,2024-02-07 18:18:04.900354,,,
U000196,pagado,login,2024-02-08 09:51:59.766749,,,
U000196,pagado,view_service,2024-02-08 23:01:28.881115,,,
U000196,pagado,start_application,2024-02-11 12:24:49.940761,,,
U000196,pagado,complete_kyc,2024-02-14 16:11:48.736826,,,kyc_rejected
U000197,pagado,signup,2024-01-04 09:28:26.796480,,,
U000197,pagado,login,2024-01-06 09:04:59.382382,,,
U000197,pagado,view_service,2024-01-07 08:58:48.124988,,,
U000198,referido,signup,2024-01-30 01:00:56.341135,,,
U000198,referido,login,2024-01-30 18:22:49.818648,,,
U000198,referido,view_service,2024-01-31 10:20:43.768368,,,
U000199,organico,signup,2024-02-28 00:43:44.230511,,,
U000199,organico,login,2024-02-28 05:11:50.618355,,,
U000199,organico,view_service,2024-02-28 10:21:31.792231,,,
U000199,organico,start_application,2024-03-01 05:08:39.793193,,,
U000199,organico,complete_kyc,2024-03-03 07:15:04.727937,,,kyc_approved
U000199,organico,first_transaction,2024-03-03 23:48:30.654369,43.06,False,
U000200,pagado,signup,2024-02-14 05:19:38.086769,,,
U000200,pagado,login,2024-02-14 10:22:14.159155,,,
U000200,pagado,view_service,2024-02-14 17:35:15.953484,,,
U000200,pagado,start_application,2024-02-17 04:10:08.106866,,,
U000200,pagado,complete_kyc,2024-02-20 16:11:00.277031,,,kyc_approved
U000200,pagado,first_transaction,2024-02-20 19:33:37.174632,24.81,False,
U000200,pagado,repeat_transaction,2024-02-25 18:37:18.484230,50.91,False,
U000200,pagado,repeat_transaction,2024-03-03 10:17:13.522044,74.36,False,
U000200,pagado,repeat_transaction,2024-03-08 03:12:59.135898,40.8,False,
U000201,referido,signup,2024-01-09 21:39:26.333950,,,
U000201,referido,login,2024-01-10 16:09:08.796397,,,
U000202,organico,signup,2024-01-14 20:40:49.553741,,,
U000202,organico,login,2024-01-16 01:31:14.910365,,,
U000202,organico,view_service,2024-01-16 20:13:37.673805,,,
U000203,pagado,signup,2024-03-01 13:23:42.660203,,,
U000203,pagado,login,2024-03-03 01:19:00.817654,,,
U000203,pagado,view_service,2024-03-03 02:40:25.768130,,,
U000204,referido,signup,2024-02-15 15:39:47.962728,,,
U000204,referido,login,2024-02-16 17:04:05.686949,,,
U000205,referido,signup,2024-03-26 04:26:39.468314,,,
U000205,referido,login,2024-03-26 22:02:51.193408,,,
U000205,referido,view_service,2024-03-27 16:21:53.423773,,,
U000206,pagado,signup,2024-01-03 13:40:11.602155,,,
U000206,pagado,login,2024-01-03 16:39:58.852302,,,
U000207,pagado,signup,2024-02-28 01:44:16.363187,,,
U000207,pagado,login,2024-02-28 05:47:10.215075,,,
U000207,pagado,view_service,2024-02-28 20:35:25.792215,,,
U000207,pagado,start_application,2024-02-29 18:58:22.090488,,,
U000207,pagado,complete_kyc,2024-03-02 20:18:08.645762,,,kyc_approved
U000207,pagado,first_transaction,2024-03-03 22:05:43.767175,46.82,False,
U000207,pagado,repeat_transaction,2024-03-10 18:27:38.988020,37.99,False,
U000207,pagado,repeat_transaction,2024-03-14 13:27:26.786086,36.6,False,
U000207,pagado,repeat_transaction,2024-03-24 03:23:52.380780,22.09,False,
U000207,pagado,repeat_transaction,2024-03-27 08:12:19.837272,45.67,False,
U000207,pagado,repeat_transaction,2024-03-29 09:15:31.003081,34.19,False,
U000207,pagado,repeat_transaction,2024-03-30 21:08:41.257749,158.41,False,
U000207,pagado,repeat_transaction,2024-04-06 19:17:02.773328,110.1,False,
U000207,pagado,repeat_transaction,2024-04-07 22:01:11.055213,47.95,False,
U000207,pagado,repeat_transaction,2024-04-09 00:28:17.284209,21.45,False,
U000207,pagado,repeat_transaction,2024-04-13 03:21:35.191492,16.8,False,
U000207,pagado,repeat_transaction,2024-04-21 13:01:16.535719,84.25,False,
U000207,pagado,repeat_transaction,2024-04-25 21:20:42.205180,43.99,False,
U000207,pagado,repeat_transaction,2024-05-04 18:00:44.745037,51.22,False,
U000207,pagado,repeat_transaction,2024-05-06 19:30:45.650729,10.79,False,
U000208,organico,signup,2024-02-10 03:54:48.855091,,,
U000209,pagado,signup,2024-02-16 03:56:15.050422,,,
U000209,pagado,login,2024-02-16 12:01:52.077772,,,
U000209,pagado,view_service,2024-02-17 06:36:08.500122,,,
U000210,pagado,signup,2024-01-13 02:53:57.489838,,,
U000210,pagado,login,2024-01-13 03:35:16.445153,,,
U000210,pagado,view_service,2024-01-13 12:21:18.498667,,,
U000211,organico,signup,2024-03-28 11:11:15.935378,,,
U000211,organico,login,2024-03-29 18:41:45.411468,,,
U000211,organico,view_service,2024-03-30 00:41:30.663137,,,
U000212,organico,signup,2024-03-16 21:52:13.344587,,,
U000212,organico,login,2024-03-17 00:29:36.129976,,,
U000212,organico,view_service,2024-03-17 12:53:46.175523,,,
U000212,organico,start_application,2024-03-18 17:49:21.562932,,,
U000212,organico,complete_kyc,2024-03-22 06:04:31.150620,,,kyc_rejected
U000213,pagado,signup,2024-01-30 01:10:49.600131,,,
U000213,pagado,login,2024-01-30 15:14:52.257564,,,
U000214,pagado,signup,2024-01-24 04:49:11.975305,,,
U000215,pagado,signup,2024-03-08 11:14:17.625046,,,
U000215,pagado,login,2024-03-10 08:00:00.255557,,,
U000215,pagado,view_service,2024-03-10 21:01:12.282697,,,
U000216,pagado,signup,2024-01-03 04:45:54.821514,,,
U000216,pagado,login,2024-01-04 16:13:09.795438,,,
U000216,pagado,view_service,2024-01-04 21:11:01.654270,,,
U000217,organico,signup,2024-03-29 11:30:04.151451,,,
U000217,organico,login,2024-03-29 13:42:14.313269,,,
U000217,organico,view_service,2024-03-30 10:00:13.688464,,,
U000218,referido,signup,2024-02-13 00:13:08.138019,,,
U000218,referido,login,2024-02-14 06:50:29.609884,,,
U000218,referido,view_service,2024-02-14 21:04:02.862599,,,
U000218,referido,start_application,2024-02-16 20:47:49.848962,,,
U000218,referido,complete_kyc,2024-02-17 09:46:47.357840,,,kyc_approved
U000219,referido,signup,2024-02-07 04:44:36.114693,,,
U000219,referido,login,2024-02-07 16:02:00.034615,,,
U000220,organico,signup,2024-03-11 10:07:55.371195,,,
U000220,organico,login,2024-03-12 01:16:27.271345,,,
U000220,organico,view_service,2024-03-12 09:54:18.814934,,,
U000221,organico,signup,2024-02-13 13:17:17.584000,,,
U000221,organico,login,2024-02-14 03:57:36.415649,,,
U000221,organico,view_service,2024-02-14 18:27:33.156039,,,
U000221,organico,start_application,2024-02-17 08:08:48.581560,,,
U000221,organico,complete_kyc,2024-02-17 22:48:42.303095,,,kyc_approved
U000222,organico,signup,2024-01-18 14:24:16.634890,,,
U000222,organico,login,2024-01-19 16:51:19.481507,,,
U000222,organico,view_service,2024-01-19 19:20:45.933109,,,
U000223,organico,signup,2024-01-08 07:56:54.522060,,,
U000223,organico,login,2024-01-09 03:14:10.849320,,,
U000223,organico,view_service,2024-01-10 01:44:28.557029,,,
U000223,organico,start_application,2024-01-11 19:58:59.534849,,,
U000223,organico,complete_kyc,2024-01-15 12:05:51.481173,,,kyc_approved
U000224,organico,signup,2024-02-29 22:45:17.504764,,,
U000224,organico,login,2024-03-02 13:36:02.014996,,,
U000224,organico,view_service,2024-03-03 12:13:05.453589,,,
U000224,organico,start_application,2024-03-06 06:45:47.709426,,,
U000224,organico,complete_kyc,2024-03-08 00:37:46.871921,,,kyc_approved
U000224,organico,first_transaction,2024-03-08 19:03:44.736308,70.05,False,
U000224,organico,repeat_transaction,2024-03-11 11:29:13.442330,50.3,False,
U000224,organico,repeat_transaction,2024-03-20 10:18:23.788350,16.82,False,
U000224,organico,repeat_transaction,2024-03-27 00:02:55.472733,26.31,False,
U000224,organico,repeat_transaction,2024-03-30 15:47:29.247482,44.02,False,
U000224,organico,repeat_transaction,2024-04-05 14:44:24.753545,37.97,False,
U000224,organico,repeat_transaction,2024-04-09 03:10:18.561378,29.83,False,
U000224,organico,repeat_transaction,2024-04-11 22:15:16.951842,34.04,False,
U000224,organico,repeat_transaction,2024-04-17 15:49:49.963539,30.68,False,
U000224,organico,repeat_transaction,2024-04-25 21:05:55.864702,40.72,False,
U000224,organico,repeat_transaction,2024-05-05 18:48:36.116318,102.52,False,
U000224,organico,repeat_transaction,2024-05-10 00:22:41.692928,6.07,False,
U000224,organico,repeat_transaction,2024-05-15 09:04:08.460807,31.01,False,
U000224,organico,repeat_transaction,2024-05-20 21:35:09.456318,41.41,False,
U000224,organico,repeat_transaction,2024-05-23 12:25:34.279705,45.02,False,
U000224,organico,repeat_transaction,2024-05-26 11:44:04.377951,28.21,False,
U000225,pagado,signup,2024-01-08 06:21:13.712987,,,
U000225,pagado,login,2024-01-10 06:20:05.727967,,,
U000226,organico,signup,2024-03-01 09:13:25.673514,,,
U000226,organico,login,2024-03-01 12:00:06.562129,,,
U000227,organico,signup,2024-03-18 23:35:18.138846,,,
U000227,organico,login,2024-03-20 16:10:28.031250,,,
U000227,organico,view_service,2024-03-21 06:24:55.063332,,,
U000228,pagado,signup,2024-03-27 20:15:12.324363,,,
U000228,pagado,login,2024-03-29 19:40:44.115285,,,
U000229,organico,signup,2024-01-30 07:19:30.395747,,,
U000229,organico,login,2024-01-30 17:54:21.809652,,,
U000229,organico,view_service,2024-01-30 17:58:20.740710,,,
U000230,organico,signup,2024-03-18 07:25:11.129436,,,
U000230,organico,login,2024-03-20 03:27:17.261428,,,
U000231,pagado,signup,2024-03-20 10:05:58.048240,,,
U000231,pagado,login,2024-03-21 05:08:54.547012,,,
U000231,pagado,view_service,2024-03-21 12:25:32.738566,,,
U000231,pagado,start_application,2024-03-21 23:51:01.044423,,,
U000231,pagado,complete_kyc,2024-03-25 18:57:01.880734,,,kyc_approved
U000232,pagado,signup,2024-01-18 15:31:39.355593,,,
U000232,pagado,login,2024-01-20 05:19:28.220308,,,
U000232,pagado,view_service,2024-01-20 19:28:47.502740,,,
U000232,pagado,start_application,2024-01-21 17:38:25.627411,,,
U000232,pagado,complete_kyc,2024-01-24 11:53:31.390945,,,kyc_approved
U000232,pagado,first_transaction,2024-01-26 09:26:20.411637,10.7,False,
U000232,pagado,repeat_transaction,2024-02-05 01:55:07.443605,46.04,False,
U000232,pagado,repeat_transaction,2024-02-11 12:02:04.871415,122.63,False,
U000232,pagado,repeat_transaction,2024-02-21 05:01:17.510150,12.51,False,
U000232,pagado,repeat_transaction,2024-02-27 07:10:49.381533,67.0,False,
U000232,pagado,repeat_transaction,2024-02-29 13:33:33.664605,29.08,False,
U000232,pagado,repeat_transaction,2024-03-03 16:57:59.296001,35.06,False,
U000232,pagado,repeat_transaction,2024-03-06 05:13:48.551267,17.51,False,
U000232,pagado,repeat_transaction,2024-03-08 00:23:41.898642,28.96,False,
U000232,pagado,repeat_transaction,2024-03-14 18:26:28.148757,90.92,False,
U000232,pagado,repeat_transaction,2024-03-19 18:54:47.585511,55.03,False,
U000232,pagado,repeat_transaction,2024-03-23 00:48:50.560685,123.05,False,
U000232,pagado,repeat_transaction,2024-03-26 08:15:07.776029,83.45,False,
U000232,pagado,repeat_transaction,2024-03-27 08:31:44.004097,49.77,False,
U000233,pagado,signup,2024-02-05 15:07:25.452252,,,
U000233,pagado,login,2024-02-07 08:36:42.358490,,,
U000233,pagado,view_service,2024-02-08 01:07:09.328542,,,
U000233,pagado,start_application,2024-02-08 06:31:08.266936,,,
U000233,pagado,complete_kyc,2024-02-11 15:47:21.408944,,,kyc_approved
U000233,pagado,first_transaction,2024-02-13 13:28:26.026888,124.06,False,
U000233,pagado,repeat_transaction,2024-02-16 00:13:45.362131,49.76,False,
U000233,pagado,repeat_transaction,2024-02-25 11:39:55.592144,65.34,False,
U000233,pagado,repeat_transaction,2024-02-29 12:39:45.966455,29.74,False,
U000233,pagado,repeat_transaction,2024-03-09 13:35:58.638305,38.34,False,
U000233,pagado,repeat_transaction,2024-03-14 10:45:55.662937,22.46,False,
U000233,pagado,repeat_transaction,2024-03-20 21:56:45.848646,73.16,False,
U000233,pagado,repeat_transaction,2024-03-22 09:30:50.794139,16.04,False,
U000234,referido,signup,2024-02-08 09:20:35.550229,,,
U000234,referido,login,2024-02-09 17:05:09.050848,,,
U000234,referido,view_service,2024-02-09 19:25:58.921591,,,
U000234,referido,start_application,2024-02-11 11:03:13.597656,,,
U000234,referido,complete_kyc,2024-02-13 10:26:21.614902,,,kyc_approved
U000234,referido,first_transaction,2024-02-13 14:44:12.249181,63.28,False,
U000234,referido,repeat_transaction,2024-02-16 09:51:59.374253,32.03,False,
U000234,referido,repeat_transaction,2024-02-18 22:45:58.486513,83.09,False,
U000234,referido,repeat_transaction,2024-02-20 16:27:51.993762,61.91,False,
U000234,referido,repeat_transaction,2024-02-24 11:04:07.597694,130.9,False,
U000234,referido,repeat_transaction,2024-02-29 20:42:49.278799,61.04,False,
U000234,referido,repeat_transaction,2024-03-02 16:23:57.314782,12.18,False,
U000234,referido,repeat_transaction,2024-03-05 08:20:00.951875,34.92,False,
U000234,referido,repeat_transaction,2024-03-09 16:07:27.686526,16.11,False,
U000235,organico,signup,2024-02-13 01:57:18.000075,,,
U000235,organico,login,2024-02-14 14:05:13.427981,,,
U000235,organico,view_service,2024-02-14 16:11:23.112408,,,
U000235,organico,start_application,2024-02-16 07:13:11.773123,,,
U000235,organico,complete_kyc,2024-02-20 04:25:20.336803,,,kyc_approved
U000235,organico,first_transaction,2024-02-21 20:47:47.400182,25.46,False,
U000235,organico,repeat_transaction,2024-02-29 01:12:11.424408,105.41,False,
U000235,organico,repeat_transaction,2024-03-06 04:54:34.056803,57.18,False,
U000235,organico,repeat_transaction,2024-03-09 21:27:41.456767,22.44,False,
U000235,organico,repeat_transaction,2024-03-18 13:54:45.062104,18.0,False,
U000235,organico,repeat_transaction,2024-03-24 17:17:45.683771,37.45,False,
U000235,organico,repeat_transaction,2024-03-30 20:44:12.734892,15.62,False,
U000235,organico,repeat_transaction,2024-04-02 04:35:08.030651,22.88,False,
U000235,organico,repeat_transaction,2024-04-07 05:34:41.329511,45.53,False,
U000235,organico,repeat_transaction,2024-04-09 17:41:08.668226,82.16,False,
U000236,organico,signup,2024-01-05 22:03:38.843639,,,
U000236,organico,login,2024-01-07 13:33:41.785468,,,
U000236,organico,view_service,2024-01-08 03:51:46.794251,,,
U000236,organico,start_application,2024-01-10 08:14:30.137147,,,
U000236,organico,complete_kyc,2024-01-13 13:50:34.890802,,,kyc_approved
U000236,organico,first_transaction,2024-01-14 16:23:11.115597,56.04,False,
U000236,organico,repeat_transaction,2024-01-23 13:03:18.474220,7.36,False,
U000236,organico,repeat_transaction,2024-01-30 03:38:08.319491,45.29,False,
U000236,organico,repeat_transaction,2024-02-03 22:16:04.484985,38.49,False,
U000236,organico,repeat_transaction,2024-02-06 06:16:44.603815,48.9,False,
U000236,organico,repeat_transaction,2024-02-14 02:05:18.860613,113.45,False,
U000236,organico,repeat_transaction,2024-02-23 09:52:23.003085,8.63,False,
U000236,organico,repeat_transaction,2024-02-25 07:41:13.171426,24.2,False,
U000236,organico,repeat_transaction,2024-03-02 03:23:01.766365,55.35,False,
U000236,organico,repeat_transaction,2024-03-06 20:08:09.859369,12.1,False,
U000236,organico,repeat_transaction,2024-03-12 05:01:20.593851,102.84,False,
U000236,organico,repeat_transaction,2024-03-13 13:06:53.899230,47.36,False,
U000236,organico,repeat_transaction,2024-03-15 20:11:13.735909,66.2,False,
U000236,organico,repeat_transaction,2024-03-23 02:01:04.726372,24.54,False,
U000236,organico,repeat_transaction,2024-04-01 02:09:57.635112,64.69,False,
U000236,organico,repeat_transaction,2024-04-04 05:28:59.294061,77.32,False,
U000237,referido,signup,2024-03-22 18:04:23.993648,,,
U000237,referido,login,2024-03-23 07:36:06.970523,,,
U000237,referido,view_service,2024-03-24 00:19:31.855391,,,
U000237,referido,start_application,2024-03-26 14:53:57.937888,,,
U000237,referido,complete_kyc,2024-03-27 04:13:59.679997,,,kyc_rejected
U000238,organico,signup,2024-03-16 14:14:40.114278,,,
U000238,organico,login,2024-03-16 23:20:47.744816,,,
U000238,organico,view_service,2024-03-17 19:07:50.389437,,,
U000239,pagado,signup,2024-03-20 20:49:57.337702,,,
U000239,pagado,login,2024-03-21 11:50:07.403909,,,
U000239,pagado,view_service,2024-03-21 15:08:03.131477,,,
U000240,referido,signup,2024-01-04 19:09:15.648680,,,
U000240,referido,login,2024-01-05 07:12:17.749343,,,
U000240,referido,view_service,2024-01-06 05:14:30.388142,,,
U000241,organico,signup,2024-01-13 04:17:56.010556,,,
U000241,organico,login,2024-01-13 12:54:18.542778,,,
U000242,pagado,signup,2024-02-02 15:24:20.571483,,,
U000242,pagado,login,2024-02-04 00:30:05.958189,,,
U000242,pagado,view_service,2024-02-04 09:48:35.650320,,,
U000242,pagado,start_application,2024-02-06 03:03:18.926834,,,
U000242,pagado,complete_kyc,2024-02-09 23:42:17.600878,,,kyc_rejected
U000243,pagado,signup,2024-03-03 06:16:47.054852,,,
U000243,pagado,login,2024-03-04 19:45:22.618717,,,
U000244,organico,signup,2024-01-03 00:20:20.476179,,,
U000244,organico,login,2024-01-04 22:45:34.171193,,,
U000244,organico,view_service,2024-01-05 08:57:34.793546,,,
U000244,organico,start_application,2024-01-06 10:07:54.682686,,,
U000244,organico,complete_kyc,2024-01-07 10:41:51.838936,,,kyc_approved
U000244,organico,first_transaction,2024-01-09 02:16:55.996990,43.08,False,
U000244,organico,repeat_transaction,2024-01-19 02:09:32.282775,43.12,False,
U000244,organico,repeat_transaction,2024-01-27 15:27:52.941643,44.22,False,
U000244,organico,repeat_transaction,2024-02-02 23:43:10.470725,20.0,False,
U000244,organico,repeat_transaction,2024-02-10 03:33:10.125168,33.01,False,
U000244,organico,repeat_transaction,2024-02-14 04:11:24.294431,32.89,False,
U000244,organico,repeat_transaction,2024-02-18 02:25:10.880280,47.86,False,
U000244,organico,repeat_transaction,2024-02-25 00:08:29.485312,73.69,False,
U000244,organico,repeat_transaction,2024-03-02 20:51:29.811383,17.44,False,
U000244,organico,repeat_transaction,2024-03-08 12:35:37.303530,33.53,False,
U000245,organico,signup,2024-03-19 23:14:30.742987,,,
U000245,organico,login,2024-03-20 06:02:40.187446,,,
U000245,organico,view_service,2024-03-20 18:00:23.672711,,,
U000245,organico,start_application,2024-03-23 11:18:48.661554,,,
U000245,organico,complete_kyc,2024-03-25 02:27:09.761527,,,kyc_approved
U000245,organico,first_transaction,2024-03-27 02:12:05.094744,103.24,False,
U000245,organico,repeat_transaction,2024-03-30 02:13:54.714380,21.75,False,
U000245,organico,repeat_transaction,2024-04-07 03:46:10.664578,20.58,False,
U000245,organico,repeat_transaction,2024-04-14 04:53:35.591486,42.17,False,
U000245,organico,repeat_transaction,2024-04-22 19:30:13.595811,66.09,False,
U000245,organico,repeat_transaction,2024-05-01 16:49:35.940115,36.89,False,
U000245,organico,repeat_transaction,2024-05-03 13:54:32.082536,92.78,False,
U000245,organico,repeat_transaction,2024-05-06 21:46:39.761532,66.67,False,
U000245,organico,repeat_transaction,2024-05-14 18:34:04.968097,65.97,False,
U000245,organico,repeat_transaction,2024-05-21 21:23:09.306457,53.94,False,
U000245,organico,repeat_transaction,2024-05-23 16:40:28.848059,186.67,False,
U000245,organico,repeat_transaction,2024-05-31 09:25:26.489116,31.7,False,
U000245,organico,repeat_transaction,2024-06-08 11:39:05.612778,9.0,False,
U000246,organico,signup,2024-01-29 07:34:46.401895,,,
U000246,organico,login,2024-01-30 11:37:58.009323,,,
U000247,organico,signup,2024-03-22 13:10:18.299150,,,
U000247,organico,login,2024-03-23 03:33:46.765338,,,
U000247,organico,view_service,2024-03-24 00:04:19.318342,,,
U000247,organico,start_application,2024-03-24 14:34:24.087903,,,
U000247,organico,complete_kyc,2024-03-26 06:09:04.244816,,,kyc_approved
U000248,organico,signup,2024-01-31 04:33:51.521284,,,
U000248,organico,login,2024-02-01 10:53:26.812533,,,
U000248,organico,view_service,2024-02-02 02:08:13.313653,,,
U000248,organico,start_application,2024-02-02 21:54:13.265505,,,
U000248,organico,complete_kyc,2024-02-05 23:05:51.515587,,,kyc_approved
U000248,organico,first_transaction,2024-02-06 22:38:54.189095,112.5,False,
U000248,organico,repeat_transaction,2024-02-11 20:19:48.184846,26.57,False,
U000248,organico,repeat_transaction,2024-02-16 16:59:58.373678,39.47,False,
U000248,organico,repeat_transaction,2024-02-17 18:00:29.095060,91.53,False,
U000248,organico,repeat_transaction,2024-02-25 07:49:49.588211,11.92,False,
U000248,organico,repeat_transaction,2024-03-05 08:30:13.758784,15.24,False,
U000248,organico,repeat_transaction,2024-03-11 03:12:25.630444,11.93,False,
U000248,organico,repeat_transaction,2024-03-12 04:05:52.323742,20.99,False,
U000248,organico,repeat_transaction,2024-03-15 04:58:16.540840,49.79,False,
U000248,organico,repeat_transaction,2024-03-19 00:22:59.482595,52.82,False,
U000248,organico,repeat_transaction,2024-03-24 13:06:13.928421,44.41,False,
U000249,organico,signup,2024-02-18 08:24:06.458037,,,
U000249,organico,login,2024-02-18 14:54:37.107369,,,
U000250,organico,signup,2024-03-15 02:23:49.048691,,,
U000251,organico,signup,2024-01-04 11:26:37.942698,,,
U000251,organico,login,2024-01-06 01:29:12.349314,,,
U000251,organico,view_service,2024-01-06 16:52:20.833286,,,
U000252,pagado,signup,2024-02-24 12:01:37.328256,,,
U000252,pagado,login,2024-02-24 14:26:14.981394,,,
U000252,pagado,view_service,2024-02-25 01:07:43.759387,,,
U000252,pagado,start_application,2024-02-25 19:24:02.539165,,,
U000252,pagado,complete_kyc,2024-02-28 14:55:44.831432,,,kyc_approved
U000252,pagado,first_transaction,2024-02-28 15:28:29.307700,13.61,False,
U000252,pagado,repeat_transaction,2024-03-03 01:47:23.539180,7.26,False,
U000252,pagado,repeat_transaction,2024-03-05 07:25:01.894649,38.02,False,
U000252,pagado,repeat_transaction,2024-03-07 06:04:43.205263,26.3,False,
U000252,pagado,repeat_transaction,2024-03-09 07:30:33.605680,50.48,False,
U000252,pagado,repeat_transaction,2024-03-11 06:27:44.265259,59.82,False,
U000252,pagado,repeat_transaction,2024-03-14 01:36:29.387926,40.32,False,
U000252,pagado,repeat_transaction,2024-03-19 18:36:27.801190,62.31,False,
U000252,pagado,repeat_transaction,2024-03-27 02:33:00.218181,42.97,False,
U000252,pagado,repeat_transaction,2024-03-28 11:03:42.096433,53.04,False,
U000253,organico,signup,2024-03-26 07:28:59.056452,,,
U000253,organico,login,2024-03-28 03:01:21.451286,,,
U000254,pagado,signup,2024-01-15 12:18:50.717974,,,
U000254,pagado,login,2024-01-15 17:15:57.248103,,,
U000254,pagado,view_service,2024-01-15 22:51:07.888004,,,
U000255,organico,signup,2024-02-12 21:14:04.220129,,,
U000255,organico,login,2024-02-13 11:15:09.624172,,,
U000256,organico,signup,2024-03-08 13:31:36.430317,,,
U000256,organico,login,2024-03-10 06:26:15.090469,,,
U000256,organico,view_service,2024-03-10 10:34:16.658936,,,
U000256,organico,start_application,2024-03-11 18:08:34.684460,,,
U000256,organico,complete_kyc,2024-03-14 06:01:31.942520,,,kyc_rejected
U000257,organico,signup,2024-03-15 12:42:42.233350,,,
U000258,organico,signup,2024-02-06 13:33:41.672711,,,
U000258,organico,login,2024-02-08 03:50:00.756726,,,
U000258,organico,view_service,2024-02-08 20:33:24.523221,,,
U000258,organico,start_application,2024-02-11 16:25:12.678395,,,
U000258,organico,complete_kyc,2024-02-12 08:08:32.816049,,,kyc_approved
U000258,organico,first_transaction,2024-02-13 22:40:15.355410,22.35,False,
U000258,organico,repeat_transaction,2024-02-21 22:58:13.510883,32.27,False,
U000258,organico,repeat_transaction,2024-03-01 17:17:12.433153,42.0,False,
U000258,organico,repeat_transaction,2024-03-09 06:22:44.299502,65.0,False,
U000258,organico,repeat_transaction,2024-03-14 14:43:27.040292,27.78,False,
U000258,organico,repeat_transaction,2024-03-23 14:26:40.078754,52.71,False,
U000258,organico,repeat_transaction,2024-03-25 04:07:30.188512,30.38,False,
U000258,organico,repeat_transaction,2024-03-26 06:47:41.490130,33.71,False,
U000259,pagado,signup,2024-03-09 15:35:52.798760,,,
U000260,referido,signup,2024-03-02 09:00:31.311841,,,
U000260,referido,login,2024-03-04 03:50:18.462709,,,
U000260,referido,view_service,2024-03-04 04:10:02.483175,,,
U000261,pagado,signup,2024-02-13 17:33:50.909360,,,
U000261,pagado,login,2024-02-14 09:01:21.004511,,,
U000261,pagado,view_service,2024-02-14 15:44:03.712282,,,
U000262,pagado,signup,2024-02-05 21:28:03.645041,,,
U000262,pagado,login,2024-02-07 01:00:57.788472,,,
U000262,pagado,view_service,2024-02-07 13:00:14.677395,,,
U000262,pagado,start_application,2024-02-10 11:36:51.491464,,,
U000262,pagado,complete_kyc,2024-02-13 11:17:04.647513,,,kyc_approved
U000262,pagado,first_transaction,2024-02-13 13:06:03.505937,65.41,False,
U000263,pagado,signup,2024-03-29 07:45:02.920402,,,
U000263,pagado,login,2024-03-30 15:12:21.451807,,,
U000263,pagado,view_service,2024-03-30 23:25:09.900970,,,
U000264,pagado,signup,2024-03-18 07:41:34.845211,,,
U000264,pagado,login,2024-03-19 18:07:15.362479,,,
U000264,pagado,view_service,2024-03-20 05:00:32.710850,,,
U000264,pagado,start_application,2024-03-22 04:29:05.040945,,,
U000264,pagado,complete_kyc,2024-03-22 05:11:40.351596,,,kyc_approved
U000264,pagado,first_transaction,2024-03-23 19:36:37.300282,9.07,False,
U000264,pagado,repeat_transaction,2024-03-25 05:29:54.358505,14.77,False,
U000264,pagado,repeat_transaction,2024-03-27 11:50:07.646567,12.97,False,
U000265,pagado,signup,2024-01-12 05:41:50.259514,,,
U000265,pagado,login,2024-01-13 00:37:01.330235,,,
U000265,pagado,view_service,2024-01-13 19:22:55.397438,,,
U000266,organico,signup,2024-02-09 05:29:41.935956,,,
U000266,organico,login,2024-02-10 18:34:50.649698,,,
U000266,organico,view_service,2024-02-11 10:24:02.785941,,,
U000267,organico,signup,2024-02-16 10:11:55.000616,,,
U000267,organico,login,2024-02-18 02:28:40.450741,,,
U000267,organico,view_service,2024-02-18 14:42:08.913299,,,
U000268,organico,signup,2024-02-23 19:12:33.642010,,,
U000268,organico,login,2024-02-25 00:04:31.798010,,,
U000269,pagado,signup,2024-02-06 14:22:45.544553,,,
U000269,pagado,login,2024-02-07 03:35:04.418093,,,
U000270,referido,signup,2024-02-11 21:20:51.536688,,,
U000270,referido,login,2024-02-13 09:17:50.265440,,,
U000270,referido,view_service,2024-02-14 02:08:53.104883,,,
U000271,pagado,signup,2024-03-26 19:53:17.110130,,,
U000271,pagado,login,2024-03-27 09:54:24.638330,,,
U000271,pagado,view_service,2024-03-28 02:03:36.699869,,,
U000272,pagado,signup,2024-03-28 18:04:42.890147,,,
U000272,pagado,login,2024-03-28 23:42:23.371851,,,
U000272,pagado,view_service,2024-03-29 11:15:40.866560,,,
U000273,pagado,signup,2024-02-09 07:42:04.265684,,,
U000273,pagado,login,2024-02-11 00:23:12.865889,,,
U000274,pagado,signup,2024-01-04 10:04:32.398280,,,
U000274,pagado,login,2024-01-05 22:06:34.302899,,,
U000274,pagado,view_service,2024-01-06 05:01:26.295461,,,
U000274,pagado,start_application,2024-01-08 17:28:31.884317,,,
U000274,pagado,complete_kyc,2024-01-11 11:55:38.393872,,,kyc_approved
U000274,pagado,first_transaction,2024-01-11 13:34:29.306598,7.15,False,
U000274,pagado,repeat_transaction,2024-01-18 15:29:18.334711,22.76,False,
U000274,pagado,repeat_transaction,2024-01-21 15:56:19.758180,61.84,False,
U000274,pagado,repeat_transaction,2024-01-26 03:56:18.026635,29.98,False,
U000274,pagado,repeat_transaction,2024-02-03 08:03:15.871148,42.03,False,
U000274,pagado,repeat_transaction,2024-02-10 13:43:42.963235,78.45,False,
U000274,pagado,repeat_transaction,2024-02-15 00:09:01.614844,92.7,False,
U000274,pagado,repeat_transaction,2024-02-23 02:22:57.140622,34.87,False,
U000274,pagado,repeat_transaction,2024-03-03 19:00:09.047493,94.4,False,
U000274,pagado,repeat_transaction,2024-03-11 11:38:06.813246,39.04,False,
U000274,pagado,repeat_transaction,2024-03-20 07:18:24.543167,20.37,False,
U000274,pagado,repeat_transaction,2024-03-25 07:00:30.995963,24.14,False,
U000274,pagado,repeat_transaction,2024-03-31 23:54:24.928940,12.98,False,
U000274,pagado,repeat_transaction,2024-04-05 07:20:20.424643,19.65,False,
U000275,organico,signup,2024-03-07 10:27:33.515391,,,
U000276,organico,signup,2024-03-29 08:35:18.403630,,,
U000276,organico,login,2024-03-29 22:03:28.519384,,,
U000276,organico,view_service,2024-03-30 01:57:43.804810,,,
U000277,organico,signup,2024-02-13 21:46:32.006438,,,
U000277,organico,login,2024-02-15 02:27:58.050891,,,
U000278,pagado,signup,2024-03-18 04:24:36.270071,,,
U000278,pagado,login,2024-03-18 08:00:03.834443,,,
U000278,pagado,view_service,2024-03-18 20:38:03.397136,,,
U000279,pagado,signup,2024-03-12 22:08:33.679641,,,
U000279,pagado,login,2024-03-13 14:58:44.724488,,,
U000280,pagado,signup,2024-02-01 02:08:58.213149,,,
U000280,pagado,login,2024-02-02 00:59:42.586775,,,
U000280,pagado,view_service,2024-02-02 19:03:31.559281,,,
U000281,organico,signup,2024-02-02 09:08:38.749962,,,
U000281,organico,login,2024-02-02 20:55:24.306099,,,
U000281,organico,view_service,2024-02-03 18:11:05.925008,,,
U000281,organico,start_application,2024-02-06 03:31:56.037638,,,
U000281,organico,complete_kyc,2024-02-06 14:51:34.028294,,,kyc_approved
U000281,organico,first_transaction,2024-02-06 16:08:34.284327,28.49,False,
U000282,pagado,signup,2024-02-17 06:33:07.898061,,,
U000282,pagado,login,2024-02-17 21:59:42.629904,,,
U000282,pagado,view_service,2024-02-18 00:20:35.993392,,,
U000283,pagado,signup,2024-02-19 14:46:15.490918,,,
U000283,pagado,login,2024-02-20 01:04:55.410657,,,
U000283,pagado,view_service,2024-02-20 21:08:46.453660,,,
U000283,pagado,start_application,2024-02-23 08:49:59.759658,,,
U000283,pagado,complete_kyc,2024-02-26 21:14:35.239920,,,kyc_approved
U000283,pagado,first_transaction,2024-02-28 12:27:56.359711,64.23,False,
U000284,organico,signup,2024-03-06 13:20:41.152702,,,
U000284,organico,login,2024-03-07 01:30:40.168393,,,
U000284,organico,view_service,2024-03-07 21:14:20.186045,,,
U000285,organico,signup,2024-02-12 00:08:17.470263,,,
U000285,organico,login,2024-02-12 05:54:18.115798,,,
U000285,organico,view_service,2024-02-12 23:12:21.147216,,,
U000285,organico,start_application,2024-02-15 04:56:23.112091,,,
U000285,organico,complete_kyc,2024-02-15 09:47:11.806423,,,kyc_approved
U000285,organico,first_transaction,2024-02-16 09:58:21.010239,122.06,False,
U000286,pagado,signup,2024-01-28 06:19:05.738827,,,
U000286,pagado,login,2024-01-28 07:53:40.193287,,,
U000286,pagado,view_service,2024-01-28 13:12:37.016136,,,
U000287,pagado,signup,2024-03-18 17:55:44.938064,,,
U000287,pagado,login,2024-03-20 12:30:55.444900,,,
U000288,referido,signup,2024-03-01 06:31:44.811414,,,
U000288,referido,login,2024-03-01 13:24:03.320906,,,
U000288,referido,view_service,2024-03-02 03:10:03.118162,,,
U000288,referido,start_application,2024-03-03 18:38:04.605690,,,
U000288,referido,complete_kyc,2024-03-04 03:15:51.219040,,,kyc_approved
U000288,referido,first_transaction,2024-03-05 14:08:11.855104,13.91,False,
U000289,referido,signup,2024-01-15 00:07:07.961924,,,
U000289,referido,login,2024-01-15 05:42:33.473088,,,
U000289,referido,view_service,2024-01-15 19:20:45.444894,,,
U000289,referido,start_application,2024-01-18 01:26:45.108077,,,
U000289,referido,complete_kyc,2024-01-22 00:29:53.382184,,,kyc_approved
U000289,referido,first_transaction,2024-01-22 04:06:06.432207,48.18,False,
U000289,referido,repeat_transaction,2024-01-29 16:49:44.638710,17.67,False,
U000289,referido,repeat_transaction,2024-02-02 16:17:34.323186,51.02,False,
U000289,referido,repeat_transaction,2024-02-09 13:52:30.112976,33.39,False,
U000289,referido,repeat_transaction,2024-02-16 03:41:25.581291,10.16,False,
U000290,organico,signup,2024-02-12 04:11:15.112574,,,
U000290,organico,login,2024-02-13 07:22:38.900817,,,
U000290,organico,view_service,2024-02-13 15:00:13.145829,,,
U000291,organico,signup,2024-01-24 09:03:17.698173,,,
U000291,organico,login,2024-01-26 01:23:46.276709,,,
U000291,organico,view_service,2024-01-26 19:00:03.191159,,,
U000292,organico,signup,2024-01-18 10:13:21.401470,,,
U000292,organico,login,2024-01-18 17:01:43.289223,,,
U000292,organico,view_service,2024-01-18 23:22:59.380797,,,
U000293,organico,signup,2024-01-08 19:18:39.721502,,,
U000293,organico,login,2024-01-09 23:17:00.917683,,,
U000293,organico,view_service,2024-01-10 13:27:53.848490,,,
U000294,pagado,signup,2024-02-20 21:51:47.577108,,,
U000294,pagado,login,2024-02-21 15:29:09.341683,,,
U000294,pagado,view_service,2024-02-22 10:01:43.670095,,,
U000295,organico,signup,2024-02-13 08:00:15.677742,,,
U000295,organico,login,2024-02-14 15:50:47.956450,,,
U000296,pagado,signup,2024-02-26 10:17:52.636627,,,
U000296,pagado,login,2024-02-26 18:58:44.432140,,,
U000297,pagado,signup,2024-03-29 19:58:15.184780,,,
U000297,pagado,login,2024-03-30 06:33:08.353360,,,
U000297,pagado,view_service,2024-03-30 08:06:28.242697,,,
U000297,pagado,start_application,2024-03-30 11:17:08.779524,,,
U000297,pagado,complete_kyc,2024-03-31 07:31:57.706412,,,kyc_rejected
U000298,organico,signup,2024-02-13 17:24:27.998846,,,
U000299,organico,signup,2024-03-05 20:34:59.721060,,,
U000299,organico,login,2024-03-06 09:17:45.944065,,,
U000299,organico,view_service,2024-03-06 13:30:35.275239,,,
U000300,organico,signup,2024-03-01 15:15:29.513473,,,
U000300,organico,login,2024-03-03 10:48:54.397489,,,
U000300,organico,view_service,2024-03-03 19:19:01.263718,,,
U000301,organico,signup,2024-02-14 23:51:31.886306,,,
U000301,organico,login,2024-02-15 07:53:28.954326,,,
U000301,organico,view_service,2024-02-15 23:21:09.541472,,,
U000301,organico,start_application,2024-02-16 12:53:28.206598,,,
U000301,organico,complete_kyc,2024-02-17 23:59:00.454819,,,kyc_approved
U000301,organico,first_transaction,2024-02-18 11:07:01.376412,70.09,False,
U000302,organico,signup,2024-02-14 07:17:47.483162,,,
U000302,organico,login,2024-02-14 08:28:18.077981,,,
U000302,organico,view_service,2024-02-14 22:15:24.084990,,,
U000302,organico,start_application,2024-02-16 19:37:14.328568,,,
U000302,organico,complete_kyc,2024-02-16 23:51:48.148037,,,kyc_approved
U000302,organico,first_transaction,2024-02-17 12:20:02.441396,23.96,False,
U000303,pagado,signup,2024-02-21 17:49:58.936442,,,
U000303,pagado,login,2024-02-22 07:30:37.852219,,,
U000303,pagado,view_service,2024-02-22 18:19:08.166058,,,
U000304,referido,signup,2024-01-18 04:21:10.725158,,,
U000304,referido,login,2024-01-19 19:45:09.671540,,,
U000304,referido,view_service,2024-01-20 11:36:04.586770,,,
U000304,referido,start_application,2024-01-22 15:46:13.097584,,,
U000304,referido,complete_kyc,2024-01-24 00:59:43.481778,,,kyc_approved
U000304,referido,first_transaction,2024-01-24 12:06:12.571239,25.19,False,
U000304,referido,repeat_transaction,2024-01-30 05:00:32.911569,17.31,False,
U000304,referido,repeat_transaction,2024-02-06 08:49:57.337109,23.15,False,
U000304,referido,repeat_transaction,2024-02-12 19:37:22.704598,49.38,False,
U000304,referido,repeat_transaction,2024-02-21 22:22:13.255197,32.06,False,
U000305,referido,signup,2024-02-19 13:56:45.196792,,,
U000305,referido,login,2024-02-21 09:15:03.448068,,,
U000305,referido,view_service,2024-02-21 09:19:46.929813,,,
U000306,pagado,signup,2024-03-05 05:12:12.289568,,,
U000306,pagado,login,2024-03-06 18:07:22.032672,,,
U000306,pagado,view_service,2024-03-07 13:26:36.458645,,,
U000307,pagado,signup,2024-02-23 06:37:57.756097,,,
U000307,pagado,login,2024-02-25 02:19:32.875002,,,
U000307,pagado,view_service,2024-02-25 16:42:17.641406,,,
U000308,organico,signup,2024-01-03 05:39:41.462325,,,
U000308,organico,login,2024-01-04 06:39:29.194967,,,
U000308,organico,view_service,2024-01-04 11:37:40.394950,,,
U000309,organico,signup,2024-01-12 00:26:43.676407,,,
U000309,organico,login,2024-01-13 02:13:29.603790,,,
U000309,organico,view_service,2024-01-13 16:55:45.955762,,,
U000310,organico,signup,2024-01-18 15:27:09.299631,,,
U000311,pagado,signup,2024-03-12 01:48:54.720045,,,
U000311,pagado,login,2024-03-12 07:37:09.869275,,,
U000311,pagado,view_service,2024-03-13 02:25:29.549702,,,
U000312,organico,signup,2024-02-26 22:43:27.622217,,,
U000312,organico,login,2024-02-28 05:16:58.186288,,,
U000313,pagado,signup,2024-02-14 01:12:36.707015,,,
U000313,pagado,login,2024-02-14 19:04:23.516150,,,
U000313,pagado,view_service,2024-02-15 12:28:29.450342,,,
U000314,organico,signup,2024-03-01 08:12:49.529158,,,
U000314,organico,login,2024-03-02 21:22:10.570661,,,
U000314,organico,view_service,2024-03-03 09:15:35.012179,,,
U000314,organico,start_application,2024-03-05 22:30:55.939163,,,
U000314,organico,complete_kyc,2024-03-09 15:54:10.700236,,,kyc_approved
U000314,organico,first_transaction,2024-03-11 05:33:16.666993,46.07,False,
U000315,pagado,signup,2024-03-29 21:28:45.744760,,,
U000315,pagado,login,2024-03-31 05:39:22.268041,,,
U000315,pagado,view_service,2024-03-31 10:30:13.029274,,,
U000315,pagado,start_application,2024-04-02 13:11:38.528195,,,
U000315,pagado,complete_kyc,2024-04-06 05:28:31.725572,,,kyc_approved
U000315,pagado,first_transaction,2024-04-07 08:21:25.320788,47.15,False,
U000315,pagado,repeat_transaction,2024-04-10 20:04:57.823935,92.25,False,
U000315,pagado,repeat_transaction,2024-04-13 14:06:00.614079,28.79,False,
U000315,pagado,repeat_transaction,2024-04-19 18:16:48.080909,13.02,False,
U000315,pagado,repeat_transaction,2024-04-24 10:13:15.966170,77.25,False,
U000315,pagado,repeat_transaction,2024-04-26 01:51:23.296852,29.02,False,
U000315,pagado,repeat_transaction,2024-05-05 14:24:42.522574,79.86,False,
U000315,pagado,repeat_transaction,2024-05-15 05:03:39.712812,47.86,False,
U000315,pagado,repeat_transaction,2024-05-23 12:42:03.091866,33.39,False,
U000315,pagado,repeat_transaction,2024-05-30 18:38:46.683346,46.72,False,
U000315,pagado,repeat_transaction,2024-06-05 20:17:26.589665,143.41,False,
U000315,pagado,repeat_transaction,2024-06-13 15:54:17.816117,156.63,False,
U000315,pagado,repeat_transaction,2024-06-18 19:00:58.354767,38.42,False,
U000315,pagado,repeat_transaction,2024-06-25 01:46:14.654503,40.94,False,
U000315,pagado,repeat_transaction,2024-06-27 02:53:04.885703,77.74,False,
U000316,pagado,signup,2024-04-01 03:42:49.188582,,,
U000316,pagado,login,2024-04-03 01:34:46.242870,,,
U000316,pagado,view_service,2024-04-03 01:51:44.576460,,,
U000317,organico,signup,2024-01-11 01:04:08.828950,,,
U000317,organico,login,2024-01-12 21:46:58.796547,,,
U000317,organico,view_service,2024-01-13 06:18:00.836545,,,
U000318,organico,signup,2024-03-27 22:10:10.887534,,,
U000318,organico,login,2024-03-28 07:50:01.385535,,,
U000318,organico,view_service,2024-03-29 04:47:09.243748,,,
U000318,organico,start_application,2024-03-29 19:27:53.339825,,,
U000318,organico,complete_kyc,2024-03-30 19:48:38.630016,,,kyc_approved
U000318,organico,first_transaction,2024-03-31 01:01:16.131202,20.25,False,
U000319,pagado,signup,2024-02-27 00:12:29.259716,,,
U000319,pagado,login,2024-02-27 23:24:35.706198,,,
U000319,pagado,view_service,2024-02-28 11:15:05.293564,,,
U000320,referido,signup,2024-03-20 16:19:12.048195,,,
U000320,referido,login,2024-03-21 05:50:41.224697,,,
U000320,referido,view_service,2024-03-21 19:42:21.297064,,,
U000320,referido,start_application,2024-03-24 05:16:24.322582,,,
U000320,referido,complete_kyc,2024-03-26 03:27:10.764921,,,kyc_approved
U000320,referido,first_transaction,2024-03-26 22:24:43.311098,46.21,False,
U000320,referido,repeat_transaction,2024-04-03 05:13:58.287250,35.94,False,
U000320,referido,repeat_transaction,2024-04-10 10:06:08.410199,45.59,True,
U000321,organico,signup,2024-02-23 14:47:17.598457,,,
U000321,organico,login,2024-02-24 17:09:51.871218,,,
U000321,organico,view_service,2024-02-25 04:30:11.268566,,,
U000322,organico,signup,2024-02-16 02:23:45.655615,,,
U000322,organico,login,2024-02-17 19:25:05.646099,,,
U000322,organico,view_service,2024-02-17 23:46:35.695400,,,
U000322,organico,start_application,2024-02-19 17:16:59.769428,,,
U000322,organico,complete_kyc,2024-02-20 15:36:41.017906,,,kyc_approved
U000322,organico,first_transaction,2024-02-21 03:00:23.261918,20.42,False,
U000322,organico,repeat_transaction,2024-02-29 07:48:52.389441,12.03,False,
U000322,organico,repeat_transaction,2024-03-05 13:58:47.099714,8.58,True,
U000322,organico,repeat_transaction,2024-03-10 09:01:41.571936,16.74,False,
U000323,referido,signup,2024-02-28 07:01:25.926981,,,
U000323,referido,login,2024-02-28 19:08:43.889316,,,
U000324,organico,signup,2024-01-11 01:42:20.777770,,,
U000324,organico,login,2024-01-12 17:59:33.059259,,,
U000324,organico,view_service,2024-01-13 11:52:31.886727,,,
U000324,organico,start_application,2024-01-14 13:52:53.641912,,,
U000324,organico,complete_kyc,2024-01-16 19:37:19.215571,,,kyc_approved
U000324,organico,first_transaction,2024-01-17 15:26:43.265994,26.55,False,
U000325,pagado,signup,2024-02-23 13:36:03.187717,,,
U000326,organico,signup,2024-01-31 18:26:44.476238,,,
U000326,organico,login,2024-01-31 22:18:05.069229,,,
U000326,organico,view_service,2024-02-01 09:27:29.773630,,,
U000327,referido,signup,2024-02-29 13:56:23.315512,,,
U000327,referido,login,2024-03-01 09:25:42.323367,,,
U000328,organico,signup,2024-02-02 05:45:16.641834,,,
U000328,organico,login,2024-02-03 10:51:09.226582,,,
U000328,organico,view_service,2024-02-04 08:09:46.014146,,,
U000329,referido,signup,2024-01-17 21:54:29.503938,,,
U000329,referido,login,2024-01-18 10:03:43.514343,,,
U000329,referido,view_service,2024-01-19 04:04:06.074460,,,
U000329,referido,start_application,2024-01-20 08:42:57.353241,,,
U000329,referido,complete_kyc,2024-01-20 18:20:28.721827,,,kyc_rejected
U000330,organico,signup,2024-01-10 12:28:13.749217,,,
U000330,organico,login,2024-01-11 23:54:04.325497,,,
U000330,organico,view_service,2024-01-12 02:58:43.542891,,,
U000331,organico,signup,2024-01-05 12:29:56.214811,,,
U000331,organico,login,2024-01-06 10:58:39.057928,,,
U000332,referido,signup,2024-02-20 12:06:01.982349,,,
U000332,referido,login,2024-02-21 16:30:04.867328,,,
U000332,referido,view_service,2024-02-22 10:29:16.025616,,,
U000333,organico,signup,2024-02-29 02:44:58.842702,,,
U000333,organico,login,2024-02-29 13:43:44.871697,,,
U000333,organico,view_service,2024-02-29 21:09:09.266641,,,
U000334,organico,signup,2024-01-03 11:21:36.569210,,,
U000334,organico,login,2024-01-04 01:11:45.851341,,,
U000334,organico,view_service,2024-01-04 17:43:05.377616,,,
U000335,pagado,signup,2024-01-29 17:32:22.487045,,,
U000335,pagado,login,2024-01-31 07:48:17.054719,,,
U000335,pagado,view_service,2024-01-31 12:22:15.644556,,,
U000336,organico,signup,2024-01-25 04:56:02.853519,,,
U000336,organico,login,2024-01-25 15:36:01.811499,,,
U000336,organico,view_service,2024-01-26 06:37:37.161788,,,
U000337,pagado,signup,2024-02-26 21:12:04.407813,,,
U000337,pagado,login,2024-02-27 22:46:52.877047,,,
U000337,pagado,view_service,2024-02-28 03:20:02.291001,,,
U000337,pagado,start_application,2024-02-28 13:15:26.055684,,,
U000337,pagado,complete_kyc,2024-02-29 00:17:46.568992,,,kyc_approved
U000337,pagado,first_transaction,2024-03-01 09:56:56.063782,29.81,False,
U000337,pagado,repeat_transaction,2024-03-02 20:40:09.963143,142.03,False,
U000337,pagado,repeat_transaction,2024-03-05 12:49:55.039458,79.38,False,
U000337,pagado,repeat_transaction,2024-03-08 22:58:41.174793,18.66,False,
U000338,pagado,signup,2024-01-23 02:29:13.503241,,,
U000338,pagado,login,2024-01-23 17:30:41.786837,,,
U000339,referido,signup,2024-02-13 12:33:09.512286,,,
U000339,referido,login,2024-02-15 10:14:11.010842,,,
U000339,referido,view_service,2024-02-16 04:51:47.804804,,,
U000339,referido,start_application,2024-02-17 14:46:00.596459,,,
U000339,referido,complete_kyc,2024-02-18 09:37:16.306767,,,kyc_approved
U000339,referido,first_transaction,2024-02-20 01:23:40.089820,46.68,False,
U000340,organico,signup,2024-03-11 20:28:40.015022,,,
U000340,organico,login,2024-03-12 18:39:06.339535,,,
U000341,pagado,signup,2024-01-30 09:54:35.086267,,,
U000341,pagado,login,2024-02-01 06:54:43.950338,,,
U000341,pagado,view_service,2024-02-01 13:01:44.574810,,,
U000342,organico,signup,2024-03-22 17:46:12.245635,,,
U000342,organico,login,2024-03-24 00:11:11.067715,,,
U000342,organico,view_service,2024-03-24 04:14:40.877645,,,
U000342,organico,start_application,2024-03-24 12:56:50.978041,,,
U000342,organico,complete_kyc,2024-03-27 16:48:38.609672,,,kyc_approved
U000342,organico,first_transaction,2024-03-29 06:26:21.080101,27.52,False,
U000342,organico,repeat_transaction,2024-04-06 04:55:52.827303,29.99,False,
U000342,organico,repeat_transaction,2024-04-11 16:54:50.002343,41.67,False,
U000342,organico,repeat_transaction,2024-04-15 18:00:47.024776,56.45,False,
U000342,organico,repeat_transaction,2024-04-23 14:04:41.009077,28.86,False,
U000342,organico,repeat_transaction,2024-04-27 18:52:11.553402,77.07,False,
U000342,organico,repeat_transaction,2024-05-03 14:43:19.899529,16.46,False,
U000343,organico,signup,2024-01-31 01:33:28.289284,,,
U000343,organico,login,2024-02-01 20:22:29.583146,,,
U000343,organico,view_service,2024-02-01 20:56:10.624380,,,
U000343,organico,start_application,2024-02-04 01:07:14.102404,,,
U000343,organico,complete_kyc,2024-02-05 01:33:43.470094,,,kyc_approved
U000343,organico,first_transaction,2024-02-06 04:26:21.704991,36.76,False,
U000343,organico,repeat_transaction,2024-02-08 20:45:02.649422,225.51,False,
U000343,organico,repeat_transaction,2024-02-16 10:56:58.763533,42.78,False,
U000343,organico,repeat_transaction,2024-02-24 22:31:16.207354,99.81,False,
U000343,organico,repeat_transaction,2024-03-01 22:17:51.200539,39.02,False,
U000343,organico,repeat_transaction,2024-03-04 07:46:59.012290,54.96,False,
U000343,organico,repeat_transaction,2024-03-07 16:39:59.403783,35.17,False,
U000343,organico,repeat_transaction,2024-03-08 16:49:19.142599,32.48,False,
U000343,organico,repeat_transaction,2024-03-13 02:41:43.422372,21.21,False,
U000343,organico,repeat_transaction,2024-03-14 06:44:19.982855,49.46,False,
U000343,organico,repeat_transaction,2024-03-22 06:21:30.465975,20.16,False,
U000344,pagado,signup,2024-03-01 18:50:24.353011,,,
U000344,pagado,login,2024-03-02 18:46:21.730087,,,
U000344,pagado,view_service,2024-03-03 09:30:17.973562,,,
U000344,pagado,start_application,2024-03-05 07:41:09.546748,,,
U000344,pagado,complete_kyc,2024-03-05 18:44:07.116031,,,kyc_approved
U000344,pagado,first_transaction,2024-03-07 10:50:27.858667,58.32,False,
U000345,organico,signup,2024-02-14 18:46:11.663439,,,
U000345,organico,login,2024-02-16 02:23:03.605218,,,
U000345,organico,view_service,2024-02-16 19:13:50.900158,,,
U000345,organico,start_application,2024-02-17 21:40:17.974719,,,
U000345,organico,complete_kyc,2024-02-20 08:02:24.830730,,,kyc_approved
U000346,organico,signup,2024-02-16 02:47:25.076000,,,
U000346,organico,login,2024-02-16 05:47:52.216468,,,
U000346,organico,view_service,2024-02-17 04:19:07.601879,,,
U000347,organico,signup,2024-03-06 13:59:03.864282,,,
U000347,organico,login,2024-03-06 17:27:21.593352,,,
U000347,organico,view_service,2024-03-07 16:07:45.305571,,,
U000348,organico,signup,2024-03-07 19:07:52.464365,,,
U000348,organico,login,2024-03-08 07:08:49.161095,,,
U000348,organico,view_service,2024-03-08 11:28:53.737311,,,
U000349,organico,signup,2024-01-12 03:14:15.417958,,,
U000349,organico,login,2024-01-13 11:12:09.809615,,,
U000350,organico,signup,2024-01-18 15:17:38.023954,,,
U000350,organico,login,2024-01-20 15:13:07.909119,,,
U000350,organico,view_service,2024-01-20 23:42:25.290889,,,
U000350,organico,start_application,2024-01-23 23:05:35.571381,,,
U000350,organico,complete_kyc,2024-01-25 06:35:51.653925,,,kyc_approved
U000350,organico,first_transaction,2024-01-26 03:19:22.261187,78.23,False,
U000350,organico,repeat_transaction,2024-02-01 01:10:41.225086,47.3,False,
U000350,organico,repeat_transaction,2024-02-07 00:01:46.842577,29.95,False,
U000350,organico,repeat_transaction,2024-02-11 05:47:29.487118,50.29,False,
U000350,organico,repeat_transaction,2024-02-20 21:06:48.964602,29.49,True,
U000350,organico,repeat_transaction,2024-02-22 04:36:02.837375,70.45,False,
U000350,organico,repeat_transaction,2024-02-23 08:07:19.620860,10.16,False,
U000350,organico,repeat_transaction,2024-03-03 08:25:55.996839,28.94,True,
U000350,organico,repeat_transaction,2024-03-13 05:03:41.101965,9.08,False,
U000350,organico,repeat_transaction,2024-03-17 01:04:50.977283,12.85,False,
U000350,organico,repeat_transaction,2024-03-26 12:50:38.309179,95.08,False,
U000351,referido,signup,2024-01-10 22:42:32.654941,,,
U000351,referido,login,2024-01-12 17:25:19.650724,,,
U000351,referido,view_service,2024-01-12 23:36:32.994475,,,
U000351,referido,start_application,2024-01-14 16:43:37.890837,,,
U000351,referido,complete_kyc,2024-01-16 23:34:22.416150,,,kyc_approved
U000351,referido,first_transaction,2024-01-17 15:13:32.313949,68.49,False,
U000351,referido,repeat_transaction,2024-01-24 20:10:41.464525,22.12,False,
U000351,referido,repeat_transaction,2024-02-03 00:13:54.491859,12.78,False,
U000351,referido,repeat_transaction,2024-02-06 17:07:00.286048,5.0,False,
U000351,referido,repeat_transaction,2024-02-12 21:35:38.488179,25.02,False,
U000351,referido,repeat_transaction,2024-02-14 09:40:23.986560,199.2,False,
U000351,referido,repeat_transaction,2024-02-18 12:49:34.515487,49.62,False,
U000351,referido,repeat_transaction,2024-02-23 06:47:41.799219,24.74,False,
U000351,referido,repeat_transaction,2024-03-03 02:40:07.792600,50.68,False,
U000351,referido,repeat_transaction,2024-03-09 23:40:08.885425,12.27,False,
U000351,referido,repeat_transaction,2024-03-11 02:08:20.260062,29.72,False,
U000351,referido,repeat_transaction,2024-03-15 12:45:22.121857,39.24,False,
U000351,referido,repeat_transaction,2024-03-16 21:39:05.441139,34.46,False,
U000351,referido,repeat_transaction,2024-03-19 05:57:38.864043,63.66,False,
U000351,referido,repeat_transaction,2024-03-22 05:39:10.747183,46.58,False,
U000351,referido,repeat_transaction,2024-03-29 19:40:26.245987,58.43,False,
U000352,organico,signup,2024-02-25 01:35:56.535013,,,
U000352,organico,login,2024-02-25 20:35:13.490338,,,
U000352,organico,view_service,2024-02-25 22:36:50.529950,,,
U000353,organico,signup,2024-02-07 00:17:42.369794,,,
U000353,organico,login,2024-02-07 06:38:24.264953,,,
U000353,organico,view_service,2024-02-07 20:05:06.781361,,,
U000354,pagado,signup,2024-01-24 05:36:37.695685,,,
U000354,pagado,login,2024-01-26 01:58:36.066355,,,
U000354,pagado,view_service,2024-01-26 18:06:54.140413,,,
U000355,organico,signup,2024-01-31 11:02:52.495220,,,
U000355,organico,login,2024-02-02 10:27:23.191781,,,
U000355,organico,view_service,2024-02-03 10:13:14.716476,,,
U000356,organico,signup,2024-01-06 20:34:17.889942,,,
U000356,organico,login,2024-01-08 08:58:01.503412,,,
U000357,organico,signup,2024-03-21 00:11:17.860227,,,
U000357,organico,login,2024-03-21 05:37:06.637222,,,
U000357,organico,view_service,2024-03-21 06:12:47.979710,,,
U000357,organico,start_application,2024-03-22 20:59:45.312435,,,
U000357,organico,complete_kyc,2024-03-23 16:57:32.217554,,,kyc_approved
U000357,organico,first_transaction,2024-03-24 16:11:45.277959,22.6,False,
U000357,organico,repeat_transaction,2024-03-31 16:32:24.706467,68.61,False,
U000357,organico,repeat_transaction,2024-04-09 20:14:41.632861,114.46,False,
U000357,organico,repeat_transaction,2024-04-13 03:25:24.486393,18.56,False,
U000357,organico,repeat_transaction,2024-04-15 22:46:25.740317,19.66,False,
U000357,organico,repeat_transaction,2024-04-19 09:22:14.196912,93.23,False,
U000357,organico,repeat_transaction,2024-04-28 21:31:43.429519,32.01,False,
U000357,organico,repeat_transaction,2024-05-05 20:10:09.338626,97.78,False,
U000357,organico,repeat_transaction,2024-05-15 01:20:56.102223,26.85,False,
U000357,organico,repeat_transaction,2024-05-17 00:39:12.480588,101.35,False,
U000357,organico,repeat_transaction,2024-05-25 23:28:06.120849,40.13,False,
U000357,organico,repeat_transaction,2024-06-04 19:06:13.041838,43.85,False,
U000357,organico,repeat_transaction,2024-06-12 04:23:47.051423,109.43,False,
U000358,organico,signup,2024-02-24 19:51:44.418772,,,
U000359,pagado,signup,2024-03-06 03:53:15.033119,,,
U000359,pagado,login,2024-03-07 03:27:19.052994,,,
U000359,pagado,view_service,2024-03-07 03:56:43.106265,,,
U000360,organico,signup,2024-01-30 04:55:42.538557,,,
U000360,organico,login,2024-01-30 07:59:55.490683,,,
U000360,organico,view_service,2024-01-30 17:19:17.338922,,,
U000361,referido,signup,2024-03-27 22:06:50.623814,,,
U000361,referido,login,2024-03-28 17:01:53.090943,,,
U000361,referido,view_service,2024-03-29 10:33:44.177766,,,
U000362,pagado,signup,2024-03-21 05:30:42.250709,,,
U000362,pagado,login,2024-03-22 02:02:21.874794,,,
U000362,pagado,view_service,2024-03-22 16:35:16.780048,,,
U000363,organico,signup,2024-03-01 07:17:08.348431,,,
U000363,organico,login,2024-03-01 14:00:03.975027,,,
U000363,organico,view_service,2024-03-02 11:34:24.989121,,,
U000364,organico,signup,2024-02-21 23:51:24.518174,,,
U000364,organico,login,2024-02-23 10:25:04.838993,,,
U000364,organico,view_service,2024-02-24 06:34:28.469794,,,
U000364,organico,start_application,2024-02-24 08:47:39.939172,,,
U000364,organico,complete_kyc,2024-02-25 15:43:44.682943,,,kyc_rejected
U000365,referido,signup,2024-01-30 01:07:35.544966,,,
U000365,referido,login,2024-01-31 12:35:34.827735,,,
U000365,referido,view_service,2024-01-31 17:08:38.462920,,,
U000365,referido,start_application,2024-01-31 19:07:39.610564,,,
U000365,referido,complete_kyc,2024-02-04 17:47:11.143465,,,kyc_approved
U000365,referido,first_transaction,2024-02-05 23:13:06.850442,28.41,False,
U000365,referido,repeat_transaction,2024-02-10 04:49:08.464176,18.94,False,
U000366,organico,signup,2024-02-16 19:32:03.088044,,,
U000366,organico,login,2024-02-18 12:27:04.287378,,,
U000366,organico,view_service,2024-02-18 15:47:40.634298,,,
U000366,organico,start_application,2024-02-18 18:12:42.931855,,,
U000366,organico,complete_kyc,2024-02-21 19:43:31.389904,,,kyc_approved
U000366,organico,first_transaction,2024-02-22 15:36:36.701091,26.74,False,
U000367,pagado,signup,2024-01-08 21:06:17.774264,,,
U000367,pagado,login,2024-01-09 20:40:23.527683,,,
U000367,pagado,view_service,2024-01-10 07:40:53.051499,,,
U000367,pagado,start_application,2024-01-11 12:53:28.765791,,,
U000367,pagado,complete_kyc,2024-01-11 17:23:08.639153,,,kyc_approved
U000367,pagado,first_transaction,2024-01-12 08:28:24.682572,50.23,False,
U000368,pagado,signup,2024-02-19 03:31:00.263290,,,
U000368,pagado,login,2024-02-20 01:14:55.821432,,,
U000369,organico,signup,2024-04-01 03:27:19.534155,,,
U000369,organico,login,2024-04-02 06:16:09.485941,,,
U000369,organico,view_service,2024-04-02 21:25:24.004189,,,
U000369,organico,start_application,2024-04-03 18:27:32.870310,,,
U000369,organico,complete_kyc,2024-04-05 08:58:18.984992,,,kyc_approved
U000369,organico,first_transaction,2024-04-06 07:10:13.689946,12.23,False,
U000369,organico,repeat_transaction,2024-04-13 12:12:01.110477,57.18,False,
U000370,organico,signup,2024-02-29 05:44:59.411443,,,
U000370,organico,login,2024-03-01 09:53:34.016404,,,
U000371,pagado,signup,2024-02-06 16:47:13.798888,,,
U000371,pagado,login,2024-02-08 11:50:06.521844,,,
U000372,referido,signup,2024-01-10 10:33:57.107191,,,
U000372,referido,login,2024-01-10 18:31:16.237218,,,
U000372,referido,view_service,2024-01-10 20:45:18.745974,,,
U000373,pagado,signup,2024-01-10 09:14:12.602273,,,
U000374,pagado,signup,2024-01-16 22:35:29.716312,,,
U000374,pagado,login,2024-01-17 14:44:50.421211,,,
U000375,referido,signup,2024-01-16 17:39:31.050478,,,
U000375,referido,login,2024-01-17 08:30:53.297200,,,
U000375,referido,view_service,2024-01-18 07:34:47.795511,,,
U000375,referido,start_application,2024-01-18 20:40:19.154976,,,
U000375,referido,complete_kyc,2024-01-22 10:58:57.864809,,,kyc_rejected
U000376,organico,signup,2024-02-16 16:26:46.132886,,,
U000376,organico,login,2024-02-17 02:56:03.858526,,,
U000376,organico,view_service,2024-02-17 13:51:05.190605,,,
U000377,pagado,signup,2024-01-03 11:22:11.132208,,,
U000377,pagado,login,2024-01-05 02:45:12.864925,,,
U000377,pagado,view_service,2024-01-05 07:13:49.768636,,,
U000377,pagado,start_application,2024-01-06 08:25:30.062257,,,
U000377,pagado,complete_kyc,2024-01-06 22:48:29.786552,,,kyc_approved
U000377,pagado,first_transaction,2024-01-08 03:48:20.331945,25.1,False,
U000377,pagado,repeat_transaction,2024-01-12 21:52:06.035935,81.73,False,
U000377,pagado,repeat_transaction,2024-01-19 23:02:23.605050,6.85,False,
U000378,pagado,signup,2024-02-25 08:01:42.212377,,,
U000378,pagado,login,2024-02-26 11:51:39.159846,,,
U000379,organico,signup,2024-01-29 07:19:18.287256,,,
U000379,organico,login,2024-01-30 03:53:26.010121,,,
U000379,organico,view_service,2024-01-30 10:57:14.046667,,,
U000379,organico,start_application,2024-02-01 12:59:49.342127,,,
U000379,organico,complete_kyc,2024-02-02 15:42:14.437125,,,kyc_approved
U000379,organico,first_transaction,2024-02-04 01:08:03.275647,21.1,False,
U000379,organico,repeat_transaction,2024-02-13 20:40:25.793424,11.24,False,
U000379,organico,repeat_transaction,2024-02-15 15:36:37.784213,20.52,False,
U000379,organico,repeat_transaction,2024-02-22 02:14:33.173406,43.53,False,
U000379,organico,repeat_transaction,2024-02-29 10:54:45.239932,32.28,False,
U000379,organico,repeat_transaction,2024-03-09 02:02:12.941289,30.65,False,
U000379,organico,repeat_transaction,2024-03-15 06:16:03.896265,32.74,False,
U000379,organico,repeat_transaction,2024-03-24 14:31:21.030539,42.2,False,
U000379,organico,repeat_transaction,2024-03-30 01:44:39.279767,18.07,False,
U000379,organico,repeat_transaction,2024-04-04 13:15:22.770241,60.03,False,
U000379,organico,repeat_transaction,2024-04-13 12:07:39.648757,58.2,False,
U000379,organico,repeat_transaction,2024-04-17 02:52:23.167428,47.92,False,
U000379,organico,repeat_transaction,2024-04-19 04:24:21.035204,54.03,False,
U000380,pagado,signup,2024-03-08 13:54:27.473111,,,
U000380,pagado,login,2024-03-08 16:11:12.146291,,,
U000380,pagado,view_service,2024-03-09 11:32:29.218402,,,
U000380,pagado,start_application,2024-03-11 09:42:06.861990,,,
U000380,pagado,complete_kyc,2024-03-14 04:05:54.727749,,,kyc_approved
U000380,pagado,first_transaction,2024-03-14 18:34:55.699774,45.04,False,
U000381,organico,signup,2024-02-01 09:23:46.418139,,,
U000382,pagado,signup,2024-02-14 14:15:42.772813,,,
U000382,pagado,login,2024-02-14 21:48:17.584431,,,
U000382,pagado,view_service,2024-02-15 18:34:37.227933,,,
U000383,organico,signup,2024-03-16 04:52:00.718001,,,
U000383,organico,login,2024-03-17 08:01:39.427015,,,
U000383,organico,view_service,2024-03-17 21:22:26.805915,,,
U000383,organico,start_application,2024-03-19 14:59:20.411616,,,
U000383,organico,complete_kyc,2024-03-20 23:10:05.504445,,,kyc_rejected
U000384,pagado,signup,2024-01-08 02:36:12.553175,,,
U000384,pagado,login,2024-01-08 20:40:39.072870,,,
U000384,pagado,view_service,2024-01-09 00:42:08.962109,,,
U000385,organico,signup,2024-01-13 07:09:38.422600,,,
U000385,organico,login,2024-01-14 17:15:43.234754,,,
U000385,organico,view_service,2024-01-14 19:23:26.939776,,,
U000386,organico,signup,2024-01-18 03:00:31.347011,,,
U000386,organico,login,2024-01-18 07:32:40.001276,,,
U000386,organico,view_service,2024-01-19 02:43:51.960780,,,
U000387,organico,signup,2024-02-02 02:15:13.247233,,,
U000387,organico,login,2024-02-02 18:01:59.403596,,,
U000388,organico,signup,2024-01-20 12:04:53.106868,,,
U000388,organico,login,2024-01-20 17:43:47.864477,,,
U000388,organico,view_service,2024-01-20 18:50:04.127944,,,
U000389,referido,signup,2024-02-01 21:14:46.782116,,,
U000389,referido,login,2024-02-03 09:03:30.238925,,,
U000389,referido,view_service,2024-02-04 03:16:27.576143,,,
U000390,organico,signup,2024-03-12 05:19:37.586629,,,
U000390,organico,login,2024-03-12 10:54:35.136953,,,
U000391,pagado,signup,2024-01-11 18:09:04.757901,,,
U000391,pagado,login,2024-01-13 15:26:03.584965,,,
U000392,pagado,signup,2024-01-17 17:25:37.230436,,,
U000392,pagado,login,2024-01-17 19:57:24.453558,,,
U000392,pagado,view_service,2024-01-18 17:38:26.324946,,,
U000392,pagado,start_application,2024-01-19 21:19:17.255593,,,
U000392,pagado,complete_kyc,2024-01-20 06:02:45.167357,,,kyc_approved
U000392,pagado,first_transaction,2024-01-22 00:50:16.782620,152.1,False,
U000393,organico,signup,2024-02-03 08:07:28.150952,,,
U000393,organico,login,2024-02-04 22:59:23.812455,,,
U000393,organico,view_service,2024-02-05 21:08:26.248190,,,
U000394,pagado,signup,2024-01-11 03:57:19.254619,,,
U000394,pagado,login,2024-01-11 18:55:23.196695,,,
U000394,pagado,view_service,2024-01-12 13:19:50.265859,,,
U000395,referido,signup,2024-01-15 19:56:08.367508,,,
U000395,referido,login,2024-01-16 04:49:05.771185,,,
U000396,organico,signup,2024-03-19 19:06:14.784553,,,
U000396,organico,login,2024-03-20 00:36:41.028714,,,
U000396,organico,view_service,2024-03-20 20:55:02.995866,,,
U000396,organico,start_application,2024-03-21 22:04:58.616938,,,
U000396,organico,complete_kyc,2024-03-24 05:27:53.002058,,,kyc_approved
U000396,organico,first_transaction,2024-03-25 15:46:42.253036,34.43,False,
U000396,organico,repeat_transaction,2024-04-02 18:56:36.551623,29.52,False,
U000396,organico,repeat_transaction,2024-04-07 09:31:11.442415,21.6,False,
U000397,pagado,signup,2024-02-21 06:56:35.803939,,,
U000397,pagado,login,2024-02-22 22:01:47.428090,,,
U000397,pagado,view_service,2024-02-23 16:51:50.979154,,,
U000398,pagado,signup,2024-02-20 05:50:44.753538,,,
U000398,pagado,login,2024-02-22 02:32:02.813933,,,
U000398,pagado,view_service,2024-02-22 14:14:20.078959,,,
U000399,organico,signup,2024-02-21 18:43:04.756358,,,
U000400,organico,signup,2024-01-12 14:25:33.637306,,,
U000400,organico,login,2024-01-13 14:12:09.892523,,,
U000400,organico,view_service,2024-01-13 16:25:15.648200,,,
U000401,referido,signup,2024-03-23 22:18:00.568301,,,
U000401,referido,login,2024-03-24 05:32:51.449796,,,
U000401,referido,view_service,2024-03-24 14:56:15.754761,,,
U000402,organico,signup,2024-02-11 02:35:32.349633,,,
U000402,organico,login,2024-02-11 03:04:52.433519,,,
U000403,organico,signup,2024-01-13 18:34:50.655190,,,
U000403,organico,login,2024-01-13 21:13:31.928729,,,
U000403,organico,view_service,2024-01-14 16:55:57.276844,,,
U000403,organico,start_application,2024-01-17 06:57:22.667658,,,
U000403,organico,complete_kyc,2024-01-20 18:07:43.326800,,,kyc_approved
U000403,organico,first_transaction,2024-01-21 13:06:50.956533,17.77,False,
U000403,organico,repeat_transaction,2024-01-26 11:06:54.738173,15.32,False,
U000403,organico,repeat_transaction,2024-01-29 00:34:18.436803,19.65,False,
U000403,organico,repeat_transaction,2024-02-04 00:32:34.256454,34.83,False,
U000403,organico,repeat_transaction,2024-02-08 06:21:54.118665,46.25,False,
U000403,organico,repeat_transaction,2024-02-11 20:40:29.068520,37.93,False,
U000403,organico,repeat_transaction,2024-02-13 23:47:36.090277,21.42,True,
U000403,organico,repeat_transaction,2024-02-20 19:50:43.565406,68.73,False,
U000404,referido,signup,2024-03-02 04:31:15.836754,,,
U000404,referido,login,2024-03-03 19:13:32.408780,,,
U000405,referido,signup,2024-03-05 12:22:15.551363,,,
U000405,referido,login,2024-03-06 08:47:11.611971,,,
U000406,organico,signup,2024-01-22 17:47:41.670036,,,
U000406,organico,login,2024-01-24 04:54:20.373294,,,
U000406,organico,view_service,2024-01-24 11:24:15.146932,,,
U000407,pagado,signup,2024-01-05 01:11:11.086942,,,
U000407,pagado,login,2024-01-06 05:04:52.635623,,,
U000408,organico,signup,2024-03-08 05:50:03.866472,,,
U000408,organico,login,2024-03-08 19:19:07.115392,,,
U000408,organico,view_service,2024-03-09 07:54:10.938213,,,
U000409,organico,signup,2024-02-28 10:09:41.186228,,,
U000409,organico,login,2024-02-29 12:05:20.353542,,,
U000409,organico,view_service,2024-03-01 02:49:16.585949,,,
U000410,pagado,signup,2024-01-03 10:11:20.323891,,,
U000410,pagado,login,2024-01-04 02:10:06.596176,,,
U000410,pagado,view_service,2024-01-05 01:38:09.107745,,,
U000410,pagado,start_application,2024-01-05 13:46:46.920610,,,
U000410,pagado,complete_kyc,2024-01-08 08:39:25.510401,,,kyc_approved
U000410,pagado,first_transaction,2024-01-09 22:21:34.627372,61.41,False,
U000410,pagado,repeat_transaction,2024-01-12 10:52:50.645138,32.73,False,
U000410,pagado,repeat_transaction,2024-01-22 08:47:58.336471,23.17,False,
U000410,pagado,repeat_transaction,2024-01-28 23:39:07.239932,53.73,False,
U000410,pagado,repeat_transaction,2024-01-30 17:28:27.145647,41.75,False,
U000410,pagado,repeat_transaction,2024-02-08 09:23:10.976754,13.28,False,
U000410,pagado,repeat_transaction,2024-02-10 14:00:53.118712,34.9,False,
U000410,pagado,repeat_transaction,2024-02-19 07:18:43.798173,43.97,True,
U000410,pagado,repeat_transaction,2024-02-21 07:24:24.614950,19.5,False,
U000410,pagado,repeat_transaction,2024-02-27 15:13:45.064516,41.8,False,
U000410,pagado,repeat_transaction,2024-03-03 15:42:22.567703,13.22,False,
U000411,organico,signup,2024-03-05 13:18:42.368713,,,
U000411,organico,login,2024-03-06 05:50:03.077030,,,
U000411,organico,view_service,2024-03-06 09:21:31.034139,,,
U000412,organico,signup,2024-02-16 15:05:39.584502,,,
U000412,organico,login,2024-02-17 12:16:45.087349,,,
U000412,organico,view_service,2024-02-17 17:22:45.156115,,,
U000413,organico,signup,2024-02-29 13:24:56.104398,,,
U000413,organico,login,2024-03-01 08:36:55.658183,,,
U000413,organico,view_service,2024-03-02 02:32:08.758207,,,
U000414,pagado,signup,2024-02-05 21:18:15.489632,,,
U000414,pagado,login,2024-02-07 15:05:26.182402,,,
U000414,pagado,view_service,2024-02-08 13:20:51.308598,,,
U000415,pagado,signup,2024-03-29 05:47:47.445810,,,
U000415,pagado,login,2024-03-30 12:25:44.866452,,,
U000416,organico,signup,2024-03-25 11:34:16.649825,,,
U000416,organico,login,2024-03-25 16:22:43.499218,,,
U000416,organico,view_service,2024-03-26 01:47:48.776723,,,
U000417,pagado,signup,2024-03-08 16:14:47.210739,,,
U000417,pagado,login,2024-03-10 01:24:38.805775,,,
U000417,pagado,view_service,2024-03-10 14:34:33.960302,,,
U000418,pagado,signup,2024-01-03 04:10:53.104937,,,
U000418,pagado,login,2024-01-03 14:47:29.256145,,,
U000418,pagado,view_service,2024-01-03 19:27:56.573346,,,
U000418,pagado,start_application,2024-01-04 02:10:34.654928,,,
U000418,pagado,complete_kyc,2024-01-07 20:18:12.834733,,,kyc_approved
U000418,pagado,first_transaction,2024-01-09 17:55:55.150866,93.25,False,
U000419,organico,signup,2024-03-19 05:01:47.836474,,,
U000419,organico,login,2024-03-20 08:14:40.741085,,,
U000420,referido,signup,2024-03-04 20:41:30.863149,,,
U000420,referido,login,2024-03-06 03:23:22.173922,,,
U000421,organico,signup,2024-01-31 06:26:24.362803,,,
U000421,organico,login,2024-02-01 00:52:34.222784,,,
U000421,organico,view_service,2024-02-01 02:21:52.479400,,,
U000422,organico,signup,2024-02-26 02:32:04.860895,,,
U000422,organico,login,2024-02-27 15:27:20.751726,,,
U000422,organico,view_service,2024-02-28 06:54:49.368482,,,
U000423,pagado,signup,2024-01-11 08:51:00.858741,,,
U000423,pagado,login,2024-01-12 06:18:28.759844,,,
U000424,organico,signup,2024-02-29 13:30:49.071625,,,
U000424,organico,login,2024-03-01 23:08:46.590199,,,
U000425,pagado,signup,2024-03-13 05:23:15.259939,,,
U000426,pagado,signup,2024-02-14 22:52:37.744359,,,
U000426,pagado,login,2024-02-16 07:38:13.498608,,,
U000426,pagado,view_service,2024-02-16 22:49:48.035851,,,
U000427,organico,signup,2024-02-20 01:51:18.047152,,,
U000427,organico,login,2024-02-21 14:40:14.702136,,,
U000427,organico,view_service,2024-02-21 18:57:02.732351,,,
U000427,organico,start_application,2024-02-22 22:40:19.658031,,,
U000427,organico,complete_kyc,2024-02-23 17:24:46.544754,,,kyc_approved
U000428,pagado,signup,2024-03-08 07:39:31.918258,,,
U000428,pagado,login,2024-03-09 12:09:39.427945,,,
U000428,pagado,view_service,2024-03-09 13:43:10.652576,,,
U000429,organico,signup,2024-02-19 21:19:57.028893,,,
U000430,organico,signup,2024-01-07 19:59:03.492368,,,
U000430,organico,login,2024-01-09 10:44:40.455397,,,
U000430,organico,view_service,2024-01-09 21:46:21.148246,,,
U000431,referido,signup,2024-01-15 23:38:38.893243,,,
U000431,referido,login,2024-01-16 06:31:34.754274,,,
U000431,referido,view_service,2024-01-16 17:51:43.311273,,,
U000432,organico,signup,2024-03-05 05:56:02.463830,,,
U000432,organico,login,2024-03-05 20:45:19.713861,,,
U000433,organico,signup,2024-01-17 22:52:26.751252,,,
U000433,organico,login,2024-01-18 22:47:14.175795,,,
U000434,organico,signup,2024-03-14 19:50:55.326975,,,
U000435,pagado,signup,2024-02-01 03:46:04.623786,,,
U000435,pagado,login,2024-02-02 19:55:58.111580,,,
U000436,pagado,signup,2024-02-24 17:06:58.449716,,,
U000436,pagado,login,2024-02-25 13:06:07.661387,,,
U000436,pagado,view_service,2024-02-26 02:24:22.475859,,,
U000437,referido,signup,2024-01-05 18:18:31.824857,,,
U000437,referido,login,2024-01-07 07:39:31.797653,,,
U000437,referido,view_service,2024-01-07 19:22:18.133332,,,
U000437,referido,start_application,2024-01-08 08:22:17.357017,,,
U000437,referido,complete_kyc,2024-01-08 17:23:04.115336,,,kyc_approved
U000438,organico,signup,2024-03-15 10:33:03.600068,,,
U000438,organico,login,2024-03-16 17:17:55.144420,,,
U000438,organico,view_service,2024-03-17 03:13:00.485218,,,
U000439,pagado,signup,2024-01-05 13:34:54.584687,,,
U000440,pagado,signup,2024-03-12 18:43:40.191961,,,
U000440,pagado,login,2024-03-13 00:27:23.240909,,,
U000440,pagado,view_service,2024-03-13 02:47:53.102884,,,
U000440,pagado,start_application,2024-03-15 09:37:23.536328,,,
U000440,pagado,complete_kyc,2024-03-17 13:40:00.244040,,,kyc_approved
U000440,pagado,first_transaction,2024-03-18 21:20:54.619233,87.67,False,
U000440,pagado,repeat_transaction,2024-03-21 05:34:46.082678,30.67,False,
U000440,pagado,repeat_transaction,2024-03-30 10:27:36.330096,47.2,False,
U000440,pagado,repeat_transaction,2024-04-01 20:58:05.390027,6.77,False,
U000440,pagado,repeat_transaction,2024-04-03 08:38:17.262931,16.29,False,
U000440,pagado,repeat_transaction,2024-04-06 05:54:34.254719,29.8,False,
U000440,pagado,repeat_transaction,2024-04-12 19:08:32.981637,17.28,False,
U000440,pagado,repeat_transaction,2024-04-17 21:01:20.576965,60.34,False,
U000440,pagado,repeat_transaction,2024-04-19 08:21:10.813217,148.13,False,
U000440,pagado,repeat_transaction,2024-04-21 18:29:27.080080,16.06,False,
U000440,pagado,repeat_transaction,2024-04-27 09:42:36.210892,20.36,False,
U000440,pagado,repeat_transaction,2024-04-30 12:32:05.359511,43.16,False,
U000440,pagado,repeat_transaction,2024-05-06 17:45:48.116355,113.04,False,
U000440,pagado,repeat_transaction,2024-05-14 11:08:02.775895,15.55,False,
U000441,organico,signup,2024-01-12 03:21:13.552183,,,
U000441,organico,login,2024-01-12 13:01:53.935730,,,
U000442,organico,signup,2024-02-23 17:06:12.315387,,,
U000442,organico,login,2024-02-24 22:23:43.036758,,,
U000442,organico,view_service,2024-02-25 07:23:24.920521,,,
U000443,organico,signup,2024-02-03 13:01:38.889615,,,
U000443,organico,login,2024-02-04 16:21:59.625810,,,
U000443,organico,view_service,2024-02-04 19:04:39.467116,,,
U000444,organico,signup,2024-03-10 15:36:35.945640,,,
U000444,organico,login,2024-03-12 05:46:10.803091,,,
U000445,referido,signup,2024-02-23 14:00:30.450046,,,
U000445,referido,login,2024-02-24 15:06:04.258850,,,
U000446,organico,signup,2024-02-14 01:50:33.123456,,,
U000446,organico,login,2024-02-15 19:44:24.003812,,,
U000446,organico,view_service,2024-02-16 06:11:24.928447,,,
U000446,organico,start_application,2024-02-19 00:58:33.769158,,,
U000446,organico,complete_kyc,2024-02-22 19:50:35.328669,,,kyc_rejected
U000447,referido,signup,2024-02-08 15:26:54.902209,,,
U000447,referido,login,2024-02-09 15:42:01.965898,,,
U000447,referido,view_service,2024-02-10 01:11:40.249772,,,
U000448,pagado,signup,2024-01-11 07:33:54.434913,,,
U000448,pagado,login,2024-01-12 16:52:02.917551,,,
U000448,pagado,view_service,2024-01-12 22:08:19.436705,,,
U000448,pagado,start_application,2024-01-13 15:25:38.347298,,,
U000448,pagado,complete_kyc,2024-01-17 15:19:37.927759,,,kyc_approved
U000448,pagado,first_transaction,2024-01-17 23:10:39.208377,43.57,False,
U000448,pagado,repeat_transaction,2024-01-19 04:27:03.125548,130.96,False,
U000448,pagado,repeat_transaction,2024-01-27 03:10:02.027618,11.52,False,
U000448,pagado,repeat_transaction,2024-01-31 18:43:30.253081,14.93,False,
U000448,pagado,repeat_transaction,2024-02-05 02:44:09.203246,27.21,False,
U000448,pagado,repeat_transaction,2024-02-11 19:33:02.833959,25.42,False,
U000448,pagado,repeat_transaction,2024-02-13 10:49:18.059063,64.64,False,
U000448,pagado,repeat_transaction,2024-02-17 10:43:45.872269,43.34,False,
U000448,pagado,repeat_transaction,2024-02-22 06:43:27.464232,10.56,False,
U000448,pagado,repeat_transaction,2024-03-02 19:04:51.320000,52.5,False,
U000448,pagado,repeat_transaction,2024-03-10 22:41:17.998537,24.43,False,
U000449,organico,signup,2024-03-22 00:17:17.931941,,,
U000449,organico,login,2024-03-23 08:42:15.089500,,,
U000450,organico,signup,2024-02-04 12:32:07.649281,,,
U000450,organico,login,2024-02-05 15:24:05.475864,,,
U000450,organico,view_service,2024-02-06 08:26:24.523726,,,
U000450,organico,start_application,2024-02-09 07:05:31.693630,,,
U000450,organico,complete_kyc,2024-02-10 06:22:53.617732,,,kyc_approved
U000450,organico,first_transaction,2024-02-12 03:28:00.287207,89.31,False,
U000451,organico,signup,2024-03-09 06:38:47.749386,,,
U000451,organico,login,2024-03-10 15:19:46.048246,,,
U000451,organico,view_service,2024-03-10 16:53:49.738951,,,
U000451,organico,start_application,2024-03-12 03:57:24.711080,,,
U000451,organico,complete_kyc,2024-03-14 06:45:18.188654,,,kyc_approved
U000451,organico,first_transaction,2024-03-15 15:20:45.670513,23.59,False,
U000451,organico,repeat_transaction,2024-03-19 22:51:55.884865,23.44,False,
U000451,organico,repeat_transaction,2024-03-27 04:36:06.157748,53.45,False,
U000451,organico,repeat_transaction,2024-04-05 03:21:28.300300,62.43,False,
U000451,organico,repeat_transaction,2024-04-14 02:17:50.356090,50.08,False,
U000451,organico,repeat_transaction,2024-04-18 14:41:05.070283,11.25,False,
U000451,organico,repeat_transaction,2024-04-28 05:40:05.328654,53.34,False,
U000451,organico,repeat_transaction,2024-04-30 17:15:27.538872,17.74,False,
U000451,organico,repeat_transaction,2024-05-03 01:12:56.602688,43.15,False,
U000451,organico,repeat_transaction,2024-05-05 21:20:06.191519,13.51,False,
U000451,organico,repeat_transaction,2024-05-07 02:14:10.144347,50.02,False,
U000452,pagado,signup,2024-03-26 07:53:31.552982,,,
U000452,pagado,login,2024-03-26 09:01:15.960528,,,
U000452,pagado,view_service,2024-03-26 09:35:55.957778,,,
U000453,pagado,signup,2024-03-01 19:19:35.285929,,,
U000453,pagado,login,2024-03-02 20:49:17.150616,,,
U000453,pagado,view_service,2024-03-03 07:50:26.522093,,,
U000454,referido,signup,2024-01-30 08:58:17.886189,,,
U000454,referido,login,2024-01-30 22:52:25.832943,,,
U000455,organico,signup,2024-01-17 00:09:13.487787,,,
U000455,organico,login,2024-01-18 10:10:20.175737,,,
U000456,pagado,signup,2024-01-16 15:06:58.307739,,,
U000456,pagado,login,2024-01-17 12:20:05.144433,,,
U000456,pagado,view_service,2024-01-17 17:17:53.639737,,,
U000457,pagado,signup,2024-03-30 04:04:45.830346,,,
U000458,pagado,signup,2024-01-12 23:00:59.959974,,,
U000458,pagado,login,2024-01-14 20:30:56.704455,,,
U000459,organico,signup,2024-03-29 20:37:54.648711,,,
U000459,organico,login,2024-03-30 10:53:20.475230,,,
U000460,referido,signup,2024-03-14 16:34:10.519681,,,
U000460,referido,login,2024-03-14 22:02:58.225703,,,
U000460,referido,view_service,2024-03-14 23:03:34.002061,,,
U000461,organico,signup,2024-01-04 20:22:44.445511,,,
U000461,organico,login,2024-01-05 12:06:43.079542,,,
U000461,organico,view_service,2024-01-05 16:50:08.890678,,,
U000462,pagado,signup,2024-03-11 05:37:21.493773,,,
U000462,pagado,login,2024-03-12 14:09:14.304428,,,
U000463,referido,signup,2024-02-06 23:43:34.221122,,,
U000463,referido,login,2024-02-07 02:30:39.072319,,,
U000463,referido,view_service,2024-02-07 12:04:56.522848,,,
U000464,organico,signup,2024-02-05 18:17:45.003816,,,
U000464,organico,login,2024-02-06 15:44:20.136326,,,
U000464,organico,view_service,2024-02-06 20:57:17.372644,,,
U000465,pagado,signup,2024-02-08 20:20:13.991374,,,
U000465,pagado,login,2024-02-10 15:26:17.450834,,,
U000465,pagado,view_service,2024-02-11 01:24:29.239211,,,
U000466,pagado,signup,2024-01-15 05:32:18.234514,,,
U000466,pagado,login,2024-01-15 21:42:17.497532,,,
U000467,pagado,signup,2024-01-26 18:35:15.961558,,,
U000467,pagado,login,2024-01-28 14:30:36.508363,,,
U000467,pagado,view_service,2024-01-29 10:29:36.010979,,,
U000467,pagado,start_application,2024-01-30 21:51:59.192351,,,
U000467,pagado,complete_kyc,2024-02-03 04:56:37.563976,,,kyc_approved
U000467,pagado,first_transaction,2024-02-04 04:42:40.251685,20.81,False,
U000467,pagado,repeat_transaction,2024-02-05 05:14:22.786132,14.91,False,
U000467,pagado,repeat_transaction,2024-02-14 19:44:29.067285,60.32,False,
U000467,pagado,repeat_transaction,2024-02-20 01:48:37.080499,43.34,False,
U000467,pagado,repeat_transaction,2024-02-29 02:37:50.122837,23.81,False,
U000467,pagado,repeat_transaction,2024-03-05 12:52:41.067803,101.07,False,
U000467,pagado,repeat_transaction,2024-03-08 17:44:38.871160,26.88,False,
U000467,pagado,repeat_transaction,2024-03-12 05:37:22.836953,37.43,False,
U000467,pagado,repeat_transaction,2024-03-13 20:02:08.061952,44.18,False,
U000467,pagado,repeat_transaction,2024-03-20 01:32:44.804777,23.72,False,
U000467,pagado,repeat_transaction,2024-03-28 21:06:30.590764,50.9,False,
U000467,pagado,repeat_transaction,2024-04-03 03:55:59.849424,25.19,False,
U000467,pagado,repeat_transaction,2024-04-05 05:45:48.122107,27.44,False,
U000467,pagado,repeat_transaction,2024-04-11 10:01:13.164814,95.0,False,
U000468,organico,signup,2024-01-14 08:35:37.619659,,,
U000468,organico,login,2024-01-16 04:23:00.940538,,,
U000468,organico,view_service,2024-01-16 11:22:32.341897,,,
U000469,referido,signup,2024-02-18 00:20:46.476648,,,
U000469,referido,login,2024-02-19 12:29:49.736305,,,
U000469,referido,view_service,2024-02-20 09:26:31.783358,,,
U000470,pagado,signup,2024-01-29 18:46:00.611784,,,
U000470,pagado,login,2024-01-30 22:39:03.854638,,,
U000471,organico,signup,2024-02-02 12:56:06.679173,,,
U000471,organico,login,2024-02-02 23:37:35.491410,,,
U000471,organico,view_service,2024-02-03 21:09:39.722909,,,
U000472,pagado,signup,2024-01-09 16:40:37.117524,,,
U000472,pagado,login,2024-01-10 07:42:04.845975,,,
U000472,pagado,view_service,2024-01-11 03:19:09.922972,,,
U000473,pagado,signup,2024-03-11 01:33:45.007821,,,
U000473,pagado,login,2024-03-12 16:40:50.167075,,,
U000473,pagado,view_service,2024-03-13 13:15:04.774412,,,
U000473,pagado,start_application,2024-03-14 05:38:31.300047,,,
U000473,pagado,complete_kyc,2024-03-14 18:06:44.629521,,,kyc_approved
U000473,pagado,first_transaction,2024-03-16 03:18:09.309006,17.67,False,
U000473,pagado,repeat_transaction,2024-03-21 11:54:05.915228,6.76,False,
U000473,pagado,repeat_transaction,2024-03-24 06:18:48.447019,113.03,False,
U000473,pagado,repeat_transaction,2024-03-31 04:49:40.251604,218.01,False,
U000473,pagado,repeat_transaction,2024-04-05 10:08:58.680342,27.56,False,
U000473,pagado,repeat_transaction,2024-04-06 19:29:54.371682,9.43,False,
U000473,pagado,repeat_transaction,2024-04-07 21:43:02.187404,29.45,False,
U000473,pagado,repeat_transaction,2024-04-10 00:27:24.057087,29.95,False,
U000473,pagado,repeat_transaction,2024-04-16 07:22:44.186243,32.04,False,
U000473,pagado,repeat_transaction,2024-04-23 08:13:43.250021,16.79,False,
U000473,pagado,repeat_transaction,2024-04-25 15:40:08.355906,54.91,False,
U000473,pagado,repeat_transaction,2024-04-29 03:34:55.669476,52.83,False,
U000473,pagado,repeat_transaction,2024-05-03 07:39:28.934934,12.86,False,
U000473,pagado,repeat_transaction,2024-05-11 08:18:40.675987,59.71,False,
U000474,pagado,signup,2024-01-08 23:16:41.088487,,,
U000474,pagado,login,2024-01-10 09:39:55.646654,,,
U000475,organico,signup,2024-03-26 02:25:58.015029,,,
U000475,organico,login,2024-03-27 11:58:24.053473,,,
U000475,organico,view_service,2024-03-28 04:09:15.439169,,,
U000475,organico,start_application,2024-03-30 16:16:20.098270,,,
U000475,organico,complete_kyc,2024-04-03 14:29:11.424784,,,kyc_approved
U000475,organico,first_transaction,2024-04-04 10:06:34.169926,153.99,False,
U000475,organico,repeat_transaction,2024-04-06 09:56:16.016885,41.28,False,
U000475,organico,repeat_transaction,2024-04-14 06:35:20.029975,28.9,False,
U000475,organico,repeat_transaction,2024-04-20 06:55:45.968688,33.14,False,
U000475,organico,repeat_transaction,2024-04-24 05:48:08.509428,56.3,False,
U000475,organico,repeat_transaction,2024-04-27 19:03:44.767173,10.9,False,
U000475,organico,repeat_transaction,2024-05-01 14:27:21.341006,41.06,False,
U000475,organico,repeat_transaction,2024-05-06 14:21:01.425647,27.85,False,
U000475,organico,repeat_transaction,2024-05-10 05:07:03.684781,133.42,False,
U000476,organico,signup,2024-01-09 02:32:28.239468,,,
U000476,organico,login,2024-01-09 11:13:46.263015,,,
U000477,organico,signup,2024-01-11 21:41:04.815886,,,
U000477,organico,login,2024-01-12 04:39:07.118219,,,
U000477,organico,view_service,2024-01-12 18:50:44.962791,,,
U000477,organico,start_application,2024-01-15 13:28:27.108066,,,
U000477,organico,complete_kyc,2024-01-19 11:21:33.082661,,,kyc_approved
U000478,organico,signup,2024-02-25 12:53:28.551572,,,
U000478,organico,login,2024-02-26 23:43:42.125849,,,
U000478,organico,view_service,2024-02-27 16:51:59.561920,,,
U000479,organico,signup,2024-03-13 16:45:22.500106,,,
U000479,organico,login,2024-03-14 21:44:52.347276,,,
U000479,organico,view_service,2024-03-15 09:24:08.770402,,,
U000479,organico,start_application,2024-03-17 16:43:17.775368,,,
U000479,organico,complete_kyc,2024-03-18 03:32:20.781833,,,kyc_approved
U000479,organico,first_transaction,2024-03-19 09:44:17.082188,32.4,False,
U000479,organico,repeat_transaction,2024-03-27 21:05:08.057787,117.63,False,
U000480,organico,signup,2024-01-18 17:21:24.123519,,,
U000480,organico,login,2024-01-19 23:18:34.356286,,,
U000481,pagado,signup,2024-02-20 15:05:37.990384,,,
U000481,pagado,login,2024-02-22 03:47:16.098873,,,
U000482,referido,signup,2024-02-10 20:47:05.361773,,,
U000482,referido,login,2024-02-12 10:13:02.074818,,,
U000483,organico,signup,2024-02-10 01:46:12.888592,,,
U000483,organico,login,2024-02-11 05:07:06.283353,,,
U000483,organico,view_service,2024-02-11 18:25:53.531098,,,
U000484,organico,signup,2024-02-21 18:13:23.344602,,,
U000484,organico,login,2024-02-22 22:38:03.164862,,,
U000484,organico,view_service,2024-02-23 14:53:09.941576,,,
U000485,organico,signup,2024-01-08 02:50:48.848906,,,
U000485,organico,login,2024-01-09 17:43:28.241955,,,
U000485,organico,view_service,2024-01-10 12:06:03.270390,,,
U000486,organico,signup,2024-02-10 12:36:24.420689,,,
U000486,organico,login,2024-02-11 00:24:19.249864,,,
U000486,organico,view_service,2024-02-11 07:55:48.471190,,,
U000486,organico,start_application,2024-02-13 09:29:48.129438,,,
U000486,organico,complete_kyc,2024-02-16 20:58:49.687956,,,kyc_approved
U000486,organico,first_transaction,2024-02-17 22:52:14.283149,16.9,False,
U000487,organico,signup,2024-02-17 17:59:21.698309,,,
U000487,organico,login,2024-02-17 19:09:16.151989,,,
U000487,organico,view_service,2024-02-18 08:51:52.034269,,,
U000487,organico,start_application,2024-02-18 15:59:27.347490,,,
U000487,organico,complete_kyc,2024-02-20 15:07:45.040212,,,kyc_approved
U000487,organico,first_transaction,2024-02-21 15:01:21.402274,55.21,False,
U000488,organico,signup,2024-01-29 22:13:53.057515,,,
U000488,organico,login,2024-01-31 20:59:28.114100,,,
U000488,organico,view_service,2024-02-01 17:24:23.937285,,,
U000488,organico,start_application,2024-02-02 12:34:16.683288,,,
U000488,organico,complete_kyc,2024-02-03 17:27:55.391777,,,kyc_approved
U000488,organico,first_transaction,2024-02-04 23:28:56.637474,45.77,False,
U000489,pagado,signup,2024-02-19 05:20:52.946295,,,
U000489,pagado,login,2024-02-20 20:54:18.490792,,,
U000489,pagado,view_service,2024-02-21 04:08:16.646600,,,
U000490,organico,signup,2024-02-08 12:56:56.891276,,,
U000490,organico,login,2024-02-09 15:16:38.566839,,,
U000491,pagado,signup,2024-01-26 18:03:06.812346,,,
U000491,pagado,login,2024-01-28 13:35:21.582437,,,
U000492,pagado,signup,2024-01-24 09:07:19.674286,,,
U000492,pagado,login,2024-01-25 04:52:24.953948,,,
U000493,referido,signup,2024-02-28 21:35:11.696763,,,
U000493,referido,login,2024-02-29 05:22:42.855200,,,
U000493,referido,view_service,2024-02-29 11:05:01.969213,,,
U000493,referido,start_application,2024-02-29 21:57:58.197446,,,
U000493,referido,complete_kyc,2024-03-01 01:06:42.892352,,,kyc_approved
U000493,referido,first_transaction,2024-03-02 00:27:42.225212,19.92,False,
U000493,referido,repeat_transaction,2024-03-03 08:27:16.329332,41.44,False,
U000493,referido,repeat_transaction,2024-03-05 13:55:24.786298,85.52,False,
U000493,referido,repeat_transaction,2024-03-13 19:29:16.077366,29.18,False,
U000493,referido,repeat_transaction,2024-03-16 09:30:02.185911,11.2,False,
U000493,referido,repeat_transaction,2024-03-26 01:40:42.871983,36.15,False,
U000493,referido,repeat_transaction,2024-03-27 05:58:43.909396,19.46,False,
U000493,referido,repeat_transaction,2024-03-29 00:06:27.520529,28.8,False,
U000493,referido,repeat_transaction,2024-04-06 19:25:00.296462,34.57,False,
U000493,referido,repeat_transaction,2024-04-11 11:19:48.824235,11.09,False,
U000493,referido,repeat_transaction,2024-04-18 09:20:06.861321,11.81,False,
U000493,referido,repeat_transaction,2024-04-27 21:03:29.742969,51.29,False,
U000493,referido,repeat_transaction,2024-04-30 03:25:09.317090,25.38,False,
U000493,referido,repeat_transaction,2024-05-07 18:04:01.281644,6.08,False,
U000493,referido,repeat_transaction,2024-05-13 10:48:35.479423,63.4,False,
U000493,referido,repeat_transaction,2024-05-22 23:56:22.370887,44.29,False,
U000494,organico,signup,2024-03-21 20:22:26.209753,,,
U000494,organico,login,2024-03-22 12:14:48.272240,,,
U000494,organico,view_service,2024-03-22 21:38:09.818909,,,
U000495,organico,signup,2024-02-09 04:51:34.943515,,,
U000496,organico,signup,2024-01-25 11:26:53.991198,,,
U000496,organico,login,2024-01-27 08:59:29.696977,,,
U000496,organico,view_service,2024-01-27 19:11:28.122089,,,
U000497,referido,signup,2024-03-22 02:03:49.619877,,,
U000497,referido,login,2024-03-23 17:30:25.863623,,,
U000497,referido,view_service,2024-03-24 16:42:43.804461,,,
U000498,pagado,signup,2024-03-13 05:33:57.870117,,,
U000498,pagado,login,2024-03-15 03:34:38.784135,,,
U000498,pagado,view_service,2024-03-15 23:04:51.004906,,,
U000498,pagado,start_application,2024-03-18 13:30:53.102636,,,
U000498,pagado,complete_kyc,2024-03-21 23:55:12.189076,,,kyc_approved
U000499,organico,signup,2024-03-30 06:35:50.546639,,,
U000499,organico,login,2024-03-30 17:58:33.347491,,,
U000499,organico,view_service,2024-03-31 15:20:50.420359,,,
U000500,pagado,signup,2024-03-21 22:03:03.730511,,,
U000500,pagado,login,2024-03-23 15:39:13.435318,,,
U000501,referido,signup,2024-02-13 19:28:05.677547,,,
U000501,referido,login,2024-02-15 13:33:54.383572,,,
U000502,pagado,signup,2024-03-05 08:52:24.792365,,,
U000502,pagado,login,2024-03-06 23:56:12.325031,,,
U000502,pagado,view_service,2024-03-07 10:50:32.553386,,,
U000502,pagado,start_application,2024-03-07 14:41:17.812706,,,
U000502,pagado,complete_kyc,2024-03-10 04:27:37.318130,,,kyc_approved
U000502,pagado,first_transaction,2024-03-10 11:04:45.061107,22.2,False,
U000502,pagado,repeat_transaction,2024-03-16 15:27:14.407983,14.56,False,
U000502,pagado,repeat_transaction,2024-03-19 21:22:06.140830,65.7,False,
U000502,pagado,repeat_transaction,2024-03-27 19:10:17.623823,46.74,False,
U000502,pagado,repeat_transaction,2024-03-29 23:16:17.905620,193.99,False,
U000502,pagado,repeat_transaction,2024-04-03 15:53:59.786605,49.11,False,
U000502,pagado,repeat_transaction,2024-04-08 17:25:18.332181,48.01,False,
U000503,organico,signup,2024-01-18 04:56:49.867880,,,
U000503,organico,login,2024-01-18 09:05:23.622946,,,
U000503,organico,view_service,2024-01-18 18:33:50.691181,,,
U000503,organico,start_application,2024-01-21 06:40:39.016838,,,
U000503,organico,complete_kyc,2024-01-23 13:38:59.291849,,,kyc_approved
U000503,organico,first_transaction,2024-01-24 16:30:12.202514,32.56,False,
U000503,organico,repeat_transaction,2024-02-03 10:54:53.802307,64.83,False,
U000503,organico,repeat_transaction,2024-02-10 18:23:14.475816,56.69,False,
U000504,organico,signup,2024-02-09 20:40:30.222678,,,
U000504,organico,login,2024-02-11 18:08:52.893276,,,
U000504,organico,view_service,2024-02-12 11:24:29.156079,,,
U000505,referido,signup,2024-02-12 12:10:32.266583,,,
U000505,referido,login,2024-02-12 21:24:09.702442,,,
U000506,pagado,signup,2024-01-28 09:51:28.429717,,,
U000506,pagado,login,2024-01-29 14:42:06.705421,,,
U000507,organico,signup,2024-03-03 08:46:02.749243,,,
U000507,organico,login,2024-03-03 22:46:03.623527,,,
U000507,organico,view_service,2024-03-04 13:36:40.013825,,,
U000508,organico,signup,2024-03-04 01:00:46.241071,,,
U000508,organico,login,2024-03-04 16:35:46.777803,,,
U000508,organico,view_service,2024-03-05 09:05:47.195979,,,
U000509,pagado,signup,2024-03-08 12:08:03.414844,,,
U000509,pagado,login,2024-03-09 04:10:42.231339,,,
U000509,pagado,view_service,2024-03-10 01:58:49.523391,,,
U000510,referido,signup,2024-03-29 15:31:50.999837,,,
U000510,referido,login,2024-03-30 03:46:51.592712,,,
U000510,referido,view_service,2024-03-30 11:04:33.776915,,,
U000510,referido,start_application,2024-03-31 13:50:37.846909,,,
U000510,referido,complete_kyc,2024-04-04 10:47:36.122144,,,kyc_approved
U000510,referido,first_transaction,2024-04-04 23:21:40.814642,87.9,False,
U000511,referido,signup,2024-01-14 21:04:58.781401,,,
U000511,referido,login,2024-01-16 14:56:11.204581,,,
U000512,pagado,signup,2024-03-25 15:27:44.006173,,,
U000512,pagado,login,2024-03-27 04:02:28.088355,,,
U000512,pagado,view_service,2024-03-27 11:35:15.837789,,,
U000513,organico,signup,2024-04-01 06:35:19.508063,,,
U000513,organico,login,2024-04-02 14:10:44.922793,,,
U000514,organico,signup,2024-01-15 14:32:15.346688,,,
U000514,organico,login,2024-01-17 00:27:11.582710,,,
U000514,organico,view_service,2024-01-18 00:20:17.877022,,,
U000515,organico,signup,2024-02-16 05:09:19.398408,,,
U000515,organico,login,2024-02-16 09:44:15.967726,,,
U000516,organico,signup,2024-01-17 15:43:36.875328,,,
U000516,organico,login,2024-01-18 19:52:51.086497,,,
U000516,organico,view_service,2024-01-19 19:12:04.797015,,,
U000517,pagado,signup,2024-02-08 13:18:32.661034,,,
U000517,pagado,login,2024-02-10 07:54:50.346880,,,
U000517,pagado,view_service,2024-02-11 00:16:53.097251,,,
U000518,organico,signup,2024-01-15 22:06:01.908140,,,
U000518,organico,login,2024-01-16 19:56:59.241171,,,
U000519,pagado,signup,2024-01-03 11:48:50.657546,,,
U000520,organico,signup,2024-03-08 13:45:40.819932,,,
U000520,organico,login,2024-03-08 23:59:08.921450,,,
U000520,organico,view_service,2024-03-09 15:27:03.909675,,,
U000520,organico,start_application,2024-03-09 19:32:38.595283,,,
U000520,organico,complete_kyc,2024-03-10 02:47:53.537098,,,kyc_rejected
U000521,organico,signup,2024-02-07 01:48:23.805531,,,
U000521,organico,login,2024-02-07 06:10:43.437307,,,
U000522,organico,signup,2024-03-12 10:32:32.491863,,,
U000522,organico,login,2024-03-12 16:25:09.098002,,,
U000522,organico,view_service,2024-03-13 02:49:27.040924,,,
U000523,organico,signup,2024-03-22 03:55:36.177404,,,
U000523,organico,login,2024-03-23 16:15:45.423967,,,
U000524,pagado,signup,2024-02-10 11:53:35.530779,,,
U000524,pagado,login,2024-02-11 10:11:45.760330,,,
U000524,pagado,view_service,2024-02-12 02:40:53.074452,,,
U000524,pagado,start_application,2024-02-13 14:23:42.286615,,,
U000524,pagado,complete_kyc,2024-02-16 03:01:04.870677,,,kyc_approved
U000524,pagado,first_transaction,2024-02-17 00:04:02.456361,25.41,False,
U000524,pagado,repeat_transaction,2024-02-26 20:39:05.671175,26.98,False,
U000524,pagado,repeat_transaction,2024-03-01 13:32:23.439541,26.17,False,
U000524,pagado,repeat_transaction,2024-03-06 09:55:47.692471,63.66,False,
U000525,pagado,signup,2024-03-25 01:41:39.465716,,,
U000525,pagado,login,2024-03-26 00:03:04.831202,,,
U000525,pagado,view_service,2024-03-26 19:34:06.581819,,,
U000525,pagado,start_application,2024-03-28 13:46:14.973109,,,
U000525,pagado,complete_kyc,2024-03-31 15:40:35.733658,,,kyc_approved
U000525,pagado,first_transaction,2024-04-01 13:56:54.578732,104.47,False,
U000526,organico,signup,2024-02-09 04:00:30.450286,,,
U000526,organico,login,2024-02-10 16:23:08.619654,,,
U000526,organico,view_service,2024-02-11 11:47:00.073034,,,
U000526,organico,start_application,2024-02-14 05:53:44.164180,,,
U000526,organico,complete_kyc,2024-02-17 11:45:04.230056,,,kyc_approved
U000526,organico,first_transaction,2024-02-19 10:53:52.416286,26.54,False,
U000527,organico,signup,2024-01-04 00:10:31.027850,,,
U000527,organico,login,2024-01-04 22:19:01.538553,,,
U000527,organico,view_service,2024-01-05 14:07:09.906361,,,
U000528,pagado,signup,2024-01-30 01:33:47.306038,,,
U000528,pagado,login,2024-01-31 23:47:51.445336,,,
U000528,pagado,view_service,2024-02-01 19:07:07.569504,,,
U000528,pagado,start_application,2024-02-02 04:56:00.463596,,,
U000528,pagado,complete_kyc,2024-02-02 23:39:18.219818,,,kyc_approved
U000528,pagado,first_transaction,2024-02-03 08:46:15.066887,27.18,False,
U000528,pagado,repeat_transaction,2024-02-10 05:06:52.755613,45.6,False,
U000528,pagado,repeat_transaction,2024-02-16 20:20:36.351531,30.81,False,
U000528,pagado,repeat_transaction,2024-02-19 13:34:51.429964,71.27,False,
U000529,organico,signup,2024-02-13 16:20:24.118407,,,
U000529,organico,login,2024-02-15 02:05:40.135755,,,
U000530,organico,signup,2024-03-19 23:12:20.709421,,,
U000530,organico,login,2024-03-21 15:14:47.826018,,,
U000530,organico,view_service,2024-03-21 15:29:06.746524,,,
U000531,pagado,signup,2024-02-25 04:19:00.256274,,,
U000531,pagado,login,2024-02-26 03:42:03.505924,,,
U000531,pagado,view_service,2024-02-26 18:23:46.630103,,,
U000532,pagado,signup,2024-02-15 15:00:36.714463,,,
U000532,pagado,login,2024-02-16 06:14:21.914370,,,
U000532,pagado,view_service,2024-02-17 03:40:25.786221,,,
U000533,organico,signup,2024-02-16 11:16:44.242244,,,
U000533,organico,login,2024-02-16 12:22:32.188341,,,
U000533,organico,view_service,2024-02-16 17:01:43.784212,,,
U000533,organico,start_application,2024-02-17 09:49:01.354018,,,
U000533,organico,complete_kyc,2024-02-18 07:17:55.020243,,,kyc_rejected
U000534,organico,signup,2024-02-26 00:45:19.793110,,,
U000534,organico,login,2024-02-26 14:54:32.661709,,,
U000534,organico,view_service,2024-02-27 13:56:46.908122,,,
U000535,pagado,signup,2024-03-08 21:48:22.138285,,,
U000535,pagado,login,2024-03-10 03:41:32.638022,,,
U000535,pagado,view_service,2024-03-10 21:41:13.343926,,,
U000536,organico,signup,2024-01-20 13:25:26.030734,,,
U000536,organico,login,2024-01-22 13:07:31.252803,,,
U000536,organico,view_service,2024-01-22 18:11:28.561007,,,
U000536,organico,start_application,2024-01-22 19:35:41.484392,,,
U000536,organico,complete_kyc,2024-01-26 08:13:17.003973,,,kyc_approved
U000536,organico,first_transaction,2024-01-27 23:58:48.475803,7.57,False,
U000536,organico,repeat_transaction,2024-02-01 00:55:51.020989,20.52,False,
U000536,organico,repeat_transaction,2024-02-04 01:53:45.364058,21.16,False,
U000537,organico,signup,2024-04-01 05:08:56.235799,,,
U000537,organico,login,2024-04-02 07:55:49.169840,,,
U000538,referido,signup,2024-03-21 05:41:08.183362,,,
U000538,referido,login,2024-03-23 03:06:42.590257,,,
U000539,referido,signup,2024-02-26 17:27:28.546391,,,
U000539,referido,login,2024-02-27 17:51:28.345988,,,
U000539,referido,view_service,2024-02-27 20:44:07.423238,,,
U000539,referido,start_application,2024-02-28 22:50:13.915857,,,
U000539,referido,complete_kyc,2024-03-02 20:53:40.397655,,,kyc_approved
U000539,referido,first_transaction,2024-03-03 20:52:02.941768,7.21,False,
U000539,referido,repeat_transaction,2024-03-07 21:08:33.753451,18.64,False,
U000539,referido,repeat_transaction,2024-03-16 12:26:21.296768,19.29,False,
U000539,referido,repeat_transaction,2024-03-21 06:14:28.371356,31.79,False,
U000539,referido,repeat_transaction,2024-03-24 11:13:46.143202,79.76,False,
U000539,referido,repeat_transaction,2024-03-28 12:57:16.629463,30.83,False,
U000539,referido,repeat_transaction,2024-03-30 07:21:54.480321,17.79,False,
U000540,pagado,signup,2024-02-04 02:56:58.718437,,,
U000540,pagado,login,2024-02-04 23:15:00.496219,,,
U000540,pagado,view_service,2024-02-05 18:30:08.991691,,,
U000541,organico,signup,2024-02-13 03:21:50.362432,,,
U000541,organico,login,2024-02-13 04:53:22.681566,,,
U000541,organico,view_service,2024-02-13 05:10:40.459641,,,
U000542,referido,signup,2024-01-09 22:40:34.511207,,,
U000542,referido,login,2024-01-10 01:43:14.109771,,,
U000543,pagado,signup,2024-02-29 15:13:34.668306,,,
U000543,pagado,login,2024-03-02 01:29:48.107821,,,
U000543,pagado,view_service,2024-03-02 13:59:43.398296,,,
U000543,pagado,start_application,2024-03-03 18:59:57.807715,,,
U000543,pagado,complete_kyc,2024-03-06 12:31:21.139736,,,kyc_approved
U000543,pagado,first_transaction,2024-03-08 00:11:51.896986,35.17,False,
U000543,pagado,repeat_transaction,2024-03-17 02:38:34.043570,76.28,False,
U000543,pagado,repeat_transaction,2024-03-19 10:21:53.788371,18.48,False,
U000543,pagado,repeat_transaction,2024-03-26 05:26:34.369436,19.35,False,
U000543,pagado,repeat_transaction,2024-04-01 20:18:16.457090,54.11,False,
U000543,pagado,repeat_transaction,2024-04-06 19:48:27.489945,31.34,False,
U000544,pagado,signup,2024-03-01 03:55:29.069597,,,
U000544,pagado,login,2024-03-02 05:46:04.101069,,,
U000544,pagado,view_service,2024-03-02 23:02:05.981201,,,
U000545,pagado,signup,2024-02-19 21:14:11.449429,,,
U000545,pagado,login,2024-02-20 13:39:23.288663,,,
U000545,pagado,view_service,2024-02-20 14:16:02.711278,,,
U000546,pagado,signup,2024-01-26 02:44:39.425630,,,
U000546,pagado,login,2024-01-27 03:02:48.975447,,,
U000546,pagado,view_service,2024-01-27 23:15:10.299730,,,
U000546,pagado,start_application,2024-01-29 11:50:31.438496,,,
U000546,pagado,complete_kyc,2024-01-30 00:09:58.354276,,,kyc_approved
U000547,organico,signup,2024-02-22 12:35:07.176514,,,
U000547,organico,login,2024-02-24 00:24:25.698357,,,
U000547,organico,view_service,2024-02-24 17:34:22.573124,,,
U000548,pagado,signup,2024-03-18 05:43:22.704230,,,
U000548,pagado,login,2024-03-19 20:51:54.967068,,,
U000548,pagado,view_service,2024-03-20 00:16:03.309155,,,
U000548,pagado,start_application,2024-03-22 05:23:40.998614,,,
U000548,pagado,complete_kyc,2024-03-22 15:56:38.014225,,,kyc_approved
U000548,pagado,first_transaction,2024-03-24 05:20:11.091721,57.58,False,
U000548,pagado,repeat_transaction,2024-04-01 16:16:44.192367,36.25,False,
U000548,pagado,repeat_transaction,2024-04-03 05:42:45.992138,59.81,False,
U000548,pagado,repeat_transaction,2024-04-08 12:35:00.380566,17.73,False,
U000548,pagado,repeat_transaction,2024-04-12 20:21:03.563170,36.29,False,
U000548,pagado,repeat_transaction,2024-04-19 03:24:38.565631,31.58,False,
U000548,pagado,repeat_transaction,2024-04-23 16:41:01.418326,15.63,False,
U000548,pagado,repeat_transaction,2024-04-29 04:25:49.531244,12.25,False,
U000549,organico,signup,2024-03-26 06:47:09.233359,,,
U000549,organico,login,2024-03-26 13:48:00.288870,,,
U000549,organico,view_service,2024-03-27 06:52:55.690814,,,
U000549,organico,start_application,2024-03-29 09:38:14.860227,,,
U000549,organico,complete_kyc,2024-04-01 20:34:47.656108,,,kyc_approved
U000549,organico,first_transaction,2024-04-02 19:21:13.089174,59.15,False,
U000550,organico,signup,2024-03-28 06:22:24.208064,,,
U000550,organico,login,2024-03-29 09:51:39.322317,,,
U000550,organico,view_service,2024-03-29 13:34:57.237229,,,
U000550,organico,start_application,2024-04-01 12:56:12.880203,,,
U000550,organico,complete_kyc,2024-04-02 18:23:53.696638,,,kyc_approved
U000550,organico,first_transaction,2024-04-03 01:18:24.284739,28.63,False,
U000550,organico,repeat_transaction,2024-04-06 19:13:19.782992,17.89,False,
U000550,organico,repeat_transaction,2024-04-09 10:46:00.561492,34.22,False,
U000550,organico,repeat_transaction,2024-04-10 11:13:02.443566,80.61,False,
U000550,organico,repeat_transaction,2024-04-12 01:48:40.628817,7.41,False,
U000550,organico,repeat_transaction,2024-04-17 09:44:43.422936,12.84,False,
U000550,organico,repeat_transaction,2024-04-22 11:27:29.777968,19.18,False,
U000550,organico,repeat_transaction,2024-04-26 20:57:22.636175,101.78,False,
U000550,organico,repeat_transaction,2024-05-05 09:01:54.898920,44.6,False,
U000550,organico,repeat_transaction,2024-05-07 14:57:09.828516,62.62,False,
U000550,organico,repeat_transaction,2024-05-15 11:28:31.248612,16.48,False,
U000550,organico,repeat_transaction,2024-05-17 19:39:20.111320,16.72,False,
U000550,organico,repeat_transaction,2024-05-19 14:56:51.440393,50.07,False,
U000550,organico,repeat_transaction,2024-05-26 05:38:34.615402,38.12,False,
U000550,organico,repeat_transaction,2024-06-04 08:05:44.674646,53.74,False,
U000550,organico,repeat_transaction,2024-06-05 17:59:34.084527,32.09,False,
U000551,organico,signup,2024-01-27 01:15:17.755579,,,
U000551,organico,login,2024-01-28 07:32:13.788057,,,
U000552,organico,signup,2024-02-29 16:59:55.838949,,,
U000553,pagado,signup,2024-03-11 03:25:25.616238,,,
U000553,pagado,login,2024-03-12 03:36:00.651111,,,
U000553,pagado,view_service,2024-03-12 19:24:55.346714,,,
U000554,referido,signup,2024-01-26 22:51:30.169178,,,
U000554,referido,login,2024-01-28 02:43:08.245495,,,
U000554,referido,view_service,2024-01-28 15:32:50.397701,,,
U000554,referido,start_application,2024-01-30 09:59:19.468667,,,
U000554,referido,complete_kyc,2024-02-01 09:25:27.899972,,,kyc_rejected
U000555,organico,signup,2024-01-18 06:28:28.772195,,,
U000555,organico,login,2024-01-18 10:56:05.137872,,,
U000556,pagado,signup,2024-01-16 19:58:59.067948,,,
U000556,pagado,login,2024-01-18 18:07:15.175802,,,
U000556,pagado,view_service,2024-01-19 11:15:15.955555,,,
U000556,pagado,start_application,2024-01-19 18:27:14.908416,,,
U000556,pagado,complete_kyc,2024-01-20 08:33:32.845665,,,kyc_rejected
U000557,organico,signup,2024-03-27 15:23:43.688189,,,
U000557,organico,login,2024-03-28 20:05:31.164713,,,
U000557,organico,view_service,2024-03-29 08:19:24.490921,,,
U000558,referido,signup,2024-01-26 13:18:04.079311,,,
U000558,referido,login,2024-01-26 14:47:08.705447,,,
U000558,referido,view_service,2024-01-27 12:43:10.945621,,,
U000558,referido,start_application,2024-01-29 04:39:27.786740,,,
U000558,referido,complete_kyc,2024-01-31 13:08:13.960143,,,kyc_approved
U000558,referido,first_transaction,2024-02-01 20:26:47.399023,44.46,False,
U000558,referido,repeat_transaction,2024-02-03 14:34:14.536323,40.88,False,
U000558,referido,repeat_transaction,2024-02-06 10:31:02.627087,63.08,False,
U000558,referido,repeat_transaction,2024-02-10 19:09:04.766515,64.39,False,
U000558,referido,repeat_transaction,2024-02-18 20:04:06.366603,11.78,False,
U000558,referido,repeat_transaction,2024-02-23 15:35:56.276867,7.59,False,
U000558,referido,repeat_transaction,2024-02-28 17:10:30.856992,73.79,True,
U000558,referido,repeat_transaction,2024-03-04 21:32:24.293966,84.05,False,
U000558,referido,repeat_transaction,2024-03-08 12:01:04.670045,17.91,False,
U000559,organico,signup,2024-03-26 11:56:49.894404,,,
U000559,organico,login,2024-03-27 06:15:23.566434,,,
U000559,organico,view_service,2024-03-27 21:26:52.448865,,,
U000560,pagado,signup,2024-01-29 10:51:58.141648,,,
U000560,pagado,login,2024-01-30 13:37:17.394462,,,
U000560,pagado,view_service,2024-01-31 00:01:01.195353,,,
U000561,referido,signup,2024-01-31 07:54:24.977610,,,
U000561,referido,login,2024-02-01 20:03:39.531161,,,
U000561,referido,view_service,2024-02-02 02:00:03.467893,,,
U000562,organico,signup,2024-02-12 23:33:17.660761,,,
U000562,organico,login,2024-02-14 06:37:10.342020,,,
U000562,organico,view_service,2024-02-14 18:04:56.668095,,,
U000563,pagado,signup,2024-02-09 01:55:06.913552,,,
U000563,pagado,login,2024-02-10 03:47:42.301428,,,
U000564,pagado,signup,2024-01-09 00:11:33.618203,,,
U000564,pagado,login,2024-01-10 08:29:35.703471,,,
U000564,pagado,view_service,2024-01-11 04:00:33.702615,,,
U000565,organico,signup,2024-01-18 17:09:15.537630,,,
U000565,organico,login,2024-01-19 15:25:02.237800,,,
U000566,organico,signup,2024-01-21 22:57:34.602583,,,
U000566,organico,login,2024-01-22 16:11:57.259087,,,
U000566,organico,view_service,2024-01-23 06:56:28.289435,,,
U000566,organico,start_application,2024-01-25 10:39:06.108118,,,
U000566,organico,complete_kyc,2024-01-26 09:31:23.989190,,,kyc_approved
U000566,organico,first_transaction,2024-01-26 23:04:17.615564,9.96,False,
U000567,organico,signup,2024-01-20 11:15:15.978169,,,
U000567,organico,login,2024-01-21 14:36:51.966954,,,
U000567,organico,view_service,2024-01-22 03:52:46.885810,,,
U000568,pagado,signup,2024-03-03 23:30:43.000602,,,
U000568,pagado,login,2024-03-04 02:43:40.105586,,,
U000568,pagado,view_service,2024-03-04 16:25:37.167309,,,
U000568,pagado,start_application,2024-03-06 06:08:11.184031,,,
U000568,pagado,complete_kyc,2024-03-09 09:20:29.665258,,,kyc_approved
U000568,pagado,first_transaction,2024-03-11 08:57:21.756677,39.23,False,
U000568,pagado,repeat_transaction,2024-03-18 11:58:58.799669,70.22,False,
U000568,pagado,repeat_transaction,2024-03-19 12:24:18.980321,128.81,False,
U000568,pagado,repeat_transaction,2024-03-26 13:47:41.373618,52.53,False,
U000568,pagado,repeat_transaction,2024-04-04 06:13:42.763091,28.21,False,
U000568,pagado,repeat_transaction,2024-04-12 20:36:22.755257,19.59,False,
U000569,organico,signup,2024-01-06 15:11:34.742410,,,
U000569,organico,login,2024-01-07 16:47:43.571483,,,
U000569,organico,view_service,2024-01-08 02:13:49.644518,,,
U000569,organico,start_application,2024-01-10 17:36:34.329623,,,
U000569,organico,complete_kyc,2024-01-13 23:14:32.276281,,,kyc_rejected
U000570,organico,signup,2024-03-05 00:24:44.570644,,,
U000570,organico,login,2024-03-05 16:16:56.066446,,,
U000570,organico,view_service,2024-03-06 07:18:28.975565,,,
U000570,organico,start_application,2024-03-07 14:27:54.640100,,,
U000570,organico,complete_kyc,2024-03-07 17:15:33.929656,,,kyc_approved
U000571,pagado,signup,2024-01-24 17:13:03.141696,,,
U000571,pagado,login,2024-01-26 08:40:25.673461,,,
U000571,pagado,view_service,2024-01-26 14:23:37.712327,,,
U000571,pagado,start_application,2024-01-28 09:37:52.576635,,,
U000571,pagado,complete_kyc,2024-01-30 04:00:39.012621,,,kyc_approved
U000571,pagado,first_transaction,2024-01-30 10:05:24.072262,36.89,False,
U000572,organico,signup,2024-03-22 19:13:17.756139,,,
U000572,organico,login,2024-03-24 09:45:21.387539,,,
U000572,organico,view_service,2024-03-25 00:25:59.273056,,,
U000573,organico,signup,2024-02-07 18:27:02.388868,,,
U000573,organico,login,2024-02-09 08:16:14.544853,,,
U000573,organico,view_service,2024-02-09 19:10:47.662545,,,
U000574,organico,signup,2024-02-26 22:05:08.849976,,,
U000574,organico,login,2024-02-26 23:25:47.475304,,,
U000574,organico,view_service,2024-02-27 13:33:28.742898,,,
U000574,organico,start_application,2024-02-27 14:32:29.519538,,,
U000574,organico,complete_kyc,2024-03-01 11:09:41.851249,,,kyc_approved
U000574,organico,first_transaction,2024-03-03 06:34:51.412638,29.68,False,
U000574,organico,repeat_transaction,2024-03-08 01:31:06.458557,17.98,False,
U000574,organico,repeat_transaction,2024-03-13 01:33:26.324818,153.57,False,
U000574,organico,repeat_transaction,2024-03-21 05:42:53.418946,127.69,False,
U000574,organico,repeat_transaction,2024-03-25 01:02:05.567790,81.06,False,
U000574,organico,repeat_transaction,2024-04-03 16:20:20.442634,19.21,False,
U000574,organico,repeat_transaction,2024-04-07 11:33:20.418235,66.59,False,
U000575,pagado,signup,2024-01-15 13:48:42.340232,,,
U000575,pagado,login,2024-01-15 14:17:55.973126,,,
U000575,pagado,view_service,2024-01-16 06:35:39.031401,,,
U000575,pagado,start_application,2024-01-17 19:09:18.831810,,,
U000575,pagado,complete_kyc,2024-01-21 03:24:51.972673,,,kyc_rejected
U000576,organico,signup,2024-01-19 18:53:17.972613,,,
U000576,organico,login,2024-01-20 11:20:55.186331,,,
U000576,organico,view_service,2024-01-21 04:02:19.253881,,,
U000577,pagado,signup,2024-02-01 09:09:21.587135,,,
U000577,pagado,login,2024-02-02 05:18:41.402661,,,
U000577,pagado,view_service,2024-02-02 16:14:31.329202,,,
U000578,organico,signup,2024-01-21 18:00:19.561308,,,
U000578,organico,login,2024-01-22 23:59:28.329139,,,
U000578,organico,view_service,2024-01-23 17:38:04.349366,,,
U000579,organico,signup,2024-03-08 19:30:12.203342,,,
U000580,organico,signup,2024-01-08 15:58:46.995483,,,
U000580,organico,login,2024-01-09 01:23:29.925446,,,
U000580,organico,view_service,2024-01-09 19:46:34.157831,,,
U000580,organico,start_application,2024-01-09 22:00:37.971617,,,
U000580,organico,complete_kyc,2024-01-10 17:24:10.204677,,,kyc_approved
U000581,pagado,signup,2024-02-02 03:18:50.053834,,,
U000581,pagado,login,2024-02-03 19:47:16.526022,,,
U000582,organico,signup,2024-01-12 22:09:35.276755,,,
U000582,organico,login,2024-01-14 13:02:03.347864,,,
U000582,organico,view_service,2024-01-15 11:37:30.314438,,,
U000583,referido,signup,2024-03-22 05:28:30.379508,,,
U000583,referido,login,2024-03-24 01:50:31.748278,,,
U000584,organico,signup,2024-02-05 09:53:04.094617,,,
U000585,organico,signup,2024-01-06 18:33:58.635663,,,
U000585,organico,login,2024-01-08 08:29:15.154066,,,
U000585,organico,view_service,2024-01-08 09:48:47.142897,,,
U000586,referido,signup,2024-03-19 14:29:12.920148,,,
U000586,referido,login,2024-03-19 18:29:10.864256,,,
U000586,referido,view_service,2024-03-20 10:25:38.023817,,,
U000586,referido,start_application,2024-03-21 23:05:47.621203,,,
U000586,referido,complete_kyc,2024-03-24 23:20:47.324652,,,kyc_approved
U000586,referido,first_transaction,2024-03-25 23:19:43.800765,57.27,False,
U000586,referido,repeat_transaction,2024-03-31 16:49:53.682613,49.89,False,
U000586,referido,repeat_transaction,2024-04-10 07:16:26.353941,87.77,False,
U000586,referido,repeat_transaction,2024-04-16 12:48:37.120176,57.1,False,
U000586,referido,repeat_transaction,2024-04-24 15:35:06.716851,61.44,False,
U000586,referido,repeat_transaction,2024-04-27 12:20:25.123870,57.16,False,
U000586,referido,repeat_transaction,2024-05-02 13:59:22.586265,46.46,False,
U000587,organico,signup,2024-02-09 15:05:57.685160,,,
U000587,organico,login,2024-02-10 03:23:28.707624,,,
U000587,organico,view_service,2024-02-10 21:26:33.621300,,,
U000587,organico,start_application,2024-02-12 10:50:45.176607,,,
U000587,organico,complete_kyc,2024-02-13 09:19:40.227996,,,kyc_approved
U000587,organico,first_transaction,2024-02-14 01:32:24.557200,10.5,False,
U000587,organico,repeat_transaction,2024-02-22 07:18:47.229412,38.8,False,
U000587,organico,repeat_transaction,2024-02-26 17:54:18.861955,24.8,False,
U000587,organico,repeat_transaction,2024-02-29 20:24:14.276702,14.94,False,
U000587,organico,repeat_transaction,2024-03-05 01:58:04.943102,118.78,False,
U000587,organico,repeat_transaction,2024-03-13 15:58:13.338534,122.77,False,
U000587,organico,repeat_transaction,2024-03-20 10:59:58.999354,94.77,False,
U000588,referido,signup,2024-01-10 22:16:33.762753,,,
U000588,referido,login,2024-01-11 07:47:43.454669,,,
U000588,referido,view_service,2024-01-11 15:05:43.592213,,,
U000589,pagado,signup,2024-04-01 14:36:43.962779,,,
U000589,pagado,login,2024-04-01 15:07:15.544771,,,
U000589,pagado,view_service,2024-04-02 10:51:55.014322,,,
U000590,organico,signup,2024-02-08 02:21:25.977211,,,
U000590,organico,login,2024-02-09 03:00:46.821244,,,
U000591,organico,signup,2024-02-07 00:03:27.529081,,,
U000591,organico,login,2024-02-08 00:51:56.452519,,,
U000592,pagado,signup,2024-03-07 11:41:45.550341,,,
U000592,pagado,login,2024-03-07 20:47:37.809777,,,
U000593,pagado,signup,2024-02-05 07:12:45.231043,,,
U000593,pagado,login,2024-02-05 07:46:34.649246,,,
U000594,pagado,signup,2024-02-02 00:04:32.080742,,,
U000594,pagado,login,2024-02-03 13:28:21.349435,,,
U000594,pagado,view_service,2024-02-03 21:19:55.925177,,,
U000594,pagado,start_application,2024-02-06 05:53:57.940924,,,
U000594,pagado,complete_kyc,2024-02-09 22:27:51.113623,,,kyc_approved
U000595,organico,signup,2024-02-28 06:55:29.892435,,,
U000595,organico,login,2024-03-01 05:58:30.772019,,,
U000595,organico,view_service,2024-03-01 15:22:51.420574,,,
U000596,organico,signup,2024-01-12 08:19:37.954031,,,
U000596,organico,login,2024-01-12 12:53:36.519429,,,
U000596,organico,view_service,2024-01-13 02:11:08.141596,,,
U000596,organico,start_application,2024-01-15 03:49:35.256053,,,
U000596,organico,complete_kyc,2024-01-17 02:59:20.516355,,,kyc_approved
U000596,organico,first_transaction,2024-01-19 01:12:59.297596,43.76,False,
U000596,organico,repeat_transaction,2024-01-24 18:29:09.391848,94.2,False,
U000596,organico,repeat_transaction,2024-01-29 02:06:53.393623,36.91,True,
U000596,organico,repeat_transaction,2024-02-02 00:41:51.355547,42.18,False,
U000596,organico,repeat_transaction,2024-02-06 13:10:34.815867,17.02,False,
U000596,organico,repeat_transaction,2024-02-08 17:04:12.267305,48.32,False,
U000596,organico,repeat_transaction,2024-02-16 09:35:20.073089,38.18,False,
U000596,organico,repeat_transaction,2024-02-25 12:45:49.716371,14.7,False,
U000596,organico,repeat_transaction,2024-03-05 08:46:50.911410,35.31,False,
U000596,organico,repeat_transaction,2024-03-13 17:26:46.921247,34.61,False,
U000596,organico,repeat_transaction,2024-03-16 03:44:35.221129,128.8,False,
U000596,organico,repeat_transaction,2024-03-19 22:46:15.182094,68.44,False,
U000597,pagado,signup,2024-02-12 12:11:12.372807,,,
U000597,pagado,login,2024-02-14 03:47:03.400564,,,
U000597,pagado,view_service,2024-02-14 09:44:45.955993,,,
U000597,pagado,start_application,2024-02-16 02:46:25.209228,,,
U000597,pagado,complete_kyc,2024-02-18 02:09:36.785196,,,kyc_approved
U000597,pagado,first_transaction,2024-02-18 06:37:26.530775,36.89,False,
U000598,organico,signup,2024-03-18 15:07:03.311385,,,
U000598,organico,login,2024-03-20 07:55:30.391911,,,
U000598,organico,view_service,2024-03-20 12:16:33.616541,,,
U000599,organico,signup,2024-02-06 06:41:39.530298,,,
U000599,organico,login,2024-02-07 16:15:33.832172,,,
U000599,organico,view_service,2024-02-08 13:31:05.247726,,,
U000599,organico,start_application,2024-02-11 05:04:25.999327,,,
U000599,organico,complete_kyc,2024-02-13 08:55:40.166636,,,kyc_approved
U000599,organico,first_transaction,2024-02-14 19:49:44.337031,43.56,False,
U000600,organico,signup,2024-03-10 16:31:43.902393,,,
U000600,organico,login,2024-03-11 16:47:21.749022,,,
U000601,organico,signup,2024-01-17 01:01:45.834982,,,
U000601,organico,login,2024-01-18 07:43:51.995530,,,
U000601,organico,view_service,2024-01-18 18:50:37.355806,,,
U000601,organico,start_application,2024-01-19 23:39:22.996506,,,
U000601,organico,complete_kyc,2024-01-20 18:43:18.948780,,,kyc_approved
U000601,organico,first_transaction,2024-01-22 04:47:16.084677,37.75,False,
U000602,organico,signup,2024-02-12 14:30:44.218054,,,
U000602,organico,login,2024-02-13 11:34:45.284704,,,
U000602,organico,view_service,2024-02-13 18:18:52.898188,,,
U000602,organico,start_application,2024-02-16 06:42:09.164183,,,
U000602,organico,complete_kyc,2024-02-18 17:10:11.830228,,,kyc_approved
U000602,organico,first_transaction,2024-02-20 04:47:06.861768,31.75,False,
U000603,organico,signup,2024-01-27 00:48:02.461564,,,
U000603,organico,login,2024-01-28 19:39:37.529538,,,
U000603,organico,view_service,2024-01-29 06:17:51.782691,,,
U000603,organico,start_application,2024-01-31 04:02:20.932850,,,
U000603,organico,complete_kyc,2024-02-02 06:28:25.173711,,,kyc_approved
U000603,organico,first_transaction,2024-02-02 11:29:50.848065,17.16,False,
U000603,organico,repeat_transaction,2024-02-03 12:30:18.921849,32.93,False,
U000603,organico,repeat_transaction,2024-02-11 10:12:06.953671,21.71,False,
U000603,organico,repeat_transaction,2024-02-15 19:07:30.675100,15.25,False,
U000603,organico,repeat_transaction,2024-02-17 14:51:52.763134,52.34,False,
U000603,organico,repeat_transaction,2024-02-27 12:33:05.153107,48.13,False,
U000603,organico,repeat_transaction,2024-03-01 06:03:22.408156,10.48,False,
U000603,organico,repeat_transaction,2024-03-04 05:41:55.969833,33.59,False,
U000603,organico,repeat_transaction,2024-03-12 09:50:04.200657,73.48,False,
U000603,organico,repeat_transaction,2024-03-14 22:05:49.933940,76.82,False,
U000603,organico,repeat_transaction,2024-03-19 15:53:02.709689,75.04,False,
U000604,organico,signup,2024-02-21 18:35:09.722637,,,
U000604,organico,login,2024-02-23 15:39:37.644072,,,
U000604,organico,view_service,2024-02-23 20:49:49.754525,,,
U000604,organico,start_application,2024-02-24 09:24:49.958537,,,
U000604,organico,complete_kyc,2024-02-26 00:19:05.515115,,,kyc_approved
U000604,organico,first_transaction,2024-02-26 22:23:36.836785,37.61,False,
U000605,pagado,signup,2024-02-04 06:36:45.598394,,,
U000605,pagado,login,2024-02-05 11:23:54.585392,,,
U000606,organico,signup,2024-02-20 05:55:29.482786,,,
U000606,organico,login,2024-02-22 03:57:45.427209,,,
U000606,organico,view_service,2024-02-23 03:31:03.105664,,,
U000607,pagado,signup,2024-03-30 04:57:42.120011,,,
U000607,pagado,login,2024-03-31 23:24:13.395042,,,
U000607,pagado,view_service,2024-04-01 19:50:54.399241,,,
U000608,organico,signup,2024-02-26 08:28:22.302492,,,
U000608,organico,login,2024-02-26 19:42:21.751812,,,
U000608,organico,view_service,2024-02-27 19:25:39.949937,,,
U000608,organico,start_application,2024-02-29 15:50:35.640867,,,
U000608,organico,complete_kyc,2024-03-04 05:59:08.407652,,,kyc_approved
U000608,organico,first_transaction,2024-03-05 18:21:27.863678,20.26,False,
U000608,organico,repeat_transaction,2024-03-11 06:04:57.576018,17.14,False,
U000608,organico,repeat_transaction,2024-03-15 15:14:39.176461,46.58,False,
U000608,organico,repeat_transaction,2024-03-18 18:39:57.718092,47.73,False,
U000608,organico,repeat_transaction,2024-03-28 16:11:35.269506,90.12,False,
U000608,organico,repeat_transaction,2024-04-06 13:41:48.560790,79.04,False,
U000608,organico,repeat_transaction,2024-04-10 10:17:06.623653,33.36,False,
U000609,organico,signup,2024-03-13 16:12:06.291322,,,
U000609,organico,login,2024-03-14 03:16:16.779522,,,
U000609,organico,view_service,2024-03-14 11:31:46.823502,,,
U000609,organico,start_application,2024-03-14 15:31:03.332807,,,
U000609,organico,complete_kyc,2024-03-18 07:39:21.089324,,,kyc_rejected
U000610,pagado,signup,2024-03-04 21:17:57.271075,,,
U000610,pagado,login,2024-03-05 06:11:27.852531,,,
U000610,pagado,view_service,2024-03-05 07:47:19.119954,,,
U000611,referido,signup,2024-03-13 18:36:30.384643,,,
U000611,referido,login,2024-03-14 17:04:52.667888,,,
U000611,referido,view_service,2024-03-14 21:51:44.244373,,,
U000612,pagado,signup,2024-01-29 20:31:53.945902,,,
U000612,pagado,login,2024-01-31 13:56:30.603750,,,
U000612,pagado,view_service,2024-02-01 12:46:06.961193,,,
U000612,pagado,start_application,2024-02-02 16:01:35.355985,,,
U000612,pagado,complete_kyc,2024-02-04 13:28:46.651989,,,kyc_approved
U000612,pagado,first_transaction,2024-02-05 10:20:27.405873,15.32,False,
U000613,organico,signup,2024-03-11 00:01:29.353082,,,
U000613,organico,login,2024-03-11 14:30:21.281667,,,
U000613,organico,view_service,2024-03-12 03:47:48.192905,,,
U000613,organico,start_application,2024-03-13 07:15:03.932320,,,
U000613,organico,complete_kyc,2024-03-14 12:57:34.228252,,,kyc_approved
U000613,organico,first_transaction,2024-03-15 12:05:31.025259,29.27,False,
U000614,organico,signup,2024-03-08 02:34:42.434961,,,
U000614,organico,login,2024-03-08 21:34:55.829076,,,
U000614,organico,view_service,2024-03-09 06:49:47.535756,,,
U000614,organico,start_application,2024-03-12 05:55:57.746432,,,
U000614,organico,complete_kyc,2024-03-12 13:14:08.118002,,,kyc_rejected
U000615,referido,signup,2024-01-14 03:14:33.100362,,,
U000615,referido,login,2024-01-16 01:11:14.885766,,,
U000616,pagado,signup,2024-02-04 04:39:17.565164,,,
U000616,pagado,login,2024-02-04 16:34:34.345157,,,
U000616,pagado,view_service,2024-02-05 14:41:43.363287,,,
U000616,pagado,start_application,2024-02-07 17:35:49.083273,,,
U000616,pagado,complete_kyc,2024-02-07 20:47:43.523161,,,kyc_approved
U000616,pagado,first_transaction,2024-02-09 01:53:44.844157,42.61,False,
U000616,pagado,repeat_transaction,2024-02-15 11:57:36.160784,31.77,False,
U000616,pagado,repeat_transaction,2024-02-24 01:43:38.924552,24.42,True,
U000616,pagado,repeat_transaction,2024-03-03 00:15:26.896016,43.69,False,
U000616,pagado,repeat_transaction,2024-03-12 06:18:15.002581,25.72,False,
U000617,pagado,signup,2024-03-23 14:35:43.774958,,,
U000617,pagado,login,2024-03-25 06:26:25.789951,,,
U000617,pagado,view_service,2024-03-25 13:43:43.160928,,,
U000618,pagado,signup,2024-02-05 18:12:53.608184,,,
U000618,pagado,login,2024-02-07 05:10:09.932753,,,
U000618,pagado,view_service,2024-02-07 20:27:21.393792,,,
U000619,organico,signup,2024-01-15 14:13:50.311975,,,
U000619,organico,login,2024-01-16 05:05:19.135087,,,
U000620,pagado,signup,2024-01-02 05:05:09.324462,,,
U000620,pagado,login,2024-01-03 12:32:14.958772,,,
U000620,pagado,view_service,2024-01-03 16:40:27.044335,,,
U000620,pagado,start_application,2024-01-05 19:23:42.620707,,,
U000620,pagado,complete_kyc,2024-01-06 14:48:22.078543,,,kyc_approved
U000621,organico,signup,2024-03-15 11:29:43.784437,,,
U000621,organico,login,2024-03-16 23:57:34.142710,,,
U000621,organico,view_service,2024-03-17 21:37:08.145679,,,
U000622,pagado,signup,2024-02-28 01:35:27.716244,,,
U000622,pagado,login,2024-02-28 19:47:03.225277,,,
U000622,pagado,view_service,2024-02-29 04:01:43.563624,,,
U000623,organico,signup,2024-03-02 15:40:38.419255,,,
U000623,organico,login,2024-03-02 16:07:24.584222,,,
U000623,organico,view_service,2024-03-03 15:49:37.080097,,,
U000623,organico,start_application,2024-03-05 05:28:58.153543,,,
U000623,organico,complete_kyc,2024-03-05 06:40:34.814376,,,kyc_approved
U000624,pagado,signup,2024-03-26 08:45:17.515784,,,
U000624,pagado,login,2024-03-27 02:36:55.702261,,,
U000625,referido,signup,2024-02-05 02:47:41.658850,,,
U000625,referido,login,2024-02-05 07:41:36.243254,,,
U000625,referido,view_service,2024-02-06 00:28:04.382267,,,
U000626,referido,signup,2024-01-15 02:23:23.853028,,,
U000626,referido,login,2024-01-16 11:59:05.044338,,,
U000627,organico,signup,2024-02-27 07:27:09.680345,,,
U000627,organico,login,2024-02-27 16:33:17.180556,,,
U000628,referido,signup,2024-03-15 03:39:22.573791,,,
U000628,referido,login,2024-03-16 18:26:17.842867,,,
U000628,referido,view_service,2024-03-17 05:07:45.919919,,,
U000629,organico,signup,2024-02-26 05:09:08.379653,,,
U000629,organico,login,2024-02-28 01:50:23.205959,,,
U000630,referido,signup,2024-03-24 04:51:38.274624,,,
U000630,referido,login,2024-03-24 11:49:05.034180,,,
U000630,referido,view_service,2024-03-25 01:33:53.616306,,,
U000631,pagado,signup,2024-01-14 07:18:15.206173,,,
U000631,pagado,login,2024-01-15 09:41:21.080268,,,
U000632,organico,signup,2024-01-23 21:25:36.713981,,,
U000632,organico,login,2024-01-24 01:48:38.336269,,,
U000632,organico,view_service,2024-01-24 19:00:11.608025,,,
U000632,organico,start_application,2024-01-27 13:53:45.519258,,,
U000632,organico,complete_kyc,2024-01-31 04:35:56.080041,,,kyc_approved
U000632,organico,first_transaction,2024-01-31 17:02:21.545940,23.58,False,
U000633,organico,signup,2024-01-10 19:57:25.267395,,,
U000633,organico,login,2024-01-12 08:45:52.486357,,,
U000633,organico,view_service,2024-01-13 00:14:17.005888,,,
U000633,organico,start_application,2024-01-15 03:55:19.883186,,,
U000633,organico,complete_kyc,2024-01-18 02:42:37.538518,,,kyc_approved
U000633,organico,first_transaction,2024-01-19 05:43:31.565015,45.51,False,
U000634,organico,signup,2024-01-12 11:59:40.751373,,,
U000634,organico,login,2024-01-14 08:59:13.355972,,,
U000634,organico,view_service,2024-01-14 11:49:04.034593,,,
U000634,organico,start_application,2024-01-17 01:16:20.051786,,,
U000634,organico,complete_kyc,2024-01-20 20:53:08.842952,,,kyc_approved
U000634,organico,first_transaction,2024-01-20 23:57:00.281422,27.62,False,
U000635,referido,signup,2024-01-31 03:11:21.943411,,,
U000635,referido,login,2024-02-01 04:11:07.871783,,,
U000635,referido,view_service,2024-02-01 09:33:20.916848,,,
U000635,referido,start_application,2024-02-03 00:21:32.662300,,,
U000635,referido,complete_kyc,2024-02-04 20:50:47.894667,,,kyc_approved
U000636,pagado,signup,2024-02-16 10:34:38.586682,,,
U000636,pagado,login,2024-02-17 18:32:51.662125,,,
U000637,pagado,signup,2024-02-14 20:58:45.223025,,,
U000637,pagado,login,2024-02-15 15:07:24.858697,,,
U000638,organico,signup,2024-03-15 15:18:50.639930,,,
U000638,organico,login,2024-03-15 23:59:20.888803,,,
U000638,organico,view_service,2024-03-16 09:25:22.562825,,,
U000639,pagado,signup,2024-03-19 08:35:05.743514,,,
U000639,pagado,login,2024-03-20 17:09:22.592959,,,
U000640,pagado,signup,2024-02-06 17:21:52.383322,,,
U000640,pagado,login,2024-02-07 02:48:34.078264,,,
U000641,organico,signup,2024-03-15 07:21:01.771292,,,
U000641,organico,login,2024-03-15 15:17:29.245349,,,
U000641,organico,view_service,2024-03-16 08:00:34.530797,,,
U000641,organico,start_application,2024-03-16 18:31:20.485623,,,
U000641,organico,complete_kyc,2024-03-17 15:51:15.805052,,,kyc_approved
U000641,organico,first_transaction,2024-03-17 16:23:30.615872,43.42,False,
U000641,organico,repeat_transaction,2024-03-25 18:03:34.834455,44.31,False,
U000641,organico,repeat_transaction,2024-03-30 03:23:44.618795,16.48,False,
U000641,organico,repeat_transaction,2024-04-06 06:09:21.257282,26.13,False,
U000641,organico,repeat_transaction,2024-04-07 18:19:24.638352,100.13,False,
U000641,organico,repeat_transaction,2024-04-13 00:40:50.425378,16.22,False,
U000641,organico,repeat_transaction,2024-04-15 02:01:39.332377,8.32,False,
U000641,organico,repeat_transaction,2024-04-19 03:08:25.905272,9.94,False,
U000641,organico,repeat_transaction,2024-04-21 11:13:52.632432,37.35,False,
U000641,organico,repeat_transaction,2024-04-24 16:09:05.412675,37.4,False,
U000641,organico,repeat_transaction,2024-04-29 05:49:36.406893,33.71,False,
U000641,organico,repeat_transaction,2024-05-05 14:35:46.907528,85.62,False,
U000642,pagado,signup,2024-03-12 19:37:24.684327,,,
U000642,pagado,login,2024-03-13 17:56:00.590411,,,
U000643,organico,signup,2024-02-28 08:31:23.628158,,,
U000643,organico,login,2024-02-28 14:28:10.199688,,,
U000643,organico,view_service,2024-02-29 12:16:39.211656,,,
U000643,organico,start_application,2024-03-02 06:34:19.592737,,,
U000643,organico,complete_kyc,2024-03-06 05:21:50.294332,,,kyc_approved
U000643,organico,first_transaction,2024-03-06 09:59:35.054712,5.64,False,
U000643,organico,repeat_transaction,2024-03-13 17:47:03.333816,48.29,False,
U000643,organico,repeat_transaction,2024-03-15 20:50:07.187589,109.18,False,
U000643,organico,repeat_transaction,2024-03-23 07:00:33.298116,16.62,False,
U000643,organico,repeat_transaction,2024-03-29 03:06:41.903800,28.05,False,
U000643,organico,repeat_transaction,2024-04-05 10:28:18.812698,21.61,False,
U000643,organico,repeat_transaction,2024-04-13 19:02:37.919557,19.57,False,
U000643,organico,repeat_transaction,2024-04-19 13:32:34.084683,29.13,False,
U000643,organico,repeat_transaction,2024-04-28 02:21:57.212131,99.41,False,
U000643,organico,repeat_transaction,2024-05-06 11:13:57.557914,132.45,False,
U000643,organico,repeat_transaction,2024-05-14 05:59:25.546514,28.93,False,
U000643,organico,repeat_transaction,2024-05-21 04:14:39.206089,138.87,False,
U000644,referido,signup,2024-03-04 13:47:38.751851,,,
U000644,referido,login,2024-03-04 15:46:08.598524,,,
U000644,referido,view_service,2024-03-05 07:26:59.262466,,,
U000644,referido,start_application,2024-03-06 02:00:39.146239,,,
U000644,referido,complete_kyc,2024-03-09 02:25:44.175783,,,kyc_approved
U000644,referido,first_transaction,2024-03-09 16:49:50.952706,37.52,False,
U000644,referido,repeat_transaction,2024-03-10 16:50:57.487520,124.91,False,
U000644,referido,repeat_transaction,2024-03-20 05:13:53.972840,34.28,False,
U000644,referido,repeat_transaction,2024-03-28 06:19:00.671193,40.11,False,
U000644,referido,repeat_transaction,2024-04-02 06:25:10.686814,47.27,False,
U000644,referido,repeat_transaction,2024-04-09 12:33:41.608889,338.73,False,
U000644,referido,repeat_transaction,2024-04-19 09:32:30.389140,66.41,False,
U000644,referido,repeat_transaction,2024-04-25 05:47:42.086100,22.31,False,
U000644,referido,repeat_transaction,2024-04-27 03:10:51.586647,72.12,False,
U000644,referido,repeat_transaction,2024-04-30 06:23:40.823162,28.41,False,
U000644,referido,repeat_transaction,2024-05-03 23:07:54.720091,25.98,False,
U000644,referido,repeat_transaction,2024-05-13 13:56:06.788921,69.13,False,
U000645,organico,signup,2024-01-08 22:44:09.892954,,,
U000645,organico,login,2024-01-09 17:59:56.131680,,,
U000645,organico,view_service,2024-01-10 00:08:11.478972,,,
U000646,pagado,signup,2024-02-19 07:14:48.204483,,,
U000647,pagado,signup,2024-01-19 17:00:23.912127,,,
U000647,pagado,login,2024-01-20 22:05:00.574864,,,
U000647,pagado,view_service,2024-01-21 01:48:34.604233,,,
U000648,organico,signup,2024-01-04 22:27:06.761919,,,
U000648,organico,login,2024-01-05 03:49:13.460364,,,
U000648,organico,view_service,2024-01-05 05:27:00.476312,,,
U000649,organico,signup,2024-02-01 06:57:19.962141,,,
U000649,organico,login,2024-02-01 07:31:40.795222,,,
U000649,organico,view_service,2024-02-02 06:46:48.445175,,,
U000649,organico,start_application,2024-02-02 14:25:47.351670,,,
U000649,organico,complete_kyc,2024-02-06 07:19:40.960438,,,kyc_approved
U000649,organico,first_transaction,2024-02-06 22:06:42.365442,37.4,False,
U000649,organico,repeat_transaction,2024-02-11 01:28:27.169987,44.48,False,
U000649,organico,repeat_transaction,2024-02-14 14:23:07.822296,36.96,False,
U000649,organico,repeat_transaction,2024-02-16 11:47:01.662401,46.32,False,
U000649,organico,repeat_transaction,2024-02-20 08:28:15.655083,49.28,False,
U000649,organico,repeat_transaction,2024-02-22 23:29:46.578819,9.43,False,
U000649,organico,repeat_transaction,2024-03-01 01:54:13.099158,58.36,False,
U000649,organico,repeat_transaction,2024-03-07 01:03:53.009710,18.4,False,
U000649,organico,repeat_transaction,2024-03-11 16:02:14.630548,13.33,False,
U000649,organico,repeat_transaction,2024-03-14 23:59:40.488342,35.13,False,
U000650,pagado,signup,2024-03-01 07:45:36.081345,,,
U000650,pagado,login,2024-03-03 03:51:12.158394,,,
U000650,pagado,view_service,2024-03-03 12:46:06.551578,,,
U000651,pagado,signup,2024-02-09 02:23:36.151725,,,
U000651,pagado,login,2024-02-10 00:56:32.885662,,,
U000651,pagado,view_service,2024-02-10 23:48:27.464966,,,
U000652,pagado,signup,2024-03-25 08:55:26.987322,,,
U000652,pagado,login,2024-03-25 23:39:55.256818,,,
U000653,pagado,signup,2024-02-28 04:44:32.161599,,,
U000653,pagado,login,2024-02-29 08:23:59.772965,,,
U000653,pagado,view_service,2024-02-29 15:17:45.834486,,,
U000654,pagado,signup,2024-01-03 21:51:43.323353,,,
U000654,pagado,login,2024-01-04 04:29:49.033562,,,
U000654,pagado,view_service,2024-01-04 20:57:20.240682,,,
U000655,pagado,signup,2024-01-13 05:40:02.757238,,,
U000655,pagado,login,2024-01-13 06:06:59.889133,,,
U000655,pagado,view_service,2024-01-13 18:57:49.375367,,,
U000655,pagado,start_application,2024-01-16 18:32:53.783907,,,
U000655,pagado,complete_kyc,2024-01-19 10:11:25.443166,,,kyc_rejected
U000656,referido,signup,2024-03-27 17:29:28.542713,,,
U000656,referido,login,2024-03-28 01:39:50.259301,,,
U000657,pagado,signup,2024-03-23 12:24:02.008566,,,
U000657,pagado,login,2024-03-24 05:25:23.600608,,,
U000657,pagado,view_service,2024-03-24 17:20:26.288428,,,
U000657,pagado,start_application,2024-03-27 15:09:50.788425,,,
U000657,pagado,complete_kyc,2024-03-28 23:56:20.953732,,,kyc_approved
U000657,pagado,first_transaction,2024-03-30 16:47:28.948338,38.81,False,
U000657,pagado,repeat_transaction,2024-04-03 08:11:49.571038,22.52,False,
U000657,pagado,repeat_transaction,2024-04-10 23:36:38.372574,65.48,False,
U000657,pagado,repeat_transaction,2024-04-13 22:34:57.752812,14.3,False,
U000657,pagado,repeat_transaction,2024-04-23 08:08:05.211520,27.53,False,
U000657,pagado,repeat_transaction,2024-05-01 18:29:30.828016,24.3,False,
U000657,pagado,repeat_transaction,2024-05-06 22:30:43.936257,35.42,False,
U000657,pagado,repeat_transaction,2024-05-12 07:58:39.936351,44.49,False,
U000657,pagado,repeat_transaction,2024-05-18 20:55:56.257535,18.07,False,
U000658,organico,signup,2024-01-03 08:29:53.659170,,,
U000658,organico,login,2024-01-03 13:27:08.345746,,,
U000658,organico,view_service,2024-01-03 15:31:54.954403,,,
U000659,organico,signup,2024-01-13 15:11:52.845017,,,
U000659,organico,login,2024-01-14 02:07:40.706977,,,
U000659,organico,view_service,2024-01-14 09:20:45.055591,,,
U000660,organico,signup,2024-03-15 03:32:36.256856,,,
U000660,organico,login,2024-03-15 11:23:42.963653,,,
U000660,organico,view_service,2024-03-15 21:50:19.008191,,,
U000660,organico,start_application,2024-03-18 12:31:42.870150,,,
U000660,organico,complete_kyc,2024-03-19 07:58:55.005804,,,kyc_approved
U000660,organico,first_transaction,2024-03-20 02:58:50.518956,60.76,False,
U000661,organico,signup,2024-01-26 08:14:00.482113,,,
U000661,organico,login,2024-01-27 18:32:57.988216,,,
U000661,organico,view_service,2024-01-28 12:54:23.927636,,,
U000662,pagado,signup,2024-03-25 23:07:32.921417,,,
U000662,pagado,login,2024-03-26 04:23:35.677050,,,
U000662,pagado,view_service,2024-03-26 08:10:06.507324,,,
U000663,pagado,signup,2024-01-23 23:07:48.386981,,,
U000664,pagado,signup,2024-03-10 17:29:22.966777,,,
U000664,pagado,login,2024-03-11 05:32:21.019423,,,
U000665,referido,signup,2024-03-05 14:31:44.815376,,,
U000666,pagado,signup,2024-02-28 07:58:33.437501,,,
U000666,pagado,login,2024-03-01 07:30:57.805856,,,
U000667,organico,signup,2024-02-26 13:45:06.998312,,,
U000667,organico,login,2024-02-27 04:31:50.537334,,,
U000667,organico,view_service,2024-02-27 10:07:24.229216,,,
U000667,organico,start_application,2024-02-28 20:40:39.124521,,,
U000667,organico,complete_kyc,2024-03-01 21:52:10.262079,,,kyc_approved
U000667,organico,first_transaction,2024-03-02 10:51:59.057698,38.25,False,
U000667,organico,repeat_transaction,2024-03-05 16:12:41.869681,9.73,False,
U000667,organico,repeat_transaction,2024-03-08 07:28:11.932546,9.29,True,
U000667,organico,repeat_transaction,2024-03-15 06:07:22.889415,36.28,False,
U000667,organico,repeat_transaction,2024-03-18 19:45:05.365280,31.35,False,
U000667,organico,repeat_transaction,2024-03-25 06:45:36.735049,34.04,False,
U000667,organico,repeat_transaction,2024-03-28 13:14:56.479942,35.89,False,
U000667,organico,repeat_transaction,2024-04-01 13:27:14.277583,42.86,False,
U000668,pagado,signup,2024-03-04 05:41:16.781966,,,
U000668,pagado,login,2024-03-05 20:35:19.259842,,,
U000668,pagado,view_service,2024-03-06 10:44:35.172760,,,
U000669,organico,signup,2024-01-27 10:04:09.327606,,,
U000669,organico,login,2024-01-28 16:19:30.417482,,,
U000669,organico,view_service,2024-01-28 17:21:28.794439,,,
U000670,referido,signup,2024-03-15 18:14:02.500419,,,
U000670,referido,login,2024-03-17 15:26:49.596849,,,
U000670,referido,view_service,2024-03-17 22:43:02.893516,,,
U000671,pagado,signup,2024-02-19 04:10:20.834986,,,
U000671,pagado,login,2024-02-20 14:21:29.678603,,,
U000672,pagado,signup,2024-03-18 16:59:54.468376,,,
U000672,pagado,login,2024-03-19 23:16:08.326626,,,
U000672,pagado,view_service,2024-03-20 09:45:51.089935,,,
U000673,pagado,signup,2024-03-28 12:15:38.806009,,,
U000673,pagado,login,2024-03-30 10:42:12.254164,,,
U000673,pagado,view_service,2024-03-31 09:38:41.582073,,,
U000673,pagado,start_application,2024-04-03 07:39:56.751991,,,
U000673,pagado,complete_kyc,2024-04-04 02:19:44.389191,,,kyc_approved
U000673,pagado,first_transaction,2024-04-05 03:56:03.490606,71.05,False,
U000673,pagado,repeat_transaction,2024-04-12 22:05:29.421205,16.81,False,
U000673,pagado,repeat_transaction,2024-04-20 22:26:09.223299,16.11,False,
U000673,pagado,repeat_transaction,2024-04-24 09:04:43.104631,17.02,False,
U000673,pagado,repeat_transaction,2024-04-26 19:38:21.480528,44.8,False,
U000673,pagado,repeat_transaction,2024-05-04 02:07:52.311449,87.48,False,
U000673,pagado,repeat_transaction,2024-05-12 04:54:39.323187,27.06,False,
U000673,pagado,repeat_transaction,2024-05-19 13:47:08.850143,6.35,False,
U000673,pagado,repeat_transaction,2024-05-23 07:19:20.599395,11.1,False,
U000674,pagado,signup,2024-02-20 20:45:09.387051,,,
U000674,pagado,login,2024-02-20 22:43:30.183119,,,
U000674,pagado,view_service,2024-02-21 19:56:14.388275,,,
U000675,organico,signup,2024-03-13 19:09:35.865094,,,
U000675,organico,login,2024-03-14 20:52:01.413810,,,
U000675,organico,view_service,2024-03-15 05:14:19.578730,,,
U000676,organico,signup,2024-01-10 04:44:34.002783,,,
U000676,organico,login,2024-01-11 00:24:08.649395,,,
U000676,organico,view_service,2024-01-11 08:13:38.691208,,,
U000676,organico,start_application,2024-01-13 18:59:31.982081,,,
U000676,organico,complete_kyc,2024-01-17 02:10:39.730137,,,kyc_approved
U000677,organico,signup,2024-03-29 23:33:48.569096,,,
U000677,organico,login,2024-03-31 13:03:00.262998,,,
U000677,organico,view_service,2024-04-01 06:57:40.534204,,,
U000677,organico,start_application,2024-04-03 06:04:16.524398,,,
U000677,organico,complete_kyc,2024-04-06 17:39:31.390465,,,kyc_approved
U000677,organico,first_transaction,2024-04-08 08:53:08.492257,20.43,False,
U000677,organico,repeat_transaction,2024-04-15 00:55:21.486224,24.77,False,
U000677,organico,repeat_transaction,2024-04-19 14:20:33.832440,27.5,False,
U000677,organico,repeat_transaction,2024-04-27 03:58:55.569593,37.6,False,
U000677,organico,repeat_transaction,2024-04-29 12:01:20.235364,29.42,False,
U000677,organico,repeat_transaction,2024-05-04 23:08:59.645605,76.29,False,
U000677,organico,repeat_transaction,2024-05-13 07:19:08.640794,22.8,False,
U000677,organico,repeat_transaction,2024-05-19 10:21:54.689969,20.01,False,
U000677,organico,repeat_transaction,2024-05-22 01:19:58.895033,51.17,False,
U000677,organico,repeat_transaction,2024-05-25 20:19:39.482792,12.49,False,
U000677,organico,repeat_transaction,2024-06-03 04:54:26.861456,48.08,False,
U000678,organico,signup,2024-01-15 08:14:30.401757,,,
U000678,organico,login,2024-01-16 03:37:18.242535,,,
U000678,organico,view_service,2024-01-16 06:57:35.498014,,,
U000679,organico,signup,2024-01-11 08:37:56.821036,,,
U000679,organico,login,2024-01-13 00:30:51.195435,,,
U000680,organico,signup,2024-03-11 13:52:40.181021,,,
U000680,organico,login,2024-03-13 03:56:01.711922,,,
U000680,organico,view_service,2024-03-13 22:56:38.697223,,,
U000681,pagado,signup,2024-03-18 19:54:53.374719,,,
U000681,pagado,login,2024-03-20 14:45:37.156624,,,
U000682,organico,signup,2024-02-14 08:17:36.675529,,,
U000682,organico,login,2024-02-15 10:25:57.284999,,,
U000682,organico,view_service,2024-02-15 11:32:56.303580,,,
U000683,organico,signup,2024-03-22 04:42:49.203746,,,
U000683,organico,login,2024-03-22 15:40:17.065070,,,
U000683,organico,view_service,2024-03-23 00:10:59.445674,,,
U000683,organico,start_application,2024-03-25 18:33:09.922787,,,
U000683,organico,complete_kyc,2024-03-28 12:24:52.650402,,,kyc_approved
U000683,organico,first_transaction,2024-03-30 07:42:07.080979,39.32,False,
U000684,organico,signup,2024-03-28 08:43:52.165464,,,
U000684,organico,login,2024-03-29 02:05:55.666396,,,
U000685,organico,signup,2024-01-06 01:15:20.279378,,,
U000685,organico,login,2024-01-06 10:02:34.944055,,,
U000685,organico,view_service,2024-01-07 07:28:59.539389,,,
U000686,pagado,signup,2024-01-28 16:56:29.933333,,,
U000686,pagado,login,2024-01-29 10:43:19.692584,,,
U000686,pagado,view_service,2024-01-30 08:29:39.909529,,,
U000687,pagado,signup,2024-03-20 12:46:31.340886,,,
U000687,pagado,login,2024-03-20 19:57:14.555623,,,
U000687,pagado,view_service,2024-03-21 15:05:19.026366,,,
U000688,pagado,signup,2024-01-12 14:41:35.483901,,,
U000688,pagado,login,2024-01-13 06:16:02.814284,,,
U000688,pagado,view_service,2024-01-14 00:41:59.717652,,,
U000688,pagado,start_application,2024-01-15 12:20:00.122001,,,
U000688,pagado,complete_kyc,2024-01-17 10:47:47.125491,,,kyc_rejected
U000689,pagado,signup,2024-02-28 10:22:56.460194,,,
U000689,pagado,login,2024-02-29 04:50:12.917972,,,
U000689,pagado,view_service,2024-02-29 17:47:23.705014,,,
U000690,pagado,signup,2024-01-22 19:03:15.039852,,,
U000690,pagado,login,2024-01-24 08:21:10.660524,,,
U000691,organico,signup,2024-01-10 05:08:29.402027,,,
U000691,organico,login,2024-01-10 22:36:01.389420,,,
U000691,organico,view_service,2024-01-11 01:50:59.750247,,,
U000691,organico,start_application,2024-01-13 19:28:36.671666,,,
U000691,organico,complete_kyc,2024-01-15 06:26:19.836387,,,kyc_approved
U000691,organico,first_transaction,2024-01-15 13:12:49.225632,33.01,False,
U000692,pagado,signup,2024-03-26 05:48:14.627786,,,
U000692,pagado,login,2024-03-27 17:41:06.507783,,,
U000692,pagado,view_service,2024-03-28 10:23:56.722926,,,
U000692,pagado,start_application,2024-03-30 15:12:27.543511,,,
U000692,pagado,complete_kyc,2024-04-02 10:11:14.470807,,,kyc_approved
U000692,pagado,first_transaction,2024-04-02 15:21:54.806065,111.25,False,
U000692,pagado,repeat_transaction,2024-04-11 11:23:17.703548,23.68,False,
U000692,pagado,repeat_transaction,2024-04-15 18:16:51.607674,154.81,False,
U000692,pagado,repeat_transaction,2024-04-17 10:55:37.582282,31.26,False,
U000692,pagado,repeat_transaction,2024-04-25 18:41:19.457196,14.97,False,
U000692,pagado,repeat_transaction,2024-04-28 10:05:32.757366,38.43,False,
U000692,pagado,repeat_transaction,2024-05-06 03:41:00.857241,17.23,False,
U000692,pagado,repeat_transaction,2024-05-09 20:22:38.041619,21.62,False,
U000692,pagado,repeat_transaction,2024-05-13 21:14:31.285482,48.32,False,
U000692,pagado,repeat_transaction,2024-05-21 03:24:55.371652,54.0,False,
U000692,pagado,repeat_transaction,2024-05-23 13:05:13.364115,23.68,False,
U000693,organico,signup,2024-03-10 02:31:34.381431,,,
U000693,organico,login,2024-03-11 11:11:36.948576,,,
U000694,pagado,signup,2024-03-06 06:22:12.602800,,,
U000695,pagado,signup,2024-03-30 03:19:26.304092,,,
U000695,pagado,login,2024-03-30 13:54:34.525943,,,
U000695,pagado,view_service,2024-03-31 07:49:34.278425,,,
U000696,pagado,signup,2024-03-15 23:00:34.384286,,,
U000696,pagado,login,2024-03-17 14:44:06.008828,,,
U000696,pagado,view_service,2024-03-18 10:01:29.919877,,,
U000697,organico,signup,2024-01-11 20:00:47.919976,,,
U000697,organico,login,2024-01-11 21:27:24.665365,,,
U000697,organico,view_service,2024-01-12 10:28:38.650995,,,
U000697,organico,start_application,2024-01-14 05:30:34.799032,,,
U000697,organico,complete_kyc,2024-01-17 06:15:26.870231,,,kyc_approved
U000697,organico,first_transaction,2024-01-18 12:56:10.662670,73.05,False,
U000697,organico,repeat_transaction,2024-01-24 14:55:56.664588,82.29,False,
U000697,organico,repeat_transaction,2024-02-01 17:37:16.171356,100.02,False,
U000697,organico,repeat_transaction,2024-02-05 13:34:13.806574,53.02,False,
U000697,organico,repeat_transaction,2024-02-06 15:24:06.867622,95.05,False,
U000697,organico,repeat_transaction,2024-02-10 04:24:02.802656,9.81,False,
U000697,organico,repeat_transaction,2024-02-12 22:29:44.372853,29.3,False,
U000697,organico,repeat_transaction,2024-02-20 11:14:39.458747,19.95,False,
U000697,organico,repeat_transaction,2024-02-27 19:01:05.394625,39.78,False,
U000697,organico,repeat_transaction,2024-03-03 10:59:31.424656,24.53,False,
U000697,organico,repeat_transaction,2024-03-05 08:48:31.266619,32.58,False,
U000698,organico,signup,2024-03-18 23:20:29.014045,,,
U000698,organico,login,2024-03-20 17:50:33.569873,,,
U000698,organico,view_service,2024-03-21 11:05:59.424500,,,
U000699,pagado,signup,2024-03-01 15:34:02.427962,,,
U000700,pagado,signup,2024-03-08 05:40:12.215051,,,
U000700,pagado,login,2024-03-09 19:23:18.289534,,,
U000700,pagado,view_service,2024-03-10 04:04:04.765723,,,
U000701,organico,signup,2024-03-22 22:26:55.863453,,,
U000701,organico,login,2024-03-24 03:47:11.037903,,,
U000701,organico,view_service,2024-03-24 07:29:11.087199,,,
U000702,organico,signup,2024-03-14 13:37:55.416684,,,
U000702,organico,login,2024-03-16 12:08:40.657798,,,
U000703,organico,signup,2024-01-10 18:48:55.713452,,,
U000703,organico,login,2024-01-11 08:19:59.144515,,,
U000703,organico,view_service,2024-01-11 10:31:12.489721,,,
U000703,organico,start_application,2024-01-13 18:07:21.571440,,,
U000703,organico,complete_kyc,2024-01-14 19:15:22.752849,,,kyc_approved
U000703,organico,first_transaction,2024-01-16 13:20:53.635820,136.66,False,
U000703,organico,repeat_transaction,2024-01-26 07:13:52.505692,32.5,False,
U000703,organico,repeat_transaction,2024-01-30 13:44:28.418796,48.89,False,
U000704,organico,signup,2024-02-27 10:51:01.448267,,,
U000704,organico,login,2024-02-28 16:52:12.975027,,,
U000704,organico,view_service,2024-02-28 18:55:11.530089,,,
U000705,organico,signup,2024-03-21 22:59:33.290872,,,
U000706,organico,signup,2024-03-13 20:28:10.796663,,,
U000706,organico,login,2024-03-14 01:36:48.385026,,,
U000706,organico,view_service,2024-03-14 15:19:05.314907,,,
U000707,organico,signup,2024-03-21 08:14:34.098679,,,
U000707,organico,login,2024-03-22 09:58:29.459532,,,
U000708,organico,signup,2024-01-18 07:59:26.939378,,,
U000708,organico,login,2024-01-19 04:50:13.185830,,,
U000708,organico,view_service,2024-01-19 06:25:51.921172,,,
U000708,organico,start_application,2024-01-21 01:59:06.901963,,,
U000708,organico,complete_kyc,2024-01-21 22:47:30.879280,,,kyc_approved
U000708,organico,first_transaction,2024-01-22 20:39:58.420964,31.11,False,
U000709,organico,signup,2024-03-11 17:46:53.533720,,,
U000709,organico,login,2024-03-13 16:45:16.562167,,,
U000709,organico,view_service,2024-03-13 21:52:11.478940,,,
U000709,organico,start_application,2024-03-16 04:30:51.746088,,,
U000709,organico,complete_kyc,2024-03-17 21:24:11.761823,,,kyc_approved
U000709,organico,first_transaction,2024-03-18 04:17:33.044219,38.59,False,
U000709,organico,repeat_transaction,2024-03-25 14:07:44.975941,36.75,False,
U000709,organico,repeat_transaction,2024-03-31 07:28:52.304419,50.09,False,
U000709,organico,repeat_transaction,2024-04-03 15:31:18.467209,82.74,False,
U000709,organico,repeat_transaction,2024-04-05 11:29:20.791010,115.95,False,
U000709,organico,repeat_transaction,2024-04-09 13:21:54.880415,45.46,False,
U000709,organico,repeat_transaction,2024-04-12 00:54:15.959966,55.3,False,
U000709,organico,repeat_transaction,2024-04-16 19:25:48.958162,16.35,False,
U000709,organico,repeat_transaction,2024-04-24 00:13:03.549729,34.41,False,
U000709,organico,repeat_transaction,2024-05-01 06:42:09.760450,70.68,False,
U000709,organico,repeat_transaction,2024-05-08 12:22:09.917677,67.1,False,
U000709,organico,repeat_transaction,2024-05-09 14:30:52.659002,42.44,False,
U000709,organico,repeat_transaction,2024-05-15 23:29:39.888389,68.07,False,
U000709,organico,repeat_transaction,2024-05-22 23:46:27.519347,51.6,False,
U000709,organico,repeat_transaction,2024-05-26 21:42:01.969481,84.79,False,
U000710,referido,signup,2024-03-09 14:12:27.983768,,,
U000710,referido,login,2024-03-10 12:16:39.153326,,,
U000710,referido,view_service,2024-03-11 09:01:39.215602,,,
U000710,referido,start_application,2024-03-14 06:52:07.835724,,,
U000710,referido,complete_kyc,2024-03-15 22:10:43.561922,,,kyc_approved
U000710,referido,first_transaction,2024-03-16 19:51:37.950272,44.82,False,
U000710,referido,repeat_transaction,2024-03-23 13:51:59.339317,28.53,False,
U000710,referido,repeat_transaction,2024-03-24 21:44:50.830871,46.3,False,
U000710,referido,repeat_transaction,2024-03-27 14:16:52.869095,5.0,False,
U000710,referido,repeat_transaction,2024-04-04 13:32:54.175056,47.85,False,
U000710,referido,repeat_transaction,2024-04-07 12:14:02.527984,5.0,False,
U000710,referido,repeat_transaction,2024-04-10 05:31:27.768151,10.95,False,
U000710,referido,repeat_transaction,2024-04-19 19:49:36.992716,50.21,False,
U000710,referido,repeat_transaction,2024-04-24 02:24:23.559806,51.12,False,
U000711,organico,signup,2024-03-15 20:08:42.602762,,,
U000712,organico,signup,2024-02-03 11:36:39.794353,,,
U000713,organico,signup,2024-03-25 19:55:31.082744,,,
U000713,organico,login,2024-03-26 03:48:59.679669,,,
U000713,organico,view_service,2024-03-26 10:41:34.788220,,,
U000714,pagado,signup,2024-02-28 18:31:18.655745,,,
U000714,pagado,login,2024-02-28 23:22:29.026224,,,
U000714,pagado,view_service,2024-02-29 19:28:35.385913,,,
U000714,pagado,start_application,2024-02-29 20:45:27.219451,,,
U000714,pagado,complete_kyc,2024-03-04 14:18:39.602764,,,kyc_approved
U000714,pagado,first_transaction,2024-03-05 20:17:32.104937,16.22,False,
U000714,pagado,repeat_transaction,2024-03-12 01:50:19.338257,22.23,False,
U000714,pagado,repeat_transaction,2024-03-15 16:27:29.045736,95.52,False,
U000714,pagado,repeat_transaction,2024-03-18 16:36:00.044528,26.08,False,
U000714,pagado,repeat_transaction,2024-03-23 02:54:47.721178,175.92,False,
U000714,pagado,repeat_transaction,2024-03-28 08:20:28.652116,36.55,False,
U000714,pagado,repeat_transaction,2024-04-07 01:20:46.933072,48.7,False,
U000714,pagado,repeat_transaction,2024-04-11 18:32:24.988593,113.5,False,
U000714,pagado,repeat_transaction,2024-04-19 02:34:07.050977,40.11,False,
U000714,pagado,repeat_transaction,2024-04-20 04:12:40.803946,18.14,False,
U000715,organico,signup,2024-01-28 09:41:46.049730,,,
U000715,organico,login,2024-01-29 23:52:59.682556,,,
U000715,organico,view_service,2024-01-30 05:43:06.506295,,,
U000716,organico,signup,2024-01-03 13:13:33.414744,,,
U000716,organico,login,2024-01-05 04:36:20.144999,,,
U000716,organico,view_service,2024-01-05 12:40:51.599464,,,
U000717,referido,signup,2024-01-24 17:43:08.299132,,,
U000717,referido,login,2024-01-26 09:30:23.443810,,,
U000718,pagado,signup,2024-01-18 12:55:45.904426,,,
U000718,pagado,login,2024-01-18 17:47:57.121630,,,
U000719,pagado,signup,2024-02-28 14:44:07.652281,,,
U000719,pagado,login,2024-02-29 03:18:01.734654,,,
U000719,pagado,view_service,2024-03-01 02:04:18.674843,,,
U000719,pagado,start_application,2024-03-01 08:52:39.492785,,,
U000719,pagado,complete_kyc,2024-03-03 03:09:04.845936,,,kyc_approved
U000719,pagado,first_transaction,2024-03-03 04:35:01.839492,33.89,False,
U000720,organico,signup,2024-02-06 03:48:38.250281,,,
U000720,organico,login,2024-02-07 10:09:34.419329,,,
U000720,organico,view_service,2024-02-07 15:57:03.240187,,,
U000721,organico,signup,2024-02-19 10:23:14.286726,,,
U000721,organico,login,2024-02-20 23:23:20.611710,,,
U000721,organico,view_service,2024-02-21 06:01:28.078916,,,
U000722,pagado,signup,2024-02-29 00:49:10.202142,,,
U000722,pagado,login,2024-03-01 05:27:46.239707,,,
U000722,pagado,view_service,2024-03-01 12:16:40.202880,,,
U000723,organico,signup,2024-02-15 20:14:34.246242,,,
U000723,organico,login,2024-02-16 19:51:48.659188,,,
U000723,organico,view_service,2024-02-16 21:40:32.379294,,,
U000724,organico,signup,2024-03-04 05:39:09.907360,,,
U000724,organico,login,2024-03-05 20:28:56.106433,,,
U000724,organico,view_service,2024-03-05 20:46:30.402377,,,
U000724,organico,start_application,2024-03-07 13:39:48.742464,,,
U000724,organico,complete_kyc,2024-03-10 00:05:56.682987,,,kyc_approved
U000725,referido,signup,2024-02-15 03:59:01.910955,,,
U000725,referido,login,2024-02-16 15:36:40.112149,,,
U000726,organico,signup,2024-01-04 16:23:32.066158,,,
U000726,organico,login,2024-01-06 10:00:55.863200,,,
U000726,organico,view_service,2024-01-06 15:15:41.963458,,,
U000726,organico,start_application,2024-01-07 07:09:44.929549,,,
U000726,organico,complete_kyc,2024-01-10 05:09:43.282030,,,kyc_rejected
U000727,organico,signup,2024-02-15 07:04:45.222474,,,
U000727,organico,login,2024-02-15 21:16:37.914572,,,
U000727,organico,view_service,2024-02-16 09:12:05.937611,,,
U000728,organico,signup,2024-01-19 13:08:53.459427,,,
U000728,organico,login,2024-01-20 02:42:43.371248,,,
U000728,organico,view_service,2024-01-20 16:44:25.523830,,,
U000729,organico,signup,2024-03-14 10:08:42.958605,,,
U000729,organico,login,2024-03-15 06:32:32.222370,,,
U000729,organico,view_service,2024-03-16 02:07:58.447817,,,
U000730,pagado,signup,2024-02-10 04:55:38.770863,,,
U000730,pagado,login,2024-02-10 08:06:20.843511,,,
U000730,pagado,view_service,2024-02-10 08:57:51.631649,,,
U000731,pagado,signup,2024-01-29 05:44:36.002100,,,
U000732,organico,signup,2024-01-04 20:59:16.780039,,,
U000732,organico,login,2024-01-05 14:13:26.244511,,,
U000732,organico,view_service,2024-01-06 06:00:28.871125,,,
U000732,organico,start_application,2024-01-08 14:09:18.418154,,,
U000732,organico,complete_kyc,2024-01-09 02:20:06.397605,,,kyc_approved
U000732,organico,first_transaction,2024-01-09 18:11:16.635061,35.7,False,
U000733,referido,signup,2024-02-21 22:23:52.229390,,,
U000733,referido,login,2024-02-22 03:25:39.787588,,,
U000733,referido,view_service,2024-02-22 18:02:13.302731,,,
U000734,referido,signup,2024-01-09 15:02:39.118703,,,
U000734,referido,login,2024-01-10 06:21:57.670044,,,
U000734,referido,view_service,2024-01-10 11:08:13.636851,,,
U000735,organico,signup,2024-03-31 13:04:14.453326,,,
U000735,organico,login,2024-04-01 04:49:40.736893,,,
U000735,organico,view_service,2024-04-01 18:40:59.136269,,,
U000735,organico,start_application,2024-04-03 17:03:45.801215,,,
U000735,organico,complete_kyc,2024-04-07 03:19:14.035622,,,kyc_rejected
U000736,referido,signup,2024-01-28 10:25:46.551051,,,
U000736,referido,login,2024-01-30 06:30:12.417291,,,
U000736,referido,view_service,2024-01-30 21:59:44.975250,,,
U000736,referido,start_application,2024-01-31 04:56:05.788883,,,
U000736,referido,complete_kyc,2024-02-03 10:04:29.855274,,,kyc_approved
U000736,referido,first_transaction,2024-02-04 22:16:36.551926,14.08,False,
U000736,referido,repeat_transaction,2024-02-10 08:56:29.895727,30.6,False,
U000736,referido,repeat_transaction,2024-02-14 01:24:19.805758,21.77,False,
U000736,referido,repeat_transaction,2024-02-19 11:57:58.364790,69.9,False,
U000736,referido,repeat_transaction,2024-02-28 16:37:41.252213,37.5,False,
U000736,referido,repeat_transaction,2024-03-09 03:10:19.692592,30.03,False,
U000736,referido,repeat_transaction,2024-03-12 03:33:33.256664,33.98,False,
U000737,organico,signup,2024-04-01 06:43:13.917611,,,
U000737,organico,login,2024-04-01 11:02:11.520816,,,
U000737,organico,view_service,2024-04-02 06:32:26.474107,,,
U000738,pagado,signup,2024-01-03 03:11:28.049014,,,
U000738,pagado,login,2024-01-03 05:21:16.105622,,,
U000738,pagado,view_service,2024-01-03 12:41:31.997530,,,
U000738,pagado,start_application,2024-01-05 14:15:13.623353,,,
U000738,pagado,complete_kyc,2024-01-08 18:21:15.271431,,,kyc_approved
U000738,pagado,first_transaction,2024-01-10 14:45:17.855171,42.78,False,
U000738,pagado,repeat_transaction,2024-01-19 08:55:27.328804,56.36,False,
U000738,pagado,repeat_transaction,2024-01-28 08:41:19.374378,18.18,False,
U000738,pagado,repeat_transaction,2024-02-02 01:57:36.724822,17.65,False,
U000738,pagado,repeat_transaction,2024-02-04 04:23:34.210016,79.3,False,
U000738,pagado,repeat_transaction,2024-02-10 09:12:57.370105,27.42,False,
U000738,pagado,repeat_transaction,2024-02-20 04:06:26.704554,13.57,False,
U000739,pagado,signup,2024-01-22 14:07:31.470727,,,
U000739,pagado,login,2024-01-23 16:58:41.837774,,,
U000740,pagado,signup,2024-03-08 09:07:15.138881,,,
U000741,organico,signup,2024-01-03 09:32:38.263086,,,
U000741,organico,login,2024-01-03 14:39:04.229849,,,
U000741,organico,view_service,2024-01-04 04:50:39.131498,,,
U000742,referido,signup,2024-01-16 08:44:45.427714,,,
U000742,referido,login,2024-01-17 02:15:52.161693,,,
U000743,referido,signup,2024-02-17 23:48:10.214542,,,
U000743,referido,login,2024-02-18 07:46:04.228823,,,
U000743,referido,view_service,2024-02-19 04:39:01.090413,,,
U000744,organico,signup,2024-03-21 14:27:52.178636,,,
U000744,organico,login,2024-03-21 23:31:23.591493,,,
U000744,organico,view_service,2024-03-22 15:25:31.359640,,,
U000745,organico,signup,2024-03-25 12:10:53.316517,,,
U000745,organico,login,2024-03-26 12:20:11.027705,,,
U000745,organico,view_service,2024-03-26 13:39:34.230460,,,
U000745,organico,start_application,2024-03-26 20:47:32.069122,,,
U000745,organico,complete_kyc,2024-03-29 11:14:08.226173,,,kyc_approved
U000745,organico,first_transaction,2024-03-30 01:25:06.602635,49.93,False,
U000745,organico,repeat_transaction,2024-04-05 12:37:38.272041,50.62,False,
U000745,organico,repeat_transaction,2024-04-07 12:12:40.186507,12.53,False,
U000745,organico,repeat_transaction,2024-04-10 17:58:59.231398,42.98,False,
U000745,organico,repeat_transaction,2024-04-12 18:51:49.347201,61.25,False,
U000745,organico,repeat_transaction,2024-04-18 23:06:48.586781,47.56,False,
U000745,organico,repeat_transaction,2024-04-24 18:03:14.215995,56.96,False,
U000745,organico,repeat_transaction,2024-05-03 16:41:44.201292,13.69,False,
U000745,organico,repeat_transaction,2024-05-08 08:04:49.590053,46.14,False,
U000745,organico,repeat_transaction,2024-05-11 07:34:34.730361,29.61,False,
U000746,pagado,signup,2024-02-15 17:40:31.745817,,,
U000746,pagado,login,2024-02-17 03:35:09.097052,,,
U000746,pagado,view_service,2024-02-17 03:42:36.971423,,,
U000746,pagado,start_application,2024-02-19 21:04:47.378357,,,
U000746,pagado,complete_kyc,2024-02-22 08:59:31.667068,,,kyc_approved
U000747,pagado,signup,2024-01-18 00:03:25.126181,,,
U000747,pagado,login,2024-01-18 21:57:42.628303,,,
U000748,pagado,signup,2024-02-09 12:48:45.183405,,,
U000748,pagado,login,2024-02-09 21:05:25.021762,,,
U000749,organico,signup,2024-02-03 04:00:07.909840,,,
U000749,organico,login,2024-02-04 02:44:17.577931,,,
U000749,organico,view_service,2024-02-04 03:12:17.014572,,,
U000750,organico,signup,2024-01-23 01:10:36.784385,,,
U000750,organico,login,2024-01-23 06:03:59.484838,,,
U000751,organico,signup,2024-02-15 12:14:54.028624,,,
U000751,organico,login,2024-02-16 00:29:33.922258,,,
U000751,organico,view_service,2024-02-16 20:22:02.482291,,,
U000751,organico,start_application,2024-02-17 20:27:47.451430,,,
U000751,organico,complete_kyc,2024-02-19 22:24:57.768356,,,kyc_approved
U000752,pagado,signup,2024-02-14 20:41:05.827811,,,
U000752,pagado,login,2024-02-15 03:52:09.770629,,,
U000752,pagado,view_service,2024-02-15 09:11:40.208749,,,
U000753,organico,signup,2024-01-05 08:36:58.027039,,,
U000753,organico,login,2024-01-05 18:35:53.695969,,,
U000753,organico,view_service,2024-01-06 16:41:51.902359,,,
U000753,organico,start_application,2024-01-07 00:33:28.932811,,,
U000753,organico,complete_kyc,2024-01-08 03:13:03.965467,,,kyc_approved
U000753,organico,first_transaction,2024-01-09 23:01:16.574924,26.1,False,
U000754,organico,signup,2024-03-24 06:40:45.572093,,,
U000754,organico,login,2024-03-26 04:03:27.327365,,,
U000754,organico,view_service,2024-03-26 08:40:18.502494,,,
U000755,pagado,signup,2024-02-22 19:00:41.268635,,,
U000755,pagado,login,2024-02-22 19:30:38.535139,,,
U000756,organico,signup,2024-03-03 19:21:01.062983,,,
U000756,organico,login,2024-03-04 03:14:20.983494,,,
U000756,organico,view_service,2024-03-04 04:50:12.217468,,,
U000756,organico,start_application,2024-03-05 13:34:08.869333,,,
U000756,organico,complete_kyc,2024-03-06 10:49:25.308190,,,kyc_approved
U000756,organico,first_transaction,2024-03-07 10:18:59.217486,67.32,True,
U000756,organico,repeat_transaction,2024-03-08 10:27:18.212292,103.08,False,
U000756,organico,repeat_transaction,2024-03-12 14:06:07.912250,128.52,False,
U000756,organico,repeat_transaction,2024-03-21 07:38:54.511023,91.87,False,
U000756,organico,repeat_transaction,2024-03-29 05:43:39.781148,33.89,False,
U000756,organico,repeat_transaction,2024-03-31 00:18:16.075768,46.85,False,
U000756,organico,repeat_transaction,2024-04-09 23:25:19.001291,62.6,False,
U000756,organico,repeat_transaction,2024-04-16 05:49:49.834119,39.84,False,
U000756,organico,repeat_transaction,2024-04-19 05:06:13.632523,40.11,False,
U000756,organico,repeat_transaction,2024-04-23 09:42:15.660727,65.15,False,
U000756,organico,repeat_transaction,2024-04-30 03:18:21.579574,35.11,False,
U000756,organico,repeat_transaction,2024-05-09 20:09:28.318959,21.97,False,
U000756,organico,repeat_transaction,2024-05-13 04:35:24.803530,27.38,False,
U000756,organico,repeat_transaction,2024-05-16 23:42:32.962126,57.04,False,
U000756,organico,repeat_transaction,2024-05-24 02:21:23.651052,36.67,False,
U000757,pagado,signup,2024-03-03 16:45:42.900113,,,
U000757,pagado,login,2024-03-04 07:16:58.077231,,,
U000757,pagado,view_service,2024-03-04 20:54:15.941297,,,
U000758,pagado,signup,2024-02-05 17:06:30.794796,,,
U000758,pagado,login,2024-02-06 14:22:32.260374,,,
U000758,pagado,view_service,2024-02-07 12:48:57.597999,,,
U000759,organico,signup,2024-02-09 21:51:27.163107,,,
U000759,organico,login,2024-02-11 00:43:45.448910,,,
U000760,organico,signup,2024-03-10 15:24:53.816116,,,
U000760,organico,login,2024-03-11 16:02:58.755951,,,
U000760,organico,view_service,2024-03-12 05:06:39.456685,,,
U000761,organico,signup,2024-03-10 08:56:52.073398,,,
U000761,organico,login,2024-03-11 23:43:34.101586,,,
U000762,organico,signup,2024-02-29 19:44:39.388980,,,
U000762,organico,login,2024-03-01 18:54:23.713717,,,
U000762,organico,view_service,2024-03-01 20:24:51.474171,,,
U000763,pagado,signup,2024-03-08 14:17:50.923379,,,
U000763,pagado,login,2024-03-10 01:51:49.658406,,,
U000763,pagado,view_service,2024-03-10 07:16:03.586181,,,
U000764,referido,signup,2024-01-29 09:23:18.782683,,,
U000764,referido,login,2024-01-30 08:43:04.447732,,,
U000764,referido,view_service,2024-01-30 11:30:54.645960,,,
U000764,referido,start_application,2024-02-01 07:01:39.820987,,,
U000764,referido,complete_kyc,2024-02-01 19:05:11.453706,,,kyc_approved
U000764,referido,first_transaction,2024-02-02 17:52:43.593727,46.44,False,
U000764,referido,repeat_transaction,2024-02-12 01:54:15.752345,58.5,False,
U000765,organico,signup,2024-01-18 19:10:23.463821,,,
U000765,organico,login,2024-01-20 00:37:27.808078,,,
U000765,organico,view_service,2024-01-20 16:26:14.304664,,,
U000765,organico,start_application,2024-01-21 03:03:08.715319,,,
U000765,organico,complete_kyc,2024-01-21 05:37:14.693792,,,kyc_approved
U000765,organico,first_transaction,2024-01-21 17:14:57.879834,28.15,False,
U000766,organico,signup,2024-02-14 12:45:15.627046,,,
U000766,organico,login,2024-02-15 06:26:59.634460,,,
U000766,organico,view_service,2024-02-15 15:44:25.102877,,,
U000767,organico,signup,2024-03-15 08:42:07.861788,,,
U000767,organico,login,2024-03-16 03:27:21.067173,,,
U000767,organico,view_service,2024-03-16 04:19:19.750213,,,
U000768,pagado,signup,2024-02-11 21:52:12.249190,,,
U000768,pagado,login,2024-02-13 16:14:17.476268,,,
U000768,pagado,view_service,2024-02-13 16:30:23.808001,,,
U000768,pagado,start_application,2024-02-15 04:36:09.046170,,,
U000768,pagado,complete_kyc,2024-02-18 15:19:48.465880,,,kyc_approved
U000769,pagado,signup,2024-02-17 08:21:55.655475,,,
U000769,pagado,login,2024-02-18 11:26:24.855805,,,
U000769,pagado,view_service,2024-02-19 08:03:18.857271,,,
U000769,pagado,start_application,2024-02-21 16:35:38.146647,,,
U000769,pagado,complete_kyc,2024-02-24 07:58:31.174912,,,kyc_rejected
U000770,organico,signup,2024-03-18 00:33:10.567800,,,
U000770,organico,login,2024-03-18 09:17:34.353000,,,
U000770,organico,view_service,2024-03-18 21:29:06.187893,,,
U000771,organico,signup,2024-03-05 09:18:46.275523,,,
U000771,organico,login,2024-03-07 01:09:51.863595,,,
U000771,organico,view_service,2024-03-07 01:55:17.237000,,,
U000772,organico,signup,2024-01-31 08:39:39.933311,,,
U000772,organico,login,2024-02-01 22:52:14.047628,,,
U000772,organico,view_service,2024-02-02 20:00:52.779155,,,
U000773,organico,signup,2024-03-30 12:30:27.468740,,,
U000773,organico,login,2024-03-30 14:23:59.876069,,,
U000773,organico,view_service,2024-03-31 01:01:28.459257,,,
U000773,organico,start_application,2024-04-01 22:30:52.612605,,,
U000773,organico,complete_kyc,2024-04-02 01:49:40.772735,,,kyc_approved
U000773,organico,first_transaction,2024-04-02 23:27:34.213493,62.14,False,
U000773,organico,repeat_transaction,2024-04-05 18:36:07.705089,47.71,False,
U000773,organico,repeat_transaction,2024-04-10 17:06:19.255610,15.42,False,
U000773,organico,repeat_transaction,2024-04-13 12:33:46.731910,100.45,False,
U000773,organico,repeat_transaction,2024-04-21 20:21:06.959143,25.78,False,
U000773,organico,repeat_transaction,2024-04-24 13:53:16.183107,11.49,False,
U000773,organico,repeat_transaction,2024-05-01 05:46:36.522788,17.61,False,
U000773,organico,repeat_transaction,2024-05-04 01:44:28.923646,17.91,False,
U000773,organico,repeat_transaction,2024-05-13 02:41:32.014182,37.96,False,
U000773,organico,repeat_transaction,2024-05-17 18:49:34.097123,30.21,False,
U000774,organico,signup,2024-01-19 09:46:36.696877,,,
U000774,organico,login,2024-01-20 09:38:37.194818,,,
U000775,pagado,signup,2024-02-13 23:42:48.760650,,,
U000775,pagado,login,2024-02-14 06:25:03.673260,,,
U000775,pagado,view_service,2024-02-14 16:42:23.736247,,,
U000775,pagado,start_application,2024-02-14 21:54:07.110283,,,
U000775,pagado,complete_kyc,2024-02-15 05:51:52.950859,,,kyc_approved
U000775,pagado,first_transaction,2024-02-15 11:36:48.368162,28.91,False,
U000775,pagado,repeat_transaction,2024-02-16 16:28:57.399306,56.47,False,
U000775,pagado,repeat_transaction,2024-02-20 07:06:00.902278,46.43,False,
U000775,pagado,repeat_transaction,2024-02-24 19:25:56.478705,45.66,False,
U000775,pagado,repeat_transaction,2024-03-04 15:52:47.793998,48.76,False,
U000775,pagado,repeat_transaction,2024-03-08 06:06:10.244850,56.33,False,
U000775,pagado,repeat_transaction,2024-03-11 10:14:41.641051,8.37,False,
U000776,pagado,signup,2024-01-30 17:17:03.889080,,,
U000776,pagado,login,2024-01-31 21:17:57.181010,,,
U000777,referido,signup,2024-02-29 19:45:20.576000,,,
U000777,referido,login,2024-03-02 14:23:32.129722,,,
U000777,referido,view_service,2024-03-02 19:20:01.125516,,,
U000778,organico,signup,2024-03-11 01:45:37.300458,,,
U000778,organico,login,2024-03-12 16:27:05.668293,,,
U000778,organico,view_service,2024-03-13 07:06:40.015800,,,
U000779,pagado,signup,2024-02-02 04:43:29.103313,,,
U000779,pagado,login,2024-02-04 01:20:28.560188,,,
U000780,organico,signup,2024-01-14 09:00:12.236916,,,
U000780,organico,login,2024-01-14 19:53:33.491791,,,
U000780,organico,view_service,2024-01-15 07:22:51.524878,,,
U000781,referido,signup,2024-01-23 10:18:03.645477,,,
U000781,referido,login,2024-01-23 19:47:51.938809,,,
U000781,referido,view_service,2024-01-24 04:56:02.805760,,,
U000782,organico,signup,2024-02-14 18:47:07.465305,,,
U000782,organico,login,2024-02-16 04:28:46.153418,,,
U000782,organico,view_service,2024-02-16 07:17:51.736883,,,
U000782,organico,start_application,2024-02-18 03:39:47.411639,,,
U000782,organico,complete_kyc,2024-02-21 18:27:08.345378,,,kyc_approved
U000782,organico,first_transaction,2024-02-23 14:31:40.092729,28.36,False,
U000782,organico,repeat_transaction,2024-02-26 15:35:13.181823,7.96,False,
U000783,referido,signup,2024-03-13 22:54:13.629166,,,
U000783,referido,login,2024-03-15 09:29:00.571038,,,
U000784,organico,signup,2024-01-13 14:02:26.070798,,,
U000784,organico,login,2024-01-14 21:31:30.302465,,,
U000784,organico,view_service,2024-01-15 04:34:42.127320,,,
U000785,organico,signup,2024-01-13 02:10:34.406700,,,
U000785,organico,login,2024-01-14 01:59:00.006891,,,
U000785,organico,view_service,2024-01-14 10:34:56.952725,,,
U000786,organico,signup,2024-03-07 02:57:48.178618,,,
U000786,organico,login,2024-03-08 10:22:22.527679,,,
U000786,organico,view_service,2024-03-08 16:49:49.416872,,,
U000787,pagado,signup,2024-02-27 05:57:28.289433,,,
U000787,pagado,login,2024-02-29 04:48:19.108163,,,
U000787,pagado,view_service,2024-02-29 22:37:26.472715,,,
U000787,pagado,start_application,2024-03-02 01:29:55.896448,,,
U000787,pagado,complete_kyc,2024-03-05 07:57:47.240558,,,kyc_approved
U000788,pagado,signup,2024-02-29 22:41:30.401714,,,
U000788,pagado,login,2024-03-01 00:24:31.318016,,,
U000788,pagado,view_service,2024-03-01 09:39:35.029541,,,
U000789,organico,signup,2024-03-20 00:49:16.277911,,,
U000789,organico,login,2024-03-20 09:45:18.834765,,,
U000789,organico,view_service,2024-03-20 11:03:24.661898,,,
U000789,organico,start_application,2024-03-22 02:05:39.248222,,,
U000789,organico,complete_kyc,2024-03-23 11:48:34.448537,,,kyc_approved
U000789,organico,first_transaction,2024-03-25 06:41:32.573127,37.53,False,
U000790,pagado,signup,2024-02-24 22:38:40.872663,,,
U000790,pagado,login,2024-02-25 19:32:12.939859,,,
U000790,pagado,view_service,2024-02-26 13:03:06.817148,,,
U000791,organico,signup,2024-01-12 05:12:31.304608,,,
U000791,organico,login,2024-01-13 22:25:53.474770,,,
U000792,organico,signup,2024-02-23 02:27:38.836519,,,
U000792,organico,login,2024-02-23 20:49:28.662649,,,
U000792,organico,view_service,2024-02-24 19:01:12.946048,,,
U000792,organico,start_application,2024-02-24 20:12:43.020832,,,
U000792,organico,complete_kyc,2024-02-28 01:04:21.692825,,,kyc_rejected
U000793,organico,signup,2024-01-25 00:52:54.329814,,,
U000793,organico,login,2024-01-26 06:27:59.297479,,,
U000793,organico,view_service,2024-01-26 22:18:18.103210,,,
U000794,pagado,signup,2024-01-31 03:41:07.823967,,,
U000794,pagado,login,2024-02-01 00:51:25.780109,,,
U000794,pagado,view_service,2024-02-02 00:02:24.427303,,,
U000795,pagado,signup,2024-01-27 11:46:13.923152,,,
U000795,pagado,login,2024-01-27 20:28:59.309357,,,
U000796,organico,signup,2024-03-20 08:12:46.592570,,,
U000796,organico,login,2024-03-21 13:54:45.770621,,,
U000796,organico,view_service,2024-03-21 16:42:13.353277,,,
U000796,organico,start_application,2024-03-23 18:00:54.161106,,,
U000796,organico,complete_kyc,2024-03-27 04:41:58.222536,,,kyc_approved
U000796,organico,first_transaction,2024-03-28 15:09:39.383772,36.48,False,
U000797,organico,signup,2024-01-25 20:21:45.608773,,,
U000797,organico,login,2024-01-27 06:52:12.588377,,,
U000797,organico,view_service,2024-01-27 15:17:46.278846,,,
U000797,organico,start_application,2024-01-28 23:18:22.753990,,,
U000797,organico,complete_kyc,2024-01-31 00:36:36.764884,,,kyc_approved
U000797,organico,first_transaction,2024-01-31 18:29:53.973254,76.09,False,
U000797,organico,repeat_transaction,2024-02-05 14:37:01.190066,84.04,False,
U000797,organico,repeat_transaction,2024-02-06 19:57:03.712304,42.18,False,
U000797,organico,repeat_transaction,2024-02-11 01:46:22.841599,25.78,False,
U000797,organico,repeat_transaction,2024-02-20 03:36:35.036267,51.4,False,
U000797,organico,repeat_transaction,2024-02-29 15:11:07.134845,25.29,False,
U000797,organico,repeat_transaction,2024-03-01 21:54:55.133268,36.56,False,
U000797,organico,repeat_transaction,2024-03-05 12:44:37.692641,72.99,False,
U000797,organico,repeat_transaction,2024-03-11 20:26:56.145915,24.77,False,
U000797,organico,repeat_transaction,2024-03-14 18:07:42.719825,64.33,False,
U000797,organico,repeat_transaction,2024-03-22 04:44:03.893716,58.8,False,
U000797,organico,repeat_transaction,2024-03-30 05:57:47.948084,18.76,False,
U000798,referido,signup,2024-02-05 16:16:41.542081,,,
U000798,referido,login,2024-02-07 04:54:26.327112,,,
U000798,referido,view_service,2024-02-08 03:50:01.890597,,,
U000799,referido,signup,2024-02-22 21:12:59.985237,,,
U000799,referido,login,2024-02-23 23:07:59.520917,,,
U000799,referido,view_service,2024-02-24 20:13:22.032364,,,
U000800,pagado,signup,2024-03-01 20:21:18.804715,,,
U000800,pagado,login,2024-03-03 00:00:33.834552,,,
U000801,organico,signup,2024-03-14 21:18:44.115375,,,
U000801,organico,login,2024-03-16 19:59:24.228438,,,
U000801,organico,view_service,2024-03-17 06:41:52.773893,,,
U000802,organico,signup,2024-01-09 17:34:53.492579,,,
U000802,organico,login,2024-01-10 16:52:21.097918,,,
U000802,organico,view_service,2024-01-11 11:45:16.241017,,,
U000802,organico,start_application,2024-01-13 23:22:29.455687,,,
U000802,organico,complete_kyc,2024-01-17 22:06:32.376723,,,kyc_rejected
U000803,organico,signup,2024-02-26 07:04:45.039454,,,
U000803,organico,login,2024-02-27 02:44:47.260646,,,
U000803,organico,view_service,2024-02-27 06:21:02.185783,,,
U000804,referido,signup,2024-01-17 10:16:20.108014,,,
U000804,referido,login,2024-01-18 08:52:42.812749,,,
U000804,referido,view_service,2024-01-19 05:45:07.550041,,,
U000805,organico,signup,2024-01-17 02:19:59.988058,,,
U000805,organico,login,2024-01-17 21:01:26.388855,,,
U000805,organico,view_service,2024-01-18 00:07:35.385433,,,
U000806,organico,signup,2024-02-01 21:45:13.027714,,,
U000806,organico,login,2024-02-02 01:23:10.916207,,,
U000807,referido,signup,2024-03-08 17:36:22.142007,,,
U000807,referido,login,2024-03-09 18:06:18.592128,,,
U000807,referido,view_service,2024-03-09 18:20:29.706638,,,
U000808,pagado,signup,2024-02-12 03:18:32.906187,,,
U000808,pagado,login,2024-02-12 16:47:15.326900,,,
U000809,organico,signup,2024-02-15 10:40:22.075895,,,
U000809,organico,login,2024-02-16 11:07:00.893429,,,
U000810,organico,signup,2024-02-06 07:45:41.534447,,,
U000810,organico,login,2024-02-08 05:07:46.414969,,,
U000811,pagado,signup,2024-01-30 15:22:11.500635,,,
U000811,pagado,login,2024-01-31 14:46:46.965139,,,
U000811,pagado,view_service,2024-01-31 18:53:05.802080,,,
U000812,organico,signup,2024-02-25 15:52:28.064348,,,
U000812,organico,login,2024-02-25 20:34:18.167772,,,
U000812,organico,view_service,2024-02-26 08:48:18.124079,,,
U000812,organico,start_application,2024-02-28 03:55:45.790195,,,
U000812,organico,complete_kyc,2024-02-28 08:13:30.134926,,,kyc_rejected
U000813,pagado,signup,2024-02-09 19:55:16.766931,,,
U000813,pagado,login,2024-02-11 15:59:35.857999,,,
U000813,pagado,view_service,2024-02-12 14:03:27.874054,,,
U000813,pagado,start_application,2024-02-15 06:04:05.510322,,,
U000813,pagado,complete_kyc,2024-02-17 05:40:26.768460,,,kyc_approved
U000813,pagado,first_transaction,2024-02-17 19:06:43.238105,72.37,False,
U000814,pagado,signup,2024-03-09 04:58:41.084128,,,
U000814,pagado,login,2024-03-09 21:08:26.624701,,,
U000814,pagado,view_service,2024-03-10 14:48:23.309558,,,
U000815,organico,signup,2024-03-04 19:21:34.927548,,,
U000815,organico,login,2024-03-06 05:14:03.007232,,,
U000815,organico,view_service,2024-03-06 09:50:39.181163,,,
U000816,pagado,signup,2024-02-28 07:06:53.644593,,,
U000816,pagado,login,2024-02-29 11:18:02.695864,,,
U000817,organico,signup,2024-01-19 08:04:04.525175,,,
U000817,organico,login,2024-01-19 12:25:01.972175,,,
U000817,organico,view_service,2024-01-20 05:47:23.484333,,,
U000817,organico,start_application,2024-01-21 13:07:02.557711,,,
U000817,organico,complete_kyc,2024-01-23 12:28:42.175734,,,kyc_approved
U000817,organico,first_transaction,2024-01-23 14:26:15.042870,59.68,False,
U000817,organico,repeat_transaction,2024-01-29 20:33:34.870933,39.3,False,
U000817,organico,repeat_transaction,2024-02-04 05:09:14.500676,21.46,False,
U000817,organico,repeat_transaction,2024-02-06 20:02:52.527226,20.06,False,
U000817,organico,repeat_transaction,2024-02-09 22:08:12.786335,25.12,False,
U000817,organico,repeat_transaction,2024-02-15 06:54:35.403788,53.51,False,
U000817,organico,repeat_transaction,2024-02-19 19:37:37.943234,18.75,False,
U000817,organico,repeat_transaction,2024-02-25 03:30:51.702503,49.71,False,
U000817,organico,repeat_transaction,2024-02-27 03:47:08.609160,15.34,False,
U000817,organico,repeat_transaction,2024-03-05 22:51:26.361641,31.73,False,
U000817,organico,repeat_transaction,2024-03-15 16:14:22.364064,39.52,False,
U000817,organico,repeat_transaction,2024-03-22 15:19:18.748476,202.67,False,
U000818,organico,signup,2024-01-30 19:33:42.238056,,,
U000818,organico,login,2024-02-01 08:43:15.924425,,,
U000818,organico,view_service,2024-02-02 04:02:38.995749,,,
U000819,organico,signup,2024-01-23 10:16:48.047023,,,
U000819,organico,login,2024-01-24 23:52:38.889143,,,
U000819,organico,view_service,2024-01-25 18:24:43.369418,,,
U000819,organico,start_application,2024-01-26 17:20:55.705259,,,
U000819,organico,complete_kyc,2024-01-28 07:13:31.597060,,,kyc_approved
U000819,organico,first_transaction,2024-01-30 03:01:40.460881,13.96,False,
U000820,organico,signup,2024-03-15 23:25:02.489304,,,
U000820,organico,login,2024-03-16 07:29:39.809376,,,
U000820,organico,view_service,2024-03-16 22:31:12.011876,,,
U000821,pagado,signup,2024-02-01 06:38:12.804732,,,
U000821,pagado,login,2024-02-02 21:10:20.881384,,,
U000821,pagado,view_service,2024-02-03 14:06:02.746874,,,
U000822,pagado,signup,2024-02-21 09:58:11.313518,,,
U000822,pagado,login,2024-02-21 19:34:30.275051,,,
U000822,pagado,view_service,2024-02-22 08:27:18.226594,,,
U000823,organico,signup,2024-03-15 00:37:55.716098,,,
U000823,organico,login,2024-03-16 11:51:31.891319,,,
U000824,organico,signup,2024-01-04 17:49:47.319187,,,
U000824,organico,login,2024-01-05 17:09:23.465853,,,
U000824,organico,view_service,2024-01-06 00:25:35.901911,,,
U000824,organico,start_application,2024-01-08 08:03:46.929433,,,
U000824,organico,complete_kyc,2024-01-09 08:10:51.673826,,,kyc_approved
U000824,organico,first_transaction,2024-01-10 21:50:13.878609,102.56,False,
U000824,organico,repeat_transaction,2024-01-19 19:11:14.868385,40.65,False,
U000824,organico,repeat_transaction,2024-01-21 11:43:02.327333,48.8,False,
U000824,organico,repeat_transaction,2024-01-28 19:40:15.562078,39.76,False,
U000824,organico,repeat_transaction,2024-01-30 00:01:27.451087,49.96,False,
U000824,organico,repeat_transaction,2024-02-04 21:01:51.779867,32.87,False,
U000824,organico,repeat_transaction,2024-02-06 17:40:16.649896,101.27,False,
U000824,organico,repeat_transaction,2024-02-11 06:09:14.594361,26.59,False,
U000824,organico,repeat_transaction,2024-02-19 23:45:48.653444,80.85,False,
U000824,organico,repeat_transaction,2024-02-24 19:35:47.399136,23.31,False,
U000824,organico,repeat_transaction,2024-02-28 12:51:42.331506,35.09,False,
U000824,organico,repeat_transaction,2024-03-01 10:23:32.891976,17.28,False,
U000824,organico,repeat_transaction,2024-03-07 14:51:06.930824,50.33,False,
U000825,organico,signup,2024-01-22 09:49:05.969669,,,
U000825,organico,login,2024-01-23 19:35:10.504206,,,
U000825,organico,view_service,2024-01-24 04:47:41.750930,,,
U000826,pagado,signup,2024-03-28 09:27:09.931271,,,
U000826,pagado,login,2024-03-29 13:13:59.470231,,,
U000826,pagado,view_service,2024-03-30 07:45:12.833623,,,
U000827,organico,signup,2024-01-12 02:46:59.848085,,,
U000827,organico,login,2024-01-12 06:53:21.788361,,,
U000827,organico,view_service,2024-01-12 11:54:48.114777,,,
U000828,pagado,signup,2024-01-09 22:52:35.189325,,,
U000828,pagado,login,2024-01-11 15:11:44.436933,,,
U000829,organico,signup,2024-02-15 19:40:00.941415,,,
U000829,organico,login,2024-02-15 21:30:56.675801,,,
U000829,organico,view_service,2024-02-16 11:54:19.184187,,,
U000830,organico,signup,2024-02-16 22:37:43.730865,,,
U000830,organico,login,2024-02-17 21:51:51.618613,,,
U000830,organico,view_service,2024-02-18 15:37:47.258579,,,
U000831,referido,signup,2024-02-09 09:22:35.336078,,,
U000831,referido,login,2024-02-10 10:22:53.620411,,,
U000831,referido,view_service,2024-02-10 15:09:30.655901,,,
U000832,organico,signup,2024-03-22 04:34:13.974947,,,
U000832,organico,login,2024-03-22 11:22:12.362641,,,
U000833,organico,signup,2024-01-02 22:49:13.491804,,,
U000833,organico,login,2024-01-04 17:04:59.696430,,,
U000833,organico,view_service,2024-01-05 00:51:15.829656,,,
U000834,pagado,signup,2024-01-17 05:24:26.551590,,,
U000834,pagado,login,2024-01-19 03:06:28.632019,,,
U000834,pagado,view_service,2024-01-19 17:38:10.155193,,,
U000835,organico,signup,2024-02-01 11:06:18.123552,,,
U000835,organico,login,2024-02-01 19:04:19.360648,,,
U000835,organico,view_service,2024-02-02 06:28:16.468178,,,
U000835,organico,start_application,2024-02-02 19:27:27.269381,,,
U000835,organico,complete_kyc,2024-02-04 16:53:22.912801,,,kyc_rejected
U000836,organico,signup,2024-03-05 07:56:45.702872,,,
U000836,organico,login,2024-03-05 12:34:58.282895,,,
U000836,organico,view_service,2024-03-06 02:52:12.146523,,,
U000836,organico,start_application,2024-03-08 00:43:23.305317,,,
U000836,organico,complete_kyc,2024-03-11 13:34:56.692041,,,kyc_approved
U000836,organico,first_transaction,2024-03-11 22:54:35.648182,100.64,False,
U000837,organico,signup,2024-03-08 00:09:09.075528,,,
U000837,organico,login,2024-03-09 03:07:47.279875,,,
U000837,organico,view_service,2024-03-09 08:01:54.426869,,,
U000838,organico,signup,2024-02-06 00:58:48.762344,,,
U000838,organico,login,2024-02-07 23:22:59.421131,,,
U000838,organico,view_service,2024-02-08 14:11:01.214860,,,
U000839,organico,signup,2024-01-02 11:19:58.230846,,,
U000839,organico,login,2024-01-03 16:53:15.672696,,,
U000839,organico,view_service,2024-01-04 04:19:30.178807,,,
U000839,organico,start_application,2024-01-04 10:01:04.676753,,,
U000839,organico,complete_kyc,2024-01-08 07:08:16.380158,,,kyc_approved
U000839,organico,first_transaction,2024-01-09 03:36:53.345660,34.67,False,
U000839,organico,repeat_transaction,2024-01-11 04:57:03.101212,31.89,False,
U000839,organico,repeat_transaction,2024-01-15 14:26:59.008568,16.77,False,
U000839,organico,repeat_transaction,2024-01-20 20:56:13.102579,31.17,False,
U000839,organico,repeat_transaction,2024-01-26 13:41:09.186459,12.0,False,
U000839,organico,repeat_transaction,2024-02-04 12:28:32.075961,19.32,False,
U000839,organico,repeat_transaction,2024-02-14 02:50:00.107810,42.89,False,
U000839,organico,repeat_transaction,2024-02-22 14:53:31.304411,92.14,False,
U000839,organico,repeat_transaction,2024-03-02 04:18:18.962632,261.5,False,
U000839,organico,repeat_transaction,2024-03-07 14:09:55.671810,24.27,False,
U000839,organico,repeat_transaction,2024-03-14 18:12:17.506003,99.95,False,
U000839,organico,repeat_transaction,2024-03-19 16:15:14.944774,43.41,False,
U000839,organico,repeat_transaction,2024-03-20 21:43:04.768026,32.92,False,
U000839,organico,repeat_transaction,2024-03-26 02:23:25.372786,49.54,False,
U000840,pagado,signup,2024-03-26 22:17:54.310474,,,
U000840,pagado,login,2024-03-26 22:54:34.662876,,,
U000840,pagado,view_service,2024-03-27 11:33:26.606599,,,
U000840,pagado,start_application,2024-03-28 09:58:28.134967,,,
U000840,pagado,complete_kyc,2024-03-28 19:27:42.631774,,,kyc_approved
U000840,pagado,first_transaction,2024-03-30 15:42:17.119874,38.22,False,
U000840,pagado,repeat_transaction,2024-04-06 10:18:22.869098,39.54,False,
U000840,pagado,repeat_transaction,2024-04-16 09:23:08.620012,27.5,False,
U000840,pagado,repeat_transaction,2024-04-19 20:36:26.190716,13.75,False,
U000840,pagado,repeat_transaction,2024-04-26 00:11:54.072578,12.42,False,
U000840,pagado,repeat_transaction,2024-05-03 11:17:33.822210,57.82,False,
U000841,pagado,signup,2024-02-12 01:50:55.880599,,,
U000841,pagado,login,2024-02-13 04:04:56.961004,,,
U000841,pagado,view_service,2024-02-13 12:58:58.170362,,,
U000842,pagado,signup,2024-03-05 16:25:38.169276,,,
U000842,pagado,login,2024-03-07 08:28:44.239644,,,
U000842,pagado,view_service,2024-03-07 19:08:52.291339,,,
U000843,organico,signup,2024-03-19 11:42:09.121367,,,
U000843,organico,login,2024-03-20 23:07:35.625700,,,
U000843,organico,view_service,2024-03-21 15:16:14.683034,,,
U000844,referido,signup,2024-01-18 05:10:18.297953,,,
U000844,referido,login,2024-01-18 05:57:01.981831,,,
U000844,referido,view_service,2024-01-18 15:58:22.155745,,,
U000845,organico,signup,2024-01-20 03:01:16.662312,,,
U000845,organico,login,2024-01-20 11:23:17.259356,,,
U000845,organico,view_service,2024-01-21 02:00:44.631918,,,
U000846,organico,signup,2024-02-29 00:27:30.065194,,,
U000846,organico,login,2024-03-01 03:24:32.925912,,,
U000846,organico,view_service,2024-03-01 14:37:33.197411,,,
U000847,organico,signup,2024-03-25 19:30:18.881112,,,
U000847,organico,login,2024-03-25 23:44:40.741376,,,
U000847,organico,view_service,2024-03-26 14:48:08.343838,,,
U000847,organico,start_application,2024-03-27 03:04:39.232808,,,
U000847,organico,complete_kyc,2024-03-27 04:34:28.059457,,,kyc_approved
U000847,organico,first_transaction,2024-03-28 22:41:32.149589,30.15,False,
U000847,organico,repeat_transaction,2024-04-04 17:25:58.153223,24.11,False,
U000847,organico,repeat_transaction,2024-04-07 10:42:26.673026,36.82,False,
U000847,organico,repeat_transaction,2024-04-09 15:22:41.265255,63.84,False,
U000847,organico,repeat_transaction,2024-04-16 23:51:19.962940,41.52,False,
U000847,organico,repeat_transaction,2024-04-19 06:11:15.277855,23.12,False,
U000847,organico,repeat_transaction,2024-04-22 06:59:42.069422,86.35,False,
U000847,organico,repeat_transaction,2024-05-01 05:50:44.996416,110.55,False,
U000847,organico,repeat_transaction,2024-05-04 21:33:04.387887,51.74,False,
U000847,organico,repeat_transaction,2024-05-08 06:41:34.691348,72.35,False,
U000847,organico,repeat_transaction,2024-05-14 11:41:28.828644,87.3,False,
U000847,organico,repeat_transaction,2024-05-21 06:19:32.656905,80.73,False,
U000848,pagado,signup,2024-02-06 05:58:51.832569,,,
U000848,pagado,login,2024-02-06 22:41:54.981324,,,
U000849,pagado,signup,2024-03-17 11:33:20.431706,,,
U000849,pagado,login,2024-03-18 00:01:26.827914,,,
U000849,pagado,view_service,2024-03-18 00:49:38.278850,,,
U000849,pagado,start_application,2024-03-20 00:15:40.980634,,,
U000849,pagado,complete_kyc,2024-03-20 18:33:54.071181,,,kyc_approved
U000849,pagado,first_transaction,2024-03-21 12:29:50.508187,56.25,False,
U000849,pagado,repeat_transaction,2024-03-25 10:07:47.011831,55.64,False,
U000850,organico,signup,2024-02-02 04:52:57.700616,,,
U000850,organico,login,2024-02-02 12:46:41.559323,,,
U000850,organico,view_service,2024-02-03 06:50:22.894491,,,
U000851,pagado,signup,2024-02-13 20:45:42.514293,,,
U000851,pagado,login,2024-02-14 19:58:34.745523,,,
U000851,pagado,view_service,2024-02-14 20:59:14.665182,,,
U000852,organico,signup,2024-03-27 01:18:53.553619,,,
U000852,organico,login,2024-03-27 14:19:02.161276,,,
U000852,organico,view_service,2024-03-28 04:34:17.178350,,,
U000852,organico,start_application,2024-03-28 16:38:04.202804,,,
U000852,organico,complete_kyc,2024-03-29 21:50:24.557648,,,kyc_approved
U000852,organico,first_transaction,2024-03-30 23:02:37.853702,52.66,False,
U000852,organico,repeat_transaction,2024-04-02 03:06:00.960635,16.98,False,
U000852,organico,repeat_transaction,2024-04-11 18:26:29.541851,59.77,False,
U000852,organico,repeat_transaction,2024-04-15 13:14:40.646112,14.17,False,
U000853,pagado,signup,2024-02-12 10:47:21.883771,,,
U000853,pagado,login,2024-02-14 05:10:58.599191,,,
U000853,pagado,view_service,2024-02-14 07:09:28.555008,,,
U000853,pagado,start_application,2024-02-14 21:52:36.416752,,,
U000853,pagado,complete_kyc,2024-02-15 06:59:15.795090,,,kyc_approved
U000853,pagado,first_transaction,2024-02-16 23:35:42.853326,20.98,False,
U000853,pagado,repeat_transaction,2024-02-18 21:10:35.570673,91.15,False,
U000853,pagado,repeat_transaction,2024-02-23 10:17:26.747493,65.9,False,
U000853,pagado,repeat_transaction,2024-02-28 16:18:31.855016,103.67,False,
U000853,pagado,repeat_transaction,2024-03-04 20:25:17.003346,30.26,False,
U000853,pagado,repeat_transaction,2024-03-14 02:28:57.117131,16.34,False,
U000853,pagado,repeat_transaction,2024-03-17 23:14:51.285866,30.93,False,
U000854,organico,signup,2024-01-31 17:21:29.677318,,,
U000854,organico,login,2024-02-01 22:03:05.816713,,,
U000854,organico,view_service,2024-02-02 06:24:32.705404,,,
U000855,referido,signup,2024-01-05 07:21:00.208157,,,
U000855,referido,login,2024-01-06 00:48:11.846953,,,
U000855,referido,view_service,2024-01-06 00:53:29.069357,,,
U000856,organico,signup,2024-01-09 04:25:27.018010,,,
U000856,organico,login,2024-01-09 18:59:13.192698,,,
U000856,organico,view_service,2024-01-10 04:14:07.409298,,,
U000856,organico,start_application,2024-01-10 15:10:26.910197,,,
U000856,organico,complete_kyc,2024-01-11 21:23:00.365278,,,kyc_approved
U000856,organico,first_transaction,2024-01-12 09:59:10.567479,39.31,False,
U000856,organico,repeat_transaction,2024-01-19 13:22:17.977636,38.68,False,
U000856,organico,repeat_transaction,2024-01-24 17:47:41.870990,80.93,False,
U000856,organico,repeat_transaction,2024-01-31 21:59:06.496855,28.42,False,
U000856,organico,repeat_transaction,2024-02-09 16:16:40.431603,46.83,False,
U000856,organico,repeat_transaction,2024-02-10 18:55:06.194373,18.32,False,
U000856,organico,repeat_transaction,2024-02-16 23:02:59.080630,50.16,False,
U000856,organico,repeat_transaction,2024-02-22 01:15:47.630998,36.68,False,
U000857,referido,signup,2024-02-07 22:11:31.040302,,,
U000857,referido,login,2024-02-09 04:39:58.206732,,,
U000857,referido,view_service,2024-02-09 23:56:02.720766,,,
U000858,organico,signup,2024-02-13 22:54:13.176379,,,
U000858,organico,login,2024-02-15 12:37:43.886544,,,
U000859,pagado,signup,2024-02-06 04:29:32.611476,,,
U000859,pagado,login,2024-02-08 01:20:22.106483,,,
U000859,pagado,view_service,2024-02-08 06:07:20.303603,,,
U000860,pagado,signup,2024-02-11 23:56:31.445978,,,
U000860,pagado,login,2024-02-12 23:29:41.762214,,,
U000860,pagado,view_service,2024-02-13 20:50:25.649122,,,
U000861,organico,signup,2024-02-01 16:01:29.408444,,,
U000861,organico,login,2024-02-02 00:41:09.295860,,,
U000861,organico,view_service,2024-02-02 01:09:19.783443,,,
U000861,organico,start_application,2024-02-03 22:58:57.545500,,,
U000861,organico,complete_kyc,2024-02-06 08:22:46.333275,,,kyc_approved
U000861,organico,first_transaction,2024-02-07 19:51:44.365250,21.65,False,
U000861,organico,repeat_transaction,2024-02-09 23:05:24.443709,31.03,False,
U000861,organico,repeat_transaction,2024-02-15 09:40:31.392842,32.17,False,
U000862,organico,signup,2024-02-12 20:09:37.734681,,,
U000862,organico,login,2024-02-14 16:54:57.738094,,,
U000863,pagado,signup,2024-01-05 23:37:21.509367,,,
U000863,pagado,login,2024-01-07 10:23:35.340371,,,
U000864,organico,signup,2024-02-17 20:41:43.092365,,,
U000864,organico,login,2024-02-18 11:15:37.553856,,,
U000864,organico,view_service,2024-02-18 15:42:56.028802,,,
U000865,pagado,signup,2024-03-08 22:06:07.972877,,,
U000866,pagado,signup,2024-02-23 09:00:41.422614,,,
U000866,pagado,login,2024-02-24 23:07:51.097061,,,
U000866,pagado,view_service,2024-02-25 00:21:01.324830,,,
U000867,organico,signup,2024-03-26 11:13:40.570825,,,
U000867,organico,login,2024-03-27 11:21:10.109143,,,
U000867,organico,view_service,2024-03-27 20:57:03.491331,,,
U000867,organico,start_application,2024-03-28 17:32:10.244458,,,
U000867,organico,complete_kyc,2024-03-28 18:31:06.795325,,,kyc_approved
U000867,organico,first_transaction,2024-03-30 02:05:56.568374,30.29,False,
U000867,organico,repeat_transaction,2024-04-08 20:53:34.559527,126.46,False,
U000867,organico,repeat_transaction,2024-04-11 20:41:55.857397,34.16,False,
U000867,organico,repeat_transaction,2024-04-15 18:48:51.686906,30.85,False,
U000867,organico,repeat_transaction,2024-04-19 08:59:09.315026,8.43,False,
U000867,organico,repeat_transaction,2024-04-27 19:36:45.056764,19.57,False,
U000867,organico,repeat_transaction,2024-05-04 12:43:24.279344,30.44,False,
U000867,organico,repeat_transaction,2024-05-09 00:45:21.404297,22.64,False,
U000867,organico,repeat_transaction,2024-05-10 03:28:13.678203,96.27,False,
U000867,organico,repeat_transaction,2024-05-14 06:17:08.124559,32.61,False,
U000867,organico,repeat_transaction,2024-05-19 10:03:58.540819,90.19,False,
U000867,organico,repeat_transaction,2024-05-22 07:33:50.178844,38.21,False,
U000867,organico,repeat_transaction,2024-05-29 08:55:44.054752,37.56,False,
U000867,organico,repeat_transaction,2024-05-30 15:53:54.492916,34.39,False,
U000868,referido,signup,2024-02-28 09:15:41.020701,,,
U000868,referido,login,2024-03-01 08:32:11.762932,,,
U000868,referido,view_service,2024-03-01 15:34:32.745662,,,
U000868,referido,start_application,2024-03-03 16:10:20.680375,,,
U000868,referido,complete_kyc,2024-03-03 19:29:44.978878,,,kyc_approved
U000868,referido,first_transaction,2024-03-04 12:26:19.431507,36.7,False,
U000869,organico,signup,2024-01-24 01:06:01.184107,,,
U000869,organico,login,2024-01-25 17:53:57.966929,,,
U000869,organico,view_service,2024-01-25 23:10:40.256855,,,
U000870,pagado,signup,2024-01-18 05:38:35.835318,,,
U000870,pagado,login,2024-01-19 00:57:24.366193,,,
U000870,pagado,view_service,2024-01-19 18:59:59.807145,,,
U000871,pagado,signup,2024-01-31 02:37:39.890254,,,
U000871,pagado,login,2024-02-02 00:43:23.572427,,,
U000872,organico,signup,2024-02-19 14:21:59.709589,,,
U000872,organico,login,2024-02-20 12:41:17.029752,,,
U000873,organico,signup,2024-03-25 07:54:35.434042,,,
U000873,organico,login,2024-03-26 00:00:39.852079,,,
U000873,organico,view_service,2024-03-26 04:11:13.029089,,,
U000874,organico,signup,2024-03-01 18:05:13.555200,,,
U000874,organico,login,2024-03-02 23:49:52.526975,,,
U000874,organico,view_service,2024-03-03 14:43:42.054789,,,
U000875,pagado,signup,2024-03-08 20:07:53.058079,,,
U000875,pagado,login,2024-03-09 23:30:04.210117,,,
U000875,pagado,view_service,2024-03-10 01:43:47.336606,,,
U000875,pagado,start_application,2024-03-12 07:14:56.494244,,,
U000875,pagado,complete_kyc,2024-03-15 20:07:28.085034,,,kyc_approved
U000875,pagado,first_transaction,2024-03-17 13:34:59.380731,121.89,False,
U000875,pagado,repeat_transaction,2024-03-25 01:45:50.920546,7.22,False,
U000875,pagado,repeat_transaction,2024-03-30 07:45:09.451085,9.02,False,
U000875,pagado,repeat_transaction,2024-04-02 02:54:22.501923,25.02,False,
U000875,pagado,repeat_transaction,2024-04-03 16:54:20.953355,36.97,False,
U000875,pagado,repeat_transaction,2024-04-09 21:40:04.461672,59.33,False,
U000875,pagado,repeat_transaction,2024-04-17 01:20:27.102439,50.97,False,
U000876,organico,signup,2024-01-18 09:07:47.996369,,,
U000876,organico,login,2024-01-20 01:21:51.239077,,,
U000877,referido,signup,2024-01-24 18:14:03.015222,,,
U000877,referido,login,2024-01-26 03:00:11.164347,,,
U000877,referido,view_service,2024-01-26 15:30:05.519519,,,
U000878,organico,signup,2024-03-13 10:21:14.748243,,,
U000878,organico,login,2024-03-14 20:44:26.412557,,,
U000878,organico,view_service,2024-03-15 20:28:55.996501,,,
U000879,organico,signup,2024-03-17 06:32:53.985529,,,
U000879,organico,login,2024-03-19 03:04:13.100095,,,
U000879,organico,view_service,2024-03-19 13:39:33.849573,,,
U000880,organico,signup,2024-03-18 23:51:45.350951,,,
U000880,organico,login,2024-03-20 10:32:46.033389,,,
U000880,organico,view_service,2024-03-21 02:19:12.653434,,,
U000880,organico,start_application,2024-03-21 19:53:48.548286,,,
U000880,organico,complete_kyc,2024-03-23 18:29:03.335717,,,kyc_approved
U000880,organico,first_transaction,2024-03-25 03:48:47.732620,27.97,False,
U000881,pagado,signup,2024-02-01 05:02:14.094720,,,
U000881,pagado,login,2024-02-01 06:50:57.900946,,,
U000881,pagado,view_service,2024-02-01 19:23:45.711630,,,
U000881,pagado,start_application,2024-02-04 10:46:49.068165,,,
U000881,pagado,complete_kyc,2024-02-06 17:05:53.925300,,,kyc_approved
U000881,pagado,first_transaction,2024-02-08 03:29:12.802848,74.69,False,
U000881,pagado,repeat_transaction,2024-02-13 02:29:49.768662,75.27,False,
U000881,pagado,repeat_transaction,2024-02-20 19:08:36.678697,41.63,False,
U000881,pagado,repeat_transaction,2024-02-23 02:47:35.405184,71.8,False,
U000881,pagado,repeat_transaction,2024-02-27 13:47:10.067095,44.29,False,
U000881,pagado,repeat_transaction,2024-02-28 19:50:06.525544,24.7,False,
U000881,pagado,repeat_transaction,2024-03-03 13:16:25.552292,59.65,False,
U000881,pagado,repeat_transaction,2024-03-06 21:18:31.456005,39.54,False,
U000881,pagado,repeat_transaction,2024-03-14 14:19:39.004649,36.63,False,
U000881,pagado,repeat_transaction,2024-03-19 05:59:23.790776,102.62,False,
U000881,pagado,repeat_transaction,2024-03-21 18:47:54.704942,6.58,False,
U000881,pagado,repeat_transaction,2024-03-24 04:28:04.548904,13.57,False,
U000881,pagado,repeat_transaction,2024-03-28 00:21:21.300908,15.94,False,
U000882,referido,signup,2024-02-14 20:11:23.260061,,,
U000882,referido,login,2024-02-16 15:15:44.979170,,,
U000882,referido,view_service,2024-02-17 13:59:30.857552,,,
U000882,referido,start_application,2024-02-18 12:19:52.213930,,,
U000882,referido,complete_kyc,2024-02-19 10:15:09.988299,,,kyc_approved
U000882,referido,first_transaction,2024-02-21 00:09:32.439347,28.38,False,
U000882,referido,repeat_transaction,2024-02-27 03:09:04.093471,30.62,False,
U000882,referido,repeat_transaction,2024-02-28 05:47:11.425031,12.74,False,
U000882,referido,repeat_transaction,2024-03-07 14:40:05.332342,18.36,False,
U000882,referido,repeat_transaction,2024-03-16 16:39:54.853953,20.03,False,
U000882,referido,repeat_transaction,2024-03-20 23:11:39.367608,204.42,False,
U000882,referido,repeat_transaction,2024-03-27 14:29:49.585080,129.18,False,
U000882,referido,repeat_transaction,2024-04-02 04:05:56.657146,27.43,False,
U000882,referido,repeat_transaction,2024-04-11 19:49:00.502355,28.37,False,
U000883,pagado,signup,2024-01-09 22:45:22.237698,,,
U000883,pagado,login,2024-01-10 10:34:36.968520,,,
U000884,organico,signup,2024-03-27 03:03:38.764498,,,
U000884,organico,login,2024-03-27 11:39:34.910049,,,
U000885,organico,signup,2024-03-25 11:28:32.685921,,,
U000885,organico,login,2024-03-25 21:31:33.999908,,,
U000885,organico,view_service,2024-03-26 15:49:06.092239,,,
U000886,organico,signup,2024-03-21 09:34:11.701699,,,
U000886,organico,login,2024-03-22 08:34:49.589008,,,
U000886,organico,view_service,2024-03-22 20:01:53.396117,,,
U000886,organico,start_application,2024-03-24 14:30:27.446319,,,
U000886,organico,complete_kyc,2024-03-27 00:08:40.844448,,,kyc_approved
U000886,organico,first_transaction,2024-03-27 20:49:47.908635,16.37,False,
U000887,organico,signup,2024-02-29 10:12:34.496172,,,
U000887,organico,login,2024-03-02 09:50:15.962938,,,
U000887,organico,view_service,2024-03-02 19:38:22.062882,,,
U000887,organico,start_application,2024-03-04 17:07:03.284426,,,
U000887,organico,complete_kyc,2024-03-06 01:00:09.509910,,,kyc_approved
U000887,organico,first_transaction,2024-03-07 08:00:41.531153,9.62,False,
U000887,organico,repeat_transaction,2024-03-10 19:28:25.750931,33.72,False,
U000887,organico,repeat_transaction,2024-03-14 14:10:31.754938,18.2,False,
U000887,organico,repeat_transaction,2024-03-24 09:15:25.023258,34.49,False,
U000887,organico,repeat_transaction,2024-03-29 18:34:27.574170,11.94,False,
U000887,organico,repeat_transaction,2024-04-08 13:02:05.547932,21.47,False,
U000887,organico,repeat_transaction,2024-04-11 00:16:16.114997,40.61,False,
U000888,organico,signup,2024-01-30 08:13:53.771994,,,
U000888,organico,login,2024-01-31 10:07:48.247909,,,
U000888,organico,view_service,2024-02-01 04:49:55.676345,,,
U000889,organico,signup,2024-02-16 11:31:28.086695,,,
U000889,organico,login,2024-02-17 01:59:50.677799,,,
U000889,organico,view_service,2024-02-17 15:43:23.024331,,,
U000889,organico,start_application,2024-02-18 03:04:02.423177,,,
U000889,organico,complete_kyc,2024-02-21 04:45:29.843209,,,kyc_approved
U000890,pagado,signup,2024-01-17 02:22:03.030385,,,
U000890,pagado,login,2024-01-18 16:14:54.844573,,,
U000891,organico,signup,2024-03-26 10:16:10.626806,,,
U000891,organico,login,2024-03-26 17:18:52.103601,,,
U000891,organico,view_service,2024-03-27 01:50:28.256135,,,
U000892,organico,signup,2024-02-09 16:05:18.615612,,,
U000892,organico,login,2024-02-10 11:32:38.361634,,,
U000893,organico,signup,2024-03-15 11:00:01.772436,,,
U000893,organico,login,2024-03-16 20:50:17.974025,,,
U000893,organico,view_service,2024-03-17 14:03:09.494053,,,
U000893,organico,start_application,2024-03-18 17:00:19.811379,,,
U000893,organico,complete_kyc,2024-03-20 00:14:30.395844,,,kyc_approved
U000893,organico,first_transaction,2024-03-21 03:09:52.012691,47.29,False,
U000893,organico,repeat_transaction,2024-03-26 02:13:36.222002,49.02,False,
U000893,organico,repeat_transaction,2024-03-27 18:18:10.590004,14.52,False,
U000893,organico,repeat_transaction,2024-04-04 06:26:18.088348,66.57,False,
U000893,organico,repeat_transaction,2024-04-10 14:30:48.439929,20.9,False,
U000893,organico,repeat_transaction,2024-04-20 03:00:08.674623,57.0,False,
U000893,organico,repeat_transaction,2024-04-24 15:15:21.675305,36.33,False,
U000893,organico,repeat_transaction,2024-05-01 23:51:27.255491,13.96,False,
U000893,organico,repeat_transaction,2024-05-11 21:02:03.399591,29.33,False,
U000893,organico,repeat_transaction,2024-05-13 09:50:48.160497,47.26,False,
U000894,organico,signup,2024-02-19 20:22:11.002562,,,
U000894,organico,login,2024-02-21 14:39:44.731647,,,
U000894,organico,view_service,2024-02-22 14:06:57.084179,,,
U000895,pagado,signup,2024-03-21 05:53:19.433651,,,
U000895,pagado,login,2024-03-22 02:58:53.194607,,,
U000895,pagado,view_service,2024-03-22 16:07:19.766093,,,
U000896,pagado,signup,2024-03-16 05:56:21.362360,,,
U000896,pagado,login,2024-03-17 23:44:49.237342,,,
U000896,pagado,view_service,2024-03-18 17:29:50.839104,,,
U000897,organico,signup,2024-03-12 06:58:22.837736,,,
U000897,organico,login,2024-03-12 17:58:44.370271,,,
U000897,organico,view_service,2024-03-12 22:47:40.872434,,,
U000898,organico,signup,2024-02-26 06:11:48.607421,,,
U000898,organico,login,2024-02-27 02:45:57.552820,,,
U000899,pagado,signup,2024-02-05 04:16:54.361386,,,
U000900,referido,signup,2024-01-31 23:24:09.538024,,,
U000900,referido,login,2024-02-01 02:43:01.896500,,,
U000900,referido,view_service,2024-02-01 04:58:26.510839,,,
U000901,organico,signup,2024-01-16 18:05:15.618144,,,
U000901,organico,login,2024-01-17 16:37:34.583597,,,
U000901,organico,view_service,2024-01-17 21:14:52.900120,,,
U000901,organico,start_application,2024-01-19 22:31:27.332655,,,
U000901,organico,complete_kyc,2024-01-23 05:07:11.765788,,,kyc_approved
U000902,referido,signup,2024-01-16 00:41:37.638024,,,
U000902,referido,login,2024-01-16 22:32:33.516557,,,
U000903,pagado,signup,2024-03-28 06:06:48.601887,,,
U000903,pagado,login,2024-03-29 12:05:17.661871,,,
U000903,pagado,view_service,2024-03-29 12:20:33.800049,,,
U000903,pagado,start_application,2024-03-29 23:15:47.905182,,,
U000903,pagado,complete_kyc,2024-04-02 09:28:14.463616,,,kyc_approved
U000903,pagado,first_transaction,2024-04-03 11:04:15.359196,56.21,False,
U000903,pagado,repeat_transaction,2024-04-09 15:08:58.670631,33.16,False,
U000903,pagado,repeat_transaction,2024-04-18 13:17:49.079889,106.94,False,
U000903,pagado,repeat_transaction,2024-04-20 22:15:34.558760,74.09,False,
U000903,pagado,repeat_transaction,2024-04-23 18:47:12.266341,30.58,False,
U000903,pagado,repeat_transaction,2024-04-25 00:27:04.430157,61.87,False,
U000903,pagado,repeat_transaction,2024-05-03 14:54:21.841956,141.69,False,
U000903,pagado,repeat_transaction,2024-05-09 11:33:45.134690,144.36,False,
U000903,pagado,repeat_transaction,2024-05-13 10:17:38.845612,15.49,False,
U000903,pagado,repeat_transaction,2024-05-16 11:59:47.603469,19.13,False,
U000903,pagado,repeat_transaction,2024-05-20 05:25:45.588052,103.49,False,
U000903,pagado,repeat_transaction,2024-05-23 15:58:55.794284,17.45,False,
U000903,pagado,repeat_transaction,2024-05-26 14:54:18.359641,14.5,False,
U000903,pagado,repeat_transaction,2024-05-28 20:33:52.299519,26.04,False,
U000903,pagado,repeat_transaction,2024-06-02 19:31:37.094582,49.11,False,
U000904,organico,signup,2024-02-05 16:25:23.799763,,,
U000904,organico,login,2024-02-06 10:44:58.062688,,,
U000905,organico,signup,2024-01-18 16:07:40.260532,,,
U000905,organico,login,2024-01-20 04:28:09.460711,,,
U000905,organico,view_service,2024-01-20 16:14:00.389238,,,
U000906,pagado,signup,2024-01-30 17:02:36.392895,,,
U000906,pagado,login,2024-01-31 10:22:50.389046,,,
U000906,pagado,view_service,2024-01-31 13:06:46.370217,,,
U000907,organico,signup,2024-03-14 16:58:35.811744,,,
U000907,organico,login,2024-03-16 14:22:37.800531,,,
U000908,organico,signup,2024-03-18 14:28:56.230530,,,
U000908,organico,login,2024-03-19 21:24:35.502887,,,
U000908,organico,view_service,2024-03-20 08:44:56.287832,,,
U000909,organico,signup,2024-02-29 14:03:18.984807,,,
U000909,organico,login,2024-03-01 17:11:55.030418,,,
U000909,organico,view_service,2024-03-01 20:58:44.512327,,,
U000910,pagado,signup,2024-01-08 07:24:32.690807,,,
U000910,pagado,login,2024-01-09 01:18:49.335311,,,
U000910,pagado,view_service,2024-01-09 05:08:07.493208,,,
U000910,pagado,start_application,2024-01-12 00:33:17.207521,,,
U000910,pagado,complete_kyc,2024-01-15 21:14:27.412360,,,kyc_approved
U000910,pagado,first_transaction,2024-01-16 06:02:25.049891,34.07,False,
U000910,pagado,repeat_transaction,2024-01-17 12:30:57.596452,23.21,False,
U000910,pagado,repeat_transaction,2024-01-22 03:42:19.177710,22.83,False,
U000910,pagado,repeat_transaction,2024-01-30 17:27:11.248920,22.23,False,
U000911,organico,signup,2024-01-04 08:28:36.467255,,,
U000911,organico,login,2024-01-04 15:29:26.596965,,,
U000911,organico,view_service,2024-01-05 04:27:40.124761,,,
U000912,pagado,signup,2024-01-17 09:02:29.993795,,,
U000912,pagado,login,2024-01-18 05:15:14.597376,,,
U000912,pagado,view_service,2024-01-19 04:30:18.532556,,,
U000913,organico,signup,2024-03-14 20:22:32.084374,,,
U000913,organico,login,2024-03-15 08:46:45.302231,,,
U000913,organico,view_service,2024-03-15 21:45:42.903048,,,
U000914,pagado,signup,2024-01-11 04:02:51.171337,,,
U000914,pagado,login,2024-01-11 10:10:29.809812,,,
U000914,pagado,view_service,2024-01-12 05:30:55.491636,,,
U000914,pagado,start_application,2024-01-14 05:00:45.389922,,,
U000914,pagado,complete_kyc,2024-01-17 04:29:12.474663,,,kyc_approved
U000914,pagado,first_transaction,2024-01-18 10:02:45.584330,19.77,False,
U000914,pagado,repeat_transaction,2024-01-25 08:28:11.198023,180.76,False,
U000914,pagado,repeat_transaction,2024-02-04 02:50:39.962807,45.07,False,
U000914,pagado,repeat_transaction,2024-02-09 19:08:47.364235,68.08,False,
U000914,pagado,repeat_transaction,2024-02-18 18:00:01.380516,25.99,False,
U000914,pagado,repeat_transaction,2024-02-20 22:26:56.819184,32.13,False,
U000914,pagado,repeat_transaction,2024-02-27 21:16:07.360878,22.21,False,
U000914,pagado,repeat_transaction,2024-03-08 07:08:51.302136,5.72,False,
U000914,pagado,repeat_transaction,2024-03-17 10:50:48.200943,13.95,False,
U000914,pagado,repeat_transaction,2024-03-18 21:13:07.333371,10.3,False,
U000914,pagado,repeat_transaction,2024-03-21 12:34:04.645966,7.58,False,
U000914,pagado,repeat_transaction,2024-03-22 19:56:11.722854,15.85,False,
U000914,pagado,repeat_transaction,2024-03-25 06:54:13.658174,92.52,False,
U000915,pagado,signup,2024-02-14 21:21:30.746814,,,
U000915,pagado,login,2024-02-16 01:06:23.370233,,,
U000915,pagado,view_service,2024-02-16 06:18:06.546624,,,
U000916,pagado,signup,2024-01-12 21:11:33.512200,,,
U000916,pagado,login,2024-01-13 13:26:49.693917,,,
U000917,organico,signup,2024-03-15 02:47:30.053876,,,
U000917,organico,login,2024-03-16 10:53:22.161278,,,
U000917,organico,view_service,2024-03-16 23:22:16.628617,,,
U000917,organico,start_application,2024-03-18 01:44:42.522401,,,
U000917,organico,complete_kyc,2024-03-20 15:35:02.750408,,,kyc_rejected
U000918,organico,signup,2024-01-22 21:34:06.683785,,,
U000918,organico,login,2024-01-23 11:49:59.508184,,,
U000919,organico,signup,2024-02-11 05:44:16.631300,,,
U000919,organico,login,2024-02-12 06:00:51.189855,,,
U000919,organico,view_service,2024-02-13 04:36:25.740705,,,
U000920,organico,signup,2024-03-17 19:45:08.111447,,,
U000920,organico,login,2024-03-18 12:48:20.921044,,,
U000920,organico,view_service,2024-03-18 16:29:26.633216,,,
U000921,pagado,signup,2024-03-14 09:15:55.165866,,,
U000921,pagado,login,2024-03-15 10:47:38.401390,,,
U000921,pagado,view_service,2024-03-15 13:14:32.306067,,,
U000921,pagado,start_application,2024-03-17 10:56:57.784938,,,
U000921,pagado,complete_kyc,2024-03-19 22:29:09.534458,,,kyc_approved
U000921,pagado,first_transaction,2024-03-20 05:52:09.222749,35.48,False,
U000921,pagado,repeat_transaction,2024-03-23 01:32:36.928219,90.32,False,
U000921,pagado,repeat_transaction,2024-04-01 18:52:45.151719,48.8,False,
U000921,pagado,repeat_transaction,2024-04-06 07:04:12.169587,63.29,False,
U000921,pagado,repeat_transaction,2024-04-11 02:03:47.165634,19.48,False,
U000921,pagado,repeat_transaction,2024-04-14 23:35:53.154930,52.81,False,
U000921,pagado,repeat_transaction,2024-04-18 16:23:47.874671,60.95,False,
U000921,pagado,repeat_transaction,2024-04-26 01:23:53.881962,24.44,False,
U000921,pagado,repeat_transaction,2024-04-28 22:29:21.614198,54.15,False,
U000921,pagado,repeat_transaction,2024-05-05 06:47:24.296858,54.4,False,
U000921,pagado,repeat_transaction,2024-05-13 01:54:24.151421,24.91,False,
U000921,pagado,repeat_transaction,2024-05-18 09:47:16.969983,16.68,False,
U000921,pagado,repeat_transaction,2024-05-28 03:45:38.050713,15.98,False,
U000921,pagado,repeat_transaction,2024-06-06 23:05:00.403917,38.88,False,
U000921,pagado,repeat_transaction,2024-06-09 09:31:23.289063,46.01,False,
U000922,pagado,signup,2024-01-24 17:19:41.189807,,,
U000922,pagado,login,2024-01-25 00:09:18.721443,,,
U000922,pagado,view_service,2024-01-25 17:35:32.627472,,,
U000923,pagado,signup,2024-01-20 16:00:46.655788,,,
U000923,pagado,login,2024-01-21 22:36:48.965146,,,
U000923,pagado,view_service,2024-01-22 11:13:09.020413,,,
U000924,pagado,signup,2024-01-23 08:01:47.508776,,,
U000924,pagado,login,2024-01-24 13:21:02.064629,,,
U000924,pagado,view_service,2024-01-25 10:28:55.226236,,,
U000925,pagado,signup,2024-03-21 17:17:46.829416,,,
U000925,pagado,login,2024-03-22 05:37:57.036612,,,
U000925,pagado,view_service,2024-03-22 15:52:59.046310,,,
U000925,pagado,start_application,2024-03-24 19:00:53.498403,,,
U000925,pagado,complete_kyc,2024-03-28 06:10:14.509626,,,kyc_approved
U000925,pagado,first_transaction,2024-03-29 07:18:52.919993,21.01,False,
U000926,referido,signup,2024-03-20 02:22:29.169480,,,
U000926,referido,login,2024-03-21 12:04:52.909026,,,
U000926,referido,view_service,2024-03-21 13:29:17.489376,,,
U000926,referido,start_application,2024-03-23 20:56:50.204940,,,
U000926,referido,complete_kyc,2024-03-27 05:53:21.539905,,,kyc_approved
U000927,pagado,signup,2024-02-01 06:16:46.467350,,,
U000927,pagado,login,2024-02-01 06:59:55.445739,,,
U000927,pagado,view_service,2024-02-01 18:40:39.459725,,,
U000928,organico,signup,2024-02-22 12:17:54.405819,,,
U000928,organico,login,2024-02-22 14:24:54.342132,,,
U000928,organico,view_service,2024-02-23 10:32:24.433181,,,
U000929,organico,signup,2024-01-11 12:12:53.322918,,,
U000929,organico,login,2024-01-12 22:17:25.927667,,,
U000929,organico,view_service,2024-01-13 17:51:59.674472,,,
U000930,organico,signup,2024-02-29 16:16:37.148613,,,
U000930,organico,login,2024-02-29 18:09:45.063052,,,
U000930,organico,view_service,2024-03-01 13:29:51.182643,,,
U000931,organico,signup,2024-03-23 22:38:26.068387,,,
U000931,organico,login,2024-03-24 14:29:52.317885,,,
U000931,organico,view_service,2024-03-25 00:25:07.366186,,,
U000931,organico,start_application,2024-03-26 09:20:59.708319,,,
U000931,organico,complete_kyc,2024-03-29 22:56:06.477854,,,kyc_approved
U000931,organico,first_transaction,2024-03-30 15:54:50.617796,37.29,False,
U000931,organico,repeat_transaction,2024-04-01 02:14:19.207933,54.56,False,
U000931,organico,repeat_transaction,2024-04-11 00:17:21.904592,56.41,False,
U000931,organico,repeat_transaction,2024-04-19 03:42:57.165270,108.45,False,
U000931,organico,repeat_transaction,2024-04-27 02:12:38.169289,89.47,False,
U000931,organico,repeat_transaction,2024-04-30 23:44:12.952118,18.16,False,
U000931,organico,repeat_transaction,2024-05-05 03:01:16.989068,118.93,False,
U000931,organico,repeat_transaction,2024-05-13 17:28:51.141162,25.24,False,
U000931,organico,repeat_transaction,2024-05-17 17:34:25.457380,76.05,False,
U000931,organico,repeat_transaction,2024-05-25 09:23:00.069450,38.38,False,
U000931,organico,repeat_transaction,2024-05-28 10:32:19.219595,27.43,False,
U000931,organico,repeat_transaction,2024-05-30 08:25:08.674769,10.33,False,
U000931,organico,repeat_transaction,2024-06-06 02:32:26.346041,32.46,False,
U000931,organico,repeat_transaction,2024-06-11 13:56:03.384157,12.29,False,
U000932,organico,signup,2024-01-26 12:41:13.749784,,,
U000932,organico,login,2024-01-28 07:41:42.092778,,,
U000933,referido,signup,2024-01-31 03:50:11.953326,,,
U000933,referido,login,2024-02-01 13:28:39.321551,,,
U000933,referido,view_service,2024-02-02 07:39:08.080763,,,
U000934,organico,signup,2024-03-04 19:20:26.944924,,,
U000934,organico,login,2024-03-06 13:26:45.280174,,,
U000934,organico,view_service,2024-03-06 19:48:13.045507,,,
U000935,pagado,signup,2024-02-07 15:06:17.125041,,,
U000936,pagado,signup,2024-03-22 03:56:53.798568,,,
U000936,pagado,login,2024-03-24 03:55:17.040932,,,
U000936,pagado,view_service,2024-03-24 04:56:52.475388,,,
U000937,pagado,signup,2024-03-30 17:44:05.993560,,,
U000937,pagado,login,2024-03-31 04:10:47.532008,,,
U000937,pagado,view_service,2024-03-31 10:03:57.638956,,,
U000937,pagado,start_application,2024-04-02 06:11:04.796914,,,
U000937,pagado,complete_kyc,2024-04-05 14:42:25.378397,,,kyc_approved
U000937,pagado,first_transaction,2024-04-06 18:01:06.076799,72.03,False,
U000938,pagado,signup,2024-02-28 08:11:51.123579,,,
U000938,pagado,login,2024-02-29 18:09:02.391490,,,
U000939,pagado,signup,2024-01-26 02:10:09.621809,,,
U000939,pagado,login,2024-01-26 17:36:17.102257,,,
U000939,pagado,view_service,2024-01-27 16:36:03.716279,,,
U000939,pagado,start_application,2024-01-30 06:31:51.802403,,,
U000939,pagado,complete_kyc,2024-02-03 05:13:06.543880,,,kyc_approved
U000939,pagado,first_transaction,2024-02-03 11:29:10.724400,105.82,False,
U000940,pagado,signup,2024-02-14 03:07:01.516627,,,
U000940,pagado,login,2024-02-15 13:42:36.637805,,,
U000940,pagado,view_service,2024-02-16 05:12:25.602997,,,
U000941,referido,signup,2024-02-13 10:48:03.314862,,,
U000941,referido,login,2024-02-14 10:42:48.920154,,,
U000941,referido,view_service,2024-02-15 09:35:30.721200,,,
U000941,referido,start_application,2024-02-17 01:57:10.438746,,,
U000941,referido,complete_kyc,2024-02-19 07:50:13.277812,,,kyc_approved
U000941,referido,first_transaction,2024-02-21 01:29:38.281261,20.95,False,
U000942,organico,signup,2024-03-07 06:25:50.456350,,,
U000942,organico,login,2024-03-08 16:42:45.742115,,,
U000942,organico,view_service,2024-03-09 09:37:43.402521,,,
U000943,referido,signup,2024-03-21 18:48:10.136083,,,
U000943,referido,login,2024-03-23 03:32:17.255139,,,
U000943,referido,view_service,2024-03-23 03:45:01.425101,,,
U000944,pagado,signup,2024-02-26 18:37:53.475427,,,
U000944,pagado,login,2024-02-27 06:38:56.466812,,,
U000944,pagado,view_service,2024-02-28 00:52:22.013696,,,
U000944,pagado,start_application,2024-02-28 14:00:13.681611,,,
U000944,pagado,complete_kyc,2024-03-02 04:31:19.812928,,,kyc_approved
U000944,pagado,first_transaction,2024-03-02 08:53:25.204318,45.21,False,
U000944,pagado,repeat_transaction,2024-03-06 20:34:47.211263,22.03,False,
U000944,pagado,repeat_transaction,2024-03-14 03:00:19.558305,23.57,False,
U000944,pagado,repeat_transaction,2024-03-18 05:09:26.012460,62.94,False,
U000944,pagado,repeat_transaction,2024-03-22 09:52:16.058315,35.62,False,
U000944,pagado,repeat_transaction,2024-03-31 07:44:56.638407,123.69,False,
U000944,pagado,repeat_transaction,2024-04-02 23:36:55.455911,26.11,False,
U000944,pagado,repeat_transaction,2024-04-06 00:34:10.879103,73.67,False,
U000944,pagado,repeat_transaction,2024-04-12 17:17:57.375676,39.18,False,
U000944,pagado,repeat_transaction,2024-04-20 11:41:29.020465,63.88,False,
U000944,pagado,repeat_transaction,2024-04-21 16:05:52.652731,26.76,False,
U000944,pagado,repeat_transaction,2024-05-01 12:12:43.724231,35.35,False,
U000945,organico,signup,2024-01-18 03:06:52.976165,,,
U000945,organico,login,2024-01-18 21:38:39.873169,,,
U000945,organico,view_service,2024-01-19 19:22:21.479025,,,
U000946,referido,signup,2024-03-28 04:51:39.042418,,,
U000946,referido,login,2024-03-28 15:25:15.430364,,,
U000946,referido,view_service,2024-03-29 12:21:27.641893,,,
U000947,pagado,signup,2024-02-23 13:12:07.587624,,,
U000947,pagado,login,2024-02-23 21:48:14.310069,,,
U000947,pagado,view_service,2024-02-24 17:28:08.097706,,,
U000947,pagado,start_application,2024-02-24 20:21:24.432667,,,
U000947,pagado,complete_kyc,2024-02-27 00:11:47.822137,,,kyc_rejected
U000948,referido,signup,2024-03-14 23:02:32.680146,,,
U000948,referido,login,2024-03-15 07:47:03.746202,,,
U000948,referido,view_service,2024-03-16 05:23:41.628721,,,
U000949,pagado,signup,2024-04-01 16:20:18.583898,,,
U000949,pagado,login,2024-04-02 18:41:12.329926,,,
U000949,pagado,view_service,2024-04-03 05:27:53.335702,,,
U000949,pagado,start_application,2024-04-04 21:25:50.239598,,,
U000949,pagado,complete_kyc,2024-04-06 06:14:32.887033,,,kyc_approved
U000949,pagado,first_transaction,2024-04-07 21:30:17.330955,33.76,False,
U000949,pagado,repeat_transaction,2024-04-09 10:10:03.497211,20.38,False,
U000949,pagado,repeat_transaction,2024-04-14 17:56:20.730646,58.18,False,
U000949,pagado,repeat_transaction,2024-04-21 16:25:32.365505,57.7,False,
U000949,pagado,repeat_transaction,2024-04-28 00:06:37.553698,55.45,False,
U000949,pagado,repeat_transaction,2024-04-29 19:45:22.975251,107.33,False,
U000949,pagado,repeat_transaction,2024-05-09 00:43:10.775013,100.94,False,
U000950,pagado,signup,2024-01-28 23:49:26.088916,,,
U000950,pagado,login,2024-01-29 23:25:01.932693,,,
U000950,pagado,view_service,2024-01-30 07:10:02.912788,,,
U000951,organico,signup,2024-02-16 13:43:12.686154,,,
U000951,organico,login,2024-02-16 16:27:36.809835,,,
U000952,organico,signup,2024-01-10 22:03:18.777370,,,
U000952,organico,login,2024-01-11 06:27:32.761617,,,
U000952,organico,view_service,2024-01-11 07:39:27.530616,,,
U000952,organico,start_application,2024-01-14 05:16:05.811497,,,
U000952,organico,complete_kyc,2024-01-15 18:31:34.909682,,,kyc_approved
U000952,organico,first_transaction,2024-01-17 10:05:01.692093,28.15,False,
U000952,organico,repeat_transaction,2024-01-23 03:15:51.991508,47.52,False,
U000952,organico,repeat_transaction,2024-01-27 11:21:44.675470,23.65,False,
U000952,organico,repeat_transaction,2024-02-05 16:03:55.525454,37.2,False,
U000952,organico,repeat_transaction,2024-02-15 05:15:27.766053,24.05,False,
U000952,organico,repeat_transaction,2024-02-22 15:08:18.232305,113.76,False,
U000952,organico,repeat_transaction,2024-02-25 11:07:03.994633,47.21,False,
U000952,organico,repeat_transaction,2024-03-03 05:26:55.474482,31.42,False,
U000952,organico,repeat_transaction,2024-03-12 12:37:09.811347,84.4,False,
U000952,organico,repeat_transaction,2024-03-19 17:31:39.102301,8.01,False,
U000953,organico,signup,2024-01-24 10:45:50.607455,,,
U000954,referido,signup,2024-01-06 04:04:29.007303,,,
U000954,referido,login,2024-01-07 22:25:11.566874,,,
U000954,referido,view_service,2024-01-08 12:08:03.502662,,,
U000955,pagado,signup,2024-01-27 05:24:54.047609,,,
U000955,pagado,login,2024-01-27 18:50:07.315307,,,
U000956,pagado,signup,2024-02-15 12:57:02.637203,,,
U000956,pagado,login,2024-02-16 22:23:21.181797,,,
U000956,pagado,view_service,2024-02-17 14:19:01.854279,,,
U000956,pagado,start_application,2024-02-19 12:15:37.476020,,,
U000956,pagado,complete_kyc,2024-02-19 23:46:10.190512,,,kyc_rejected
U000957,organico,signup,2024-01-18 19:54:41.682403,,,
U000957,organico,login,2024-01-20 04:37:37.044196,,,
U000958,organico,signup,2024-02-19 13:09:16.921414,,,
U000958,organico,login,2024-02-19 18:58:26.379046,,,
U000959,referido,signup,2024-03-28 01:45:56.161143,,,
U000959,referido,login,2024-03-30 01:33:10.262555,,,
U000959,referido,view_service,2024-03-30 04:13:17.893152,,,
U000959,referido,start_application,2024-04-01 16:13:16.134065,,,
U000959,referido,complete_kyc,2024-04-02 10:20:19.783319,,,kyc_approved
U000959,referido,first_transaction,2024-04-02 22:01:07.471548,8.94,False,
U000959,referido,repeat_transaction,2024-04-07 21:29:45.192559,63.89,False,
U000959,referido,repeat_transaction,2024-04-14 20:40:38.162655,38.18,False,
U000959,referido,repeat_transaction,2024-04-24 15:10:15.273563,43.61,False,
U000960,pagado,signup,2024-01-05 22:51:29.252563,,,
U000960,pagado,login,2024-01-06 10:58:17.578099,,,
U000960,pagado,view_service,2024-01-06 22:05:14.272572,,,
U000961,organico,signup,2024-02-06 03:35:52.414844,,,
U000961,organico,login,2024-02-07 09:44:29.132951,,,
U000961,organico,view_service,2024-02-08 03:03:49.365929,,,
U000961,organico,start_application,2024-02-09 10:50:16.279092,,,
U000961,organico,complete_kyc,2024-02-12 19:53:04.866844,,,kyc_approved
U000961,organico,first_transaction,2024-02-13 03:42:04.605448,14.46,False,
U000961,organico,repeat_transaction,2024-02-20 07:36:36.180919,36.01,False,
U000961,organico,repeat_transaction,2024-02-26 03:00:47.461447,148.78,False,
U000962,organico,signup,2024-03-26 07:44:17.335917,,,
U000962,organico,login,2024-03-26 19:01:50.005089,,,
U000962,organico,view_service,2024-03-27 08:33:27.004115,,,
U000963,pagado,signup,2024-01-12 23:48:55.274508,,,
U000963,pagado,login,2024-01-13 03:27:22.731246,,,
U000963,pagado,view_service,2024-01-14 01:19:12.895121,,,
U000964,pagado,signup,2024-01-28 00:55:01.314198,,,
U000964,pagado,login,2024-01-29 09:43:37.343614,,,
U000964,pagado,view_service,2024-01-29 18:02:35.853596,,,
U000965,organico,signup,2024-01-18 15:49:10.938289,,,
U000965,organico,login,2024-01-19 09:33:02.325123,,,
U000965,organico,view_service,2024-01-20 04:53:28.265417,,,
U000965,organico,start_application,2024-01-21 14:03:37.082301,,,
U000965,organico,complete_kyc,2024-01-24 10:25:50.869260,,,kyc_approved
U000965,organico,first_transaction,2024-01-25 05:47:51.574130,65.17,False,
U000965,organico,repeat_transaction,2024-01-30 00:45:50.547464,41.21,False,
U000965,organico,repeat_transaction,2024-02-06 15:11:20.716210,26.91,False,
U000965,organico,repeat_transaction,2024-02-11 03:05:33.880302,27.77,False,
U000965,organico,repeat_transaction,2024-02-15 01:30:40.021981,8.24,False,
U000965,organico,repeat_transaction,2024-02-22 13:44:44.097560,43.83,False,
U000965,organico,repeat_transaction,2024-02-25 12:36:31.657340,66.14,False,
U000965,organico,repeat_transaction,2024-02-28 06:38:34.124127,12.15,False,
U000966,pagado,signup,2024-02-27 14:22:52.344198,,,
U000966,pagado,login,2024-02-28 10:02:03.747217,,,
U000966,pagado,view_service,2024-02-28 15:11:52.896942,,,
U000966,pagado,start_application,2024-02-28 23:06:35.909989,,,
U000966,pagado,complete_kyc,2024-03-02 13:53:55.142217,,,kyc_approved
U000966,pagado,first_transaction,2024-03-04 03:06:03.314146,23.03,False,
U000966,pagado,repeat_transaction,2024-03-08 04:02:25.733757,16.28,False,
U000966,pagado,repeat_transaction,2024-03-15 02:31:30.709929,18.62,False,
U000966,pagado,repeat_transaction,2024-03-19 23:47:25.807624,37.99,False,
U000966,pagado,repeat_transaction,2024-03-21 04:56:20.211535,8.51,False,
U000967,pagado,signup,2024-01-18 11:51:47.835682,,,
U000967,pagado,login,2024-01-19 18:40:42.940729,,,
U000967,pagado,view_service,2024-01-20 13:54:31.089884,,,
U000967,pagado,start_application,2024-01-21 12:45:51.540322,,,
U000967,pagado,complete_kyc,2024-01-22 12:43:42.678026,,,kyc_approved
U000967,pagado,first_transaction,2024-01-23 12:08:26.637325,56.26,False,
U000968,pagado,signup,2024-02-27 13:30:43.840283,,,
U000968,pagado,login,2024-02-27 14:38:25.449219,,,
U000969,referido,signup,2024-01-31 22:13:02.567126,,,
U000969,referido,login,2024-02-02 09:56:06.244882,,,
U000970,organico,signup,2024-01-08 13:34:02.720759,,,
U000970,organico,login,2024-01-09 11:03:37.360670,,,
U000970,organico,view_service,2024-01-09 15:18:24.656261,,,
U000970,organico,start_application,2024-01-12 01:05:41.288275,,,
U000970,organico,complete_kyc,2024-01-12 16:51:24.793102,,,kyc_rejected
U000971,organico,signup,2024-01-13 13:40:37.080769,,,
U000971,organico,login,2024-01-14 19:53:27.089381,,,
U000971,organico,view_service,2024-01-15 02:40:35.137648,,,
U000972,organico,signup,2024-01-10 18:36:50.318421,,,
U000972,organico,login,2024-01-11 17:33:23.513383,,,
U000973,pagado,signup,2024-03-31 06:17:13.249706,,,
U000973,pagado,login,2024-04-01 03:48:51.424141,,,
U000973,pagado,view_service,2024-04-01 15:38:31.577773,,,
U000974,organico,signup,2024-02-01 15:57:28.138555,,,
U000974,organico,login,2024-02-02 21:56:56.061255,,,
U000974,organico,view_service,2024-02-03 19:57:19.453950,,,
U000974,organico,start_application,2024-02-06 15:17:02.329062,,,
U000974,organico,complete_kyc,2024-02-10 11:30:12.799686,,,kyc_approved
U000974,organico,first_transaction,2024-02-11 01:36:25.541093,62.03,False,
U000975,organico,signup,2024-02-25 02:53:52.631413,,,
U000975,organico,login,2024-02-26 03:35:27.258481,,,
U000976,referido,signup,2024-01-04 10:17:07.449756,,,
U000976,referido,login,2024-01-05 19:56:24.236541,,,
U000976,referido,view_service,2024-01-06 19:50:52.628521,,,
U000976,referido,start_application,2024-01-07 15:33:53.640918,,,
U000976,referido,complete_kyc,2024-01-11 15:05:47.885214,,,kyc_approved
U000976,referido,first_transaction,2024-01-12 07:08:36.414144,30.7,False,
U000977,referido,signup,2024-01-03 12:49:54.776361,,,
U000977,referido,login,2024-01-04 11:27:02.436301,,,
U000977,referido,view_service,2024-01-05 04:09:10.192076,,,
U000977,referido,start_application,2024-01-06 07:13:31.936592,,,
U000977,referido,complete_kyc,2024-01-07 18:45:15.679158,,,kyc_approved
U000978,organico,signup,2024-03-05 18:54:07.504564,,,
U000978,organico,login,2024-03-06 04:14:31.772535,,,
U000978,organico,view_service,2024-03-06 06:17:14.426689,,,
U000979,pagado,signup,2024-03-15 09:44:47.666953,,,
U000979,pagado,login,2024-03-15 10:56:55.073102,,,
U000979,pagado,view_service,2024-03-16 05:15:00.175575,,,
U000979,pagado,start_application,2024-03-16 18:05:02.607807,,,
U000979,pagado,complete_kyc,2024-03-17 00:47:15.570309,,,kyc_approved
U000979,pagado,first_transaction,2024-03-17 05:04:24.597780,6.45,False,
U000980,pagado,signup,2024-02-02 14:39:54.214181,,,
U000980,pagado,login,2024-02-04 13:01:09.923529,,,
U000981,pagado,signup,2024-02-01 10:42:14.008078,,,
U000981,pagado,login,2024-02-01 17:26:54.012477,,,
U000982,referido,signup,2024-01-19 10:04:46.886633,,,
U000982,referido,login,2024-01-20 19:01:11.922686,,,
U000982,referido,view_service,2024-01-21 12:14:29.867275,,,
U000982,referido,start_application,2024-01-23 09:18:41.795681,,,
U000982,referido,complete_kyc,2024-01-24 04:12:30.941901,,,kyc_approved
U000982,referido,first_transaction,2024-01-25 04:02:00.539331,18.22,False,
U000982,referido,repeat_transaction,2024-02-01 06:05:02.037544,86.75,False,
U000982,referido,repeat_transaction,2024-02-02 19:19:02.746337,5.24,False,
U000982,referido,repeat_transaction,2024-02-03 20:40:52.039663,28.7,False,
U000982,referido,repeat_transaction,2024-02-06 15:23:19.500314,16.02,False,
U000982,referido,repeat_transaction,2024-02-12 12:27:37.483661,64.28,False,
U000982,referido,repeat_transaction,2024-02-19 19:39:11.838556,22.82,False,
U000982,referido,repeat_transaction,2024-02-21 12:01:18.179773,48.56,False,
U000982,referido,repeat_transaction,2024-02-25 09:26:43.054741,54.37,False,
U000982,referido,repeat_transaction,2024-02-27 20:31:43.627730,132.34,False,
U000982,referido,repeat_transaction,2024-03-05 04:28:02.486466,31.75,False,
U000982,referido,repeat_transaction,2024-03-10 17:54:16.989570,47.62,False,
U000982,referido,repeat_transaction,2024-03-15 14:02:01.513362,12.94,False,
U000983,pagado,signup,2024-02-19 09:42:21.734124,,,
U000983,pagado,login,2024-02-20 21:56:12.724972,,,
U000983,pagado,view_service,2024-02-20 23:29:25.873226,,,
U000983,pagado,start_application,2024-02-23 04:17:13.379581,,,
U000983,pagado,complete_kyc,2024-02-25 15:58:56.224147,,,kyc_approved
U000983,pagado,first_transaction,2024-02-27 04:41:55.189976,84.21,False,
U000983,pagado,repeat_transaction,2024-03-05 06:23:27.262211,21.49,False,
U000983,pagado,repeat_transaction,2024-03-13 05:00:37.100312,24.72,False,
U000983,pagado,repeat_transaction,2024-03-20 11:47:40.980472,36.03,False,
U000983,pagado,repeat_transaction,2024-03-30 03:00:09.628090,12.26,False,
U000983,pagado,repeat_transaction,2024-04-06 16:04:00.633378,42.95,False,
U000983,pagado,repeat_transaction,2024-04-10 21:25:08.934373,72.04,False,
U000983,pagado,repeat_transaction,2024-04-15 05:26:05.716414,44.93,False,
U000983,pagado,repeat_transaction,2024-04-20 15:04:40.123218,12.03,False,
U000983,pagado,repeat_transaction,2024-04-28 07:59:28.293275,33.56,False,
U000983,pagado,repeat_transaction,2024-04-30 20:49:50.259026,61.52,False,
U000983,pagado,repeat_transaction,2024-05-05 13:19:58.171232,9.83,False,
U000983,pagado,repeat_transaction,2024-05-09 11:23:46.553805,17.25,False,
U000984,referido,signup,2024-02-08 03:51:01.476776,,,
U000984,referido,login,2024-02-09 15:17:37.916379,,,
U000984,referido,view_service,2024-02-10 14:05:15.368925,,,
U000985,pagado,signup,2024-02-06 04:50:02.005605,,,
U000985,pagado,login,2024-02-07 01:44:26.711349,,,
U000986,referido,signup,2024-01-16 12:56:54.660568,,,
U000986,referido,login,2024-01-17 11:40:16.041611,,,
U000986,referido,view_service,2024-01-17 16:27:26.605688,,,
U000987,organico,signup,2024-03-17 12:48:44.591993,,,
U000987,organico,login,2024-03-18 17:58:45.494903,,,
U000987,organico,view_service,2024-03-19 04:27:00.469888,,,
U000988,organico,signup,2024-03-02 06:35:07.953863,,,
U000989,pagado,signup,2024-02-15 16:44:02.118622,,,
U000990,pagado,signup,2024-02-01 18:47:18.906300,,,
U000990,pagado,login,2024-02-02 23:35:10.438250,,,
U000990,pagado,view_service,2024-02-03 07:48:19.842376,,,
U000990,pagado,start_application,2024-02-05 09:24:34.935516,,,
U000990,pagado,complete_kyc,2024-02-05 22:08:47.238244,,,kyc_approved
U000990,pagado,first_transaction,2024-02-05 23:05:41.114008,67.6,False,
U000990,pagado,repeat_transaction,2024-02-13 03:45:49.023228,44.22,False,
U000990,pagado,repeat_transaction,2024-02-22 06:42:55.071768,48.83,False,
U000990,pagado,repeat_transaction,2024-03-02 09:30:45.839274,134.51,False,
U000990,pagado,repeat_transaction,2024-03-05 22:06:27.011966,50.8,False,
U000990,pagado,repeat_transaction,2024-03-14 01:34:19.899922,58.0,False,
U000990,pagado,repeat_transaction,2024-03-23 04:22:22.979663,244.09,False,
U000991,pagado,signup,2024-02-23 09:59:13.397990,,,
U000991,pagado,login,2024-02-25 01:02:42.625487,,,
U000991,pagado,view_service,2024-02-25 14:35:10.180796,,,
U000992,organico,signup,2024-03-21 15:35:32.184518,,,
U000992,organico,login,2024-03-22 17:02:33.564550,,,
U000992,organico,view_service,2024-03-23 14:39:28.685446,,,
U000993,pagado,signup,2024-01-08 09:54:31.684032,,,
U000993,pagado,login,2024-01-09 20:06:33.033820,,,
U000993,pagado,view_service,2024-01-10 14:47:11.438663,,,
U000994,organico,signup,2024-01-02 15:08:34.883242,,,
U000994,organico,login,2024-01-04 04:46:53.398869,,,
U000995,organico,signup,2024-01-31 03:48:02.183339,,,
U000995,organico,login,2024-01-31 12:54:54.538951,,,
U000996,pagado,signup,2024-02-18 14:51:49.811183,,,
U000996,pagado,login,2024-02-20 00:31:29.223568,,,
U000997,organico,signup,2024-01-20 16:15:53.767127,,,
U000997,organico,login,2024-01-21 12:33:03.988422,,,
U000997,organico,view_service,2024-01-22 07:10:53.197527,,,
U000998,organico,signup,2024-02-05 12:55:46.232064,,,
U000998,organico,login,2024-02-07 09:54:25.781860,,,
U000998,organico,view_service,2024-02-07 14:41:38.432857,,,
U000999,organico,signup,2024-02-24 02:32:41.329202,,,
U000999,organico,login,2024-02-24 18:17:09.548458,,,
U000999,organico,view_service,2024-02-24 21:43:51.478447,,,
U001000,organico,signup,2024-01-04 17:25:37.909714,,,
U001000,organico,login,2024-01-05 22:53:37.779710,,,
U001001,pagado,signup,2024-01-31 22:01:34.972820,,,
U001001,pagado,login,2024-02-02 08:44:50.582075,,,
U001001,pagado,view_service,2024-02-02 20:41:34.039337,,,
U001002,organico,signup,2024-01-11 08:47:17.200349,,,
U001002,organico,login,2024-01-12 02:08:50.252102,,,
U001002,organico,view_service,2024-01-12 04:08:27.757202,,,
U001002,organico,start_application,2024-01-12 09:14:36.945675,,,
U001002,organico,complete_kyc,2024-01-13 23:59:49.431199,,,kyc_approved
U001002,organico,first_transaction,2024-01-15 13:55:30.247643,31.51,False,
U001002,organico,repeat_transaction,2024-01-23 21:49:39.812013,20.94,False,
U001002,organico,repeat_transaction,2024-01-25 22:43:17.549291,49.38,False,
U001003,organico,signup,2024-01-24 04:17:14.699316,,,
U001003,organico,login,2024-01-25 20:45:43.199443,,,
U001003,organico,view_service,2024-01-25 21:49:38.481866,,,
U001003,organico,start_application,2024-01-26 14:39:21.658757,,,
U001003,organico,complete_kyc,2024-01-27 05:43:56.109240,,,kyc_rejected
U001004,pagado,signup,2024-01-31 19:42:56.387186,,,
U001004,pagado,login,2024-02-02 08:29:05.531514,,,
U001004,pagado,view_service,2024-02-03 00:34:22.071115,,,
U001005,pagado,signup,2024-01-06 04:49:58.413164,,,
U001005,pagado,login,2024-01-06 05:16:31.768487,,,
U001005,pagado,view_service,2024-01-06 19:15:15.873362,,,
U001005,pagado,start_application,2024-01-09 11:57:44.054048,,,
U001005,pagado,complete_kyc,2024-01-10 04:08:28.855806,,,kyc_approved
U001005,pagado,first_transaction,2024-01-12 00:04:46.058103,49.76,False,
U001005,pagado,repeat_transaction,2024-01-16 08:55:42.189541,25.31,False,
U001005,pagado,repeat_transaction,2024-01-24 21:15:00.043692,17.77,False,
U001005,pagado,repeat_transaction,2024-01-28 04:36:21.992837,184.36,False,
U001005,pagado,repeat_transaction,2024-02-06 06:33:30.905244,46.01,False,
U001005,pagado,repeat_transaction,2024-02-13 03:03:30.651766,21.92,False,
U001005,pagado,repeat_transaction,2024-02-18 03:17:45.232803,69.49,False,
U001005,pagado,repeat_transaction,2024-02-25 04:24:52.971073,33.91,False,
U001005,pagado,repeat_transaction,2024-02-28 00:36:22.202657,30.66,False,
U001005,pagado,repeat_transaction,2024-03-03 12:17:44.928004,54.25,False,
U001006,referido,signup,2024-01-29 13:33:04.068614,,,
U001006,referido,login,2024-01-30 04:10:57.295761,,,
U001006,referido,view_service,2024-01-30 19:44:53.206003,,,
U001006,referido,start_application,2024-02-02 11:51:14.260327,,,
U001006,referido,complete_kyc,2024-02-05 20:54:50.925070,,,kyc_approved
U001006,referido,first_transaction,2024-02-05 21:36:22.341411,14.82,False,
U001007,organico,signup,2024-03-27 14:24:11.092575,,,
U001008,pagado,signup,2024-01-17 08:45:22.029532,,,
U001008,pagado,login,2024-01-19 08:07:22.579621,,,
U001009,organico,signup,2024-02-27 08:35:08.786622,,,
U001009,organico,login,2024-02-29 01:44:38.487772,,,
U001010,referido,signup,2024-01-29 16:35:55.136136,,,
U001010,referido,login,2024-01-29 19:15:47.201421,,,
U001010,referido,view_service,2024-01-29 23:52:56.722494,,,
U001011,referido,signup,2024-01-09 06:23:40.608091,,,
U001011,referido,login,2024-01-11 01:32:01.690023,,,
U001011,referido,view_service,2024-01-11 07:52:33.895969,,,
U001012,referido,signup,2024-03-14 06:06:52.299148,,,
U001012,referido,login,2024-03-15 14:52:26.825778,,,
U001012,referido,view_service,2024-03-16 13:13:21.358892,,,
U001013,organico,signup,2024-01-09 23:36:03.794674,,,
U001013,organico,login,2024-01-11 02:24:09.578211,,,
U001013,organico,view_service,2024-01-11 19:17:11.609742,,,
U001014,pagado,signup,2024-01-15 20:40:50.427183,,,
U001014,pagado,login,2024-01-16 20:36:26.124485,,,
U001015,organico,signup,2024-03-30 03:19:17.877504,,,
U001015,organico,login,2024-03-31 16:16:56.157011,,,
U001015,organico,view_service,2024-03-31 23:04:33.002314,,,
U001016,pagado,signup,2024-01-04 11:15:32.074097,,,
U001016,pagado,login,2024-01-05 08:49:03.319177,,,
U001016,pagado,view_service,2024-01-06 00:26:22.029986,,,
U001017,pagado,signup,2024-01-23 16:26:53.022873,,,
U001017,pagado,login,2024-01-24 21:11:40.605736,,,
U001017,pagado,view_service,2024-01-25 08:33:37.415980,,,
U001017,pagado,start_application,2024-01-27 08:00:49.787576,,,
U001017,pagado,complete_kyc,2024-01-28 19:58:13.197018,,,kyc_approved
U001017,pagado,first_transaction,2024-01-30 07:17:10.215241,46.84,False,
U001017,pagado,repeat_transaction,2024-02-03 15:39:42.885782,139.64,False,
U001017,pagado,repeat_transaction,2024-02-11 13:24:05.699185,50.72,False,
U001017,pagado,repeat_transaction,2024-02-18 14:41:44.515204,28.12,False,
U001017,pagado,repeat_transaction,2024-02-25 16:38:57.153224,25.66,False,
U001017,pagado,repeat_transaction,2024-03-06 08:18:31.229993,27.46,False,
U001017,pagado,repeat_transaction,2024-03-09 14:59:59.788428,30.64,False,
U001017,pagado,repeat_transaction,2024-03-18 22:44:21.341576,28.09,False,
U001018,organico,signup,2024-02-20 05:01:32.082420,,,
U001018,organico,login,2024-02-22 01:06:43.507319,,,
U001019,organico,signup,2024-02-02 09:08:54.519057,,,
U001019,organico,login,2024-02-03 12:43:42.069456,,,
U001020,pagado,signup,2024-03-22 06:08:01.706867,,,
U001020,pagado,login,2024-03-23 09:47:54.821010,,,
U001020,pagado,view_service,2024-03-23 23:01:54.496213,,,
U001021,pagado,signup,2024-03-04 08:22:06.498407,,,
U001021,pagado,login,2024-03-06 00:32:07.175604,,,
U001021,pagado,view_service,2024-03-06 23:01:29.113504,,,
U001022,pagado,signup,2024-01-22 01:37:17.388692,,,
U001022,pagado,login,2024-01-22 06:49:09.596446,,,
U001022,pagado,view_service,2024-01-22 17:44:03.652020,,,
U001023,referido,signup,2024-01-18 22:48:34.391124,,,
U001023,referido,login,2024-01-19 04:04:23.572694,,,
U001023,referido,view_service,2024-01-19 05:51:09.232103,,,
U001024,organico,signup,2024-02-08 09:01:28.153353,,,
U001024,organico,login,2024-02-10 00:08:19.559151,,,
U001024,organico,view_service,2024-02-10 00:56:00.780783,,,
U001024,organico,start_application,2024-02-10 14:23:11.022801,,,
U001024,organico,complete_kyc,2024-02-13 17:00:03.149835,,,kyc_approved
U001024,organico,first_transaction,2024-02-15 14:39:15.772404,69.51,False,
U001024,organico,repeat_transaction,2024-02-16 16:56:13.801154,10.88,False,
U001024,organico,repeat_transaction,2024-02-20 19:03:42.472596,66.91,False,
U001024,organico,repeat_transaction,2024-02-24 12:40:46.939591,28.06,False,
U001024,organico,repeat_transaction,2024-03-04 19:18:13.444119,47.65,False,
U001024,organico,repeat_transaction,2024-03-11 03:27:51.663608,16.63,False,
U001024,organico,repeat_transaction,2024-03-20 22:29:57.331291,92.76,False,
U001024,organico,repeat_transaction,2024-03-25 02:25:21.365423,87.53,False,
U001025,organico,signup,2024-03-14 13:23:11.716768,,,
U001025,organico,login,2024-03-15 17:36:35.503034,,,
U001026,referido,signup,2024-03-04 15:08:36.125564,,,
U001027,pagado,signup,2024-01-10 01:36:05.682044,,,
U001027,pagado,login,2024-01-11 17:29:19.529917,,,
U001027,pagado,view_service,2024-01-11 19:47:24.694935,,,
U001027,pagado,start_application,2024-01-12 20:08:52.832580,,,
U001027,pagado,complete_kyc,2024-01-15 06:17:33.515600,,,kyc_approved
U001027,pagado,first_transaction,2024-01-16 08:51:48.302728,71.64,False,
U001027,pagado,repeat_transaction,2024-01-21 01:33:16.378081,12.68,True,
U001027,pagado,repeat_transaction,2024-01-23 05:17:07.896998,65.39,False,
U001027,pagado,repeat_transaction,2024-01-31 05:56:45.119914,48.59,False,
U001027,pagado,repeat_transaction,2024-02-05 05:56:33.865980,11.9,False,
U001027,pagado,repeat_transaction,2024-02-10 09:59:22.616713,35.98,False,
U001027,pagado,repeat_transaction,2024-02-14 21:50:09.913993,47.24,False,
U001027,pagado,repeat_transaction,2024-02-21 19:02:08.835392,54.01,False,
U001027,pagado,repeat_transaction,2024-02-28 01:32:18.877191,41.43,False,
U001027,pagado,repeat_transaction,2024-03-04 11:36:57.460581,44.87,False,
U001027,pagado,repeat_transaction,2024-03-08 02:59:17.116920,102.67,False,
U001028,organico,signup,2024-01-31 22:29:23.621581,,,
U001028,organico,login,2024-02-01 08:07:40.405615,,,
U001028,organico,view_service,2024-02-01 08:18:51.212946,,,
U001029,pagado,signup,2024-03-24 06:13:28.648858,,,
U001029,pagado,login,2024-03-24 22:36:50.390455,,,
U001029,pagado,view_service,2024-03-25 18:54:52.712914,,,
U001029,pagado,start_application,2024-03-27 02:59:10.167520,,,
U001029,pagado,complete_kyc,2024-03-29 22:24:38.340537,,,kyc_rejected
U001030,organico,signup,2024-01-15 06:27:07.265434,,,
U001030,organico,login,2024-01-16 03:32:12.762879,,,
U001030,organico,view_service,2024-01-16 20:19:33.748688,,,
U001030,organico,start_application,2024-01-18 10:11:10.102763,,,
U001030,organico,complete_kyc,2024-01-21 04:56:42.699278,,,kyc_approved
U001030,organico,first_transaction,2024-01-22 03:44:00.285343,86.33,False,
U001030,organico,repeat_transaction,2024-01-23 18:11:31.701641,5.0,False,
U001030,organico,repeat_transaction,2024-02-01 15:47:34.227212,29.31,False,
U001030,organico,repeat_transaction,2024-02-06 22:18:43.028413,32.61,False,
U001030,organico,repeat_transaction,2024-02-10 02:51:00.199689,10.74,False,
U001030,organico,repeat_transaction,2024-02-12 08:33:21.407179,39.09,False,
U001030,organico,repeat_transaction,2024-02-14 03:12:48.573021,87.72,False,
U001030,organico,repeat_transaction,2024-02-16 21:39:40.228099,17.11,False,
U001031,pagado,signup,2024-02-21 15:23:06.064813,,,
U001031,pagado,login,2024-02-22 19:22:06.925736,,,
U001031,pagado,view_service,2024-02-22 20:22:14.667652,,,
U001031,pagado,start_application,2024-02-23 18:03:55.476872,,,
U001031,pagado,complete_kyc,2024-02-26 17:52:11.047272,,,kyc_approved
U001031,pagado,first_transaction,2024-02-27 18:24:29.250437,46.32,True,
U001031,pagado,repeat_transaction,2024-03-05 00:53:30.698742,19.28,True,
U001031,pagado,repeat_transaction,2024-03-13 23:03:17.798656,22.87,False,
U001031,pagado,repeat_transaction,2024-03-23 05:55:58.735970,102.94,False,
U001031,pagado,repeat_transaction,2024-03-31 10:59:51.522480,25.03,False,
U001031,pagado,repeat_transaction,2024-04-05 17:32:44.550478,50.58,False,
U001032,organico,signup,2024-02-06 12:58:25.679412,,,
U001032,organico,login,2024-02-06 20:04:21.300777,,,
U001032,organico,view_service,2024-02-07 08:20:02.110490,,,
U001033,organico,signup,2024-01-24 23:44:54.325629,,,
U001033,organico,login,2024-01-25 10:38:32.308544,,,
U001033,organico,view_service,2024-01-25 12:07:17.316062,,,
U001034,referido,signup,2024-03-12 06:49:44.705571,,,
U001034,referido,login,2024-03-13 01:38:50.158290,,,
U001034,referido,view_service,2024-03-13 22:27:37.330735,,,
U001035,organico,signup,2024-02-27 03:08:45.950689,,,
U001035,organico,login,2024-02-28 15:25:52.328632,,,
U001035,organico,view_service,2024-02-29 05:49:36.285178,,,
U001035,organico,start_application,2024-03-02 13:30:45.274262,,,
U001035,organico,complete_kyc,2024-03-04 07:20:21.811333,,,kyc_approved
U001035,organico,first_transaction,2024-03-04 11:30:12.080448,9.88,False,
U001035,organico,repeat_transaction,2024-03-05 20:07:56.071489,134.78,False,
U001035,organico,repeat_transaction,2024-03-09 08:47:32.184567,55.8,False,
U001035,organico,repeat_transaction,2024-03-19 05:54:53.701225,32.21,False,
U001035,organico,repeat_transaction,2024-03-27 18:33:39.610841,54.76,False,
U001035,organico,repeat_transaction,2024-04-06 01:08:08.124279,13.64,False,
U001035,organico,repeat_transaction,2024-04-11 06:38:11.605745,83.74,False,
U001035,organico,repeat_transaction,2024-04-19 02:14:19.615233,29.17,False,
U001035,organico,repeat_transaction,2024-04-25 09:35:02.328540,31.73,False,
U001035,organico,repeat_transaction,2024-05-02 12:56:08.444994,25.94,False,
U001035,organico,repeat_transaction,2024-05-10 14:40:19.015422,24.37,False,
U001035,organico,repeat_transaction,2024-05-14 15:28:48.734868,59.52,False,
U001036,referido,signup,2024-02-19 13:30:33.430942,,,
U001036,referido,login,2024-02-21 10:21:20.130997,,,
U001037,pagado,signup,2024-01-23 10:22:58.406362,,,
U001037,pagado,login,2024-01-23 19:38:40.414824,,,
U001038,organico,signup,2024-02-01 19:49:23.268043,,,
U001038,organico,login,2024-02-03 04:00:03.684540,,,
U001038,organico,view_service,2024-02-03 18:44:01.177210,,,
U001039,pagado,signup,2024-03-04 03:21:24.097634,,,
U001039,pagado,login,2024-03-05 05:56:26.724174,,,
U001039,pagado,view_service,2024-03-05 17:04:19.893241,,,
U001040,organico,signup,2024-03-07 08:07:08.244597,,,
U001040,organico,login,2024-03-08 14:33:39.369501,,,
U001040,organico,view_service,2024-03-09 11:51:40.070348,,,
U001041,organico,signup,2024-02-06 23:07:49.095952,,,
U001041,organico,login,2024-02-07 15:35:00.014061,,,
U001041,organico,view_service,2024-02-07 17:21:32.186228,,,
U001041,organico,start_application,2024-02-08 20:32:01.499557,,,
U001041,organico,complete_kyc,2024-02-11 01:37:26.460645,,,kyc_approved
U001041,organico,first_transaction,2024-02-12 16:37:06.220493,43.78,False,
U001041,organico,repeat_transaction,2024-02-22 14:38:34.099073,57.76,False,
U001041,organico,repeat_transaction,2024-02-26 02:29:40.576543,36.37,False,
U001041,organico,repeat_transaction,2024-02-28 21:31:10.732277,52.42,False,
U001041,organico,repeat_transaction,2024-03-04 17:54:15.926284,27.3,False,
U001041,organico,repeat_transaction,2024-03-11 02:28:59.258090,174.31,False,
U001041,organico,repeat_transaction,2024-03-15 14:03:00.794328,12.21,False,
U001041,organico,repeat_transaction,2024-03-18 05:10:07.830825,88.47,False,
U001041,organico,repeat_transaction,2024-03-26 10:14:58.545985,95.35,False,
U001041,organico,repeat_transaction,2024-04-04 01:14:21.602074,20.16,False,
U001041,organico,repeat_transaction,2024-04-09 23:42:47.970116,174.25,False,
U001041,organico,repeat_transaction,2024-04-18 01:01:45.778327,73.47,False,
U001041,organico,repeat_transaction,2024-04-25 05:21:42.571498,72.23,False,
U001041,organico,repeat_transaction,2024-05-04 05:53:06.423967,37.32,False,
U001041,organico,repeat_transaction,2024-05-05 08:00:50.525951,31.44,False,
U001042,organico,signup,2024-02-09 21:54:19.544344,,,
U001042,organico,login,2024-02-10 10:46:55.461682,,,
U001042,organico,view_service,2024-02-11 06:58:06.478322,,,
U001042,organico,start_application,2024-02-12 22:52:48.839160,,,
U001042,organico,complete_kyc,2024-02-14 05:37:36.416826,,,kyc_approved
U001042,organico,first_transaction,2024-02-15 21:15:00.001263,31.61,False,
U001042,organico,repeat_transaction,2024-02-17 16:56:39.820370,48.1,False,
U001042,organico,repeat_transaction,2024-02-27 12:20:15.553867,97.6,False,
U001042,organico,repeat_transaction,2024-03-03 21:22:09.057091,41.55,False,
U001043,pagado,signup,2024-01-22 08:19:51.198673,,,
U001043,pagado,login,2024-01-22 18:59:06.907188,,,
U001043,pagado,view_service,2024-01-23 00:45:13.720671,,,
U001043,pagado,start_application,2024-01-24 18:31:47.109583,,,
U001043,pagado,complete_kyc,2024-01-27 04:18:09.585355,,,kyc_approved
U001043,pagado,first_transaction,2024-01-27 09:12:36.804208,19.34,False,
U001044,organico,signup,2024-03-08 21:49:20.972574,,,
U001044,organico,login,2024-03-09 23:50:56.643932,,,
U001044,organico,view_service,2024-03-10 21:01:05.983472,,,
U001045,pagado,signup,2024-02-27 05:53:41.916903,,,
U001045,pagado,login,2024-02-28 15:41:25.936364,,,
U001045,pagado,view_service,2024-02-29 08:28:47.581427,,,
U001045,pagado,start_application,2024-03-02 17:14:31.607690,,,
U001045,pagado,complete_kyc,2024-03-03 13:31:23.214751,,,kyc_approved
U001045,pagado,first_transaction,2024-03-04 01:32:20.365194,65.18,False,
U001045,pagado,repeat_transaction,2024-03-12 23:07:43.653924,69.74,False,
U001045,pagado,repeat_transaction,2024-03-20 03:24:39.968723,57.87,False,
U001045,pagado,repeat_transaction,2024-03-26 22:50:03.082534,61.67,False,
U001045,pagado,repeat_transaction,2024-04-03 08:51:26.056692,30.28,False,
U001045,pagado,repeat_transaction,2024-04-09 12:20:06.161050,19.1,False,
U001045,pagado,repeat_transaction,2024-04-10 16:45:42.390310,19.93,False,
U001045,pagado,repeat_transaction,2024-04-15 16:57:09.098592,11.65,False,
U001045,pagado,repeat_transaction,2024-04-20 15:25:22.058042,43.2,False,
U001045,pagado,repeat_transaction,2024-04-24 01:33:11.046987,34.52,False,
U001045,pagado,repeat_transaction,2024-04-27 09:40:57.474320,26.9,False,
U001046,organico,signup,2024-01-19 15:36:34.041681,,,
U001046,organico,login,2024-01-20 02:39:30.408774,,,
U001046,organico,view_service,2024-01-20 06:30:38.150326,,,
U001047,pagado,signup,2024-01-25 01:27:03.274225,,,
U001047,pagado,login,2024-01-25 08:20:06.647829,,,
U001047,pagado,view_service,2024-01-26 05:14:45.019314,,,
U001047,pagado,start_application,2024-01-27 10:47:10.778529,,,
U001047,pagado,complete_kyc,2024-01-28 03:11:57.758855,,,kyc_approved
U001048,pagado,signup,2024-02-23 07:37:47.873190,,,
U001048,pagado,login,2024-02-24 19:13:42.283483,,,
U001048,pagado,view_service,2024-02-25 06:32:27.097382,,,
U001049,organico,signup,2024-01-04 12:11:05.732790,,,
U001049,organico,login,2024-01-06 01:18:13.626674,,,
U001049,organico,view_service,2024-01-06 20:06:36.266895,,,
U001050,pagado,signup,2024-02-21 04:16:54.578519,,,
U001050,pagado,login,2024-02-21 13:19:47.527661,,,
U001051,organico,signup,2024-01-17 17:36:44.352119,,,
U001051,organico,login,2024-01-19 12:34:30.248661,,,
U001051,organico,view_service,2024-01-19 16:37:29.097528,,,
U001052,pagado,signup,2024-01-24 09:10:28.134762,,,
U001052,pagado,login,2024-01-25 07:25:25.289874,,,
U001052,pagado,view_service,2024-01-26 00:28:59.525737,,,
U001053,organico,signup,2024-02-15 20:24:29.822456,,,
U001053,organico,login,2024-02-17 15:04:53.235218,,,
U001053,organico,view_service,2024-02-18 06:38:08.032764,,,
U001054,pagado,signup,2024-02-23 19:26:32.375394,,,
U001054,pagado,login,2024-02-25 16:25:06.256921,,,
U001054,pagado,view_service,2024-02-26 13:00:56.708581,,,
U001054,pagado,start_application,2024-02-26 15:44:02.800405,,,
U001054,pagado,complete_kyc,2024-02-26 23:14:43.589757,,,kyc_rejected
U001055,pagado,signup,2024-01-13 07:15:29.326506,,,
U001055,pagado,login,2024-01-13 08:30:06.478046,,,
U001055,pagado,view_service,2024-01-14 02:31:18.324780,,,
U001055,pagado,start_application,2024-01-16 10:20:57.976229,,,
U001055,pagado,complete_kyc,2024-01-19 10:30:27.447976,,,kyc_approved
U001055,pagado,first_transaction,2024-01-20 22:57:07.366435,5.0,False,
U001056,organico,signup,2024-01-15 17:00:47.501515,,,
U001056,organico,login,2024-01-16 12:14:12.306740,,,
U001056,organico,view_service,2024-01-16 21:11:08.823978,,,
U001056,organico,start_application,2024-01-17 06:39:45.211964,,,
U001056,organico,complete_kyc,2024-01-21 02:48:22.004196,,,kyc_approved
U001056,organico,first_transaction,2024-01-22 09:33:47.548468,15.29,False,
U001056,organico,repeat_transaction,2024-01-27 14:01:21.079375,80.21,False,
U001056,organico,repeat_transaction,2024-02-03 11:09:49.816651,22.98,False,
U001056,organico,repeat_transaction,2024-02-09 20:22:58.492732,47.11,False,
U001056,organico,repeat_transaction,2024-02-15 11:05:46.318384,13.83,False,
U001056,organico,repeat_transaction,2024-02-24 20:50:06.972845,100.19,False,
U001056,organico,repeat_transaction,2024-03-01 04:23:53.911294,33.09,False,
U001057,organico,signup,2024-03-25 03:28:15.276013,,,
U001057,organico,login,2024-03-26 13:37:58.226186,,,
U001057,organico,view_service,2024-03-26 14:16:26.438340,,,
U001057,organico,start_application,2024-03-28 03:50:25.641015,,,
U001057,organico,complete_kyc,2024-03-28 06:38:44.920490,,,kyc_approved
U001057,organico,first_transaction,2024-03-29 04:47:37.495530,44.84,False,
U001057,organico,repeat_transaction,2024-04-06 09:51:29.246749,186.43,False,
U001058,referido,signup,2024-02-17 12:48:52.508913,,,
U001058,referido,login,2024-02-18 04:43:43.930490,,,
U001058,referido,view_service,2024-02-18 22:17:49.535086,,,
U001059,organico,signup,2024-01-27 00:55:36.935294,,,
U001059,organico,login,2024-01-27 07:23:41.457627,,,
U001059,organico,view_service,2024-01-27 12:04:59.189768,,,
U001060,referido,signup,2024-02-09 23:45:55.105763,,,
U001060,referido,login,2024-02-11 23:20:07.715228,,,
U001060,referido,view_service,2024-02-12 00:16:57.601978,,,
U001061,pagado,signup,2024-01-22 15:12:26.032488,,,
U001061,pagado,login,2024-01-22 20:46:45.063963,,,
U001061,pagado,view_service,2024-01-23 16:16:08.956658,,,
U001061,pagado,start_application,2024-01-25 20:42:24.260097,,,
U001061,pagado,complete_kyc,2024-01-27 08:44:37.873527,,,kyc_approved
U001062,pagado,signup,2024-02-21 05:09:02.156736,,,
U001062,pagado,login,2024-02-21 20:53:29.519011,,,
U001062,pagado,view_service,2024-02-22 13:16:27.876413,,,
U001063,pagado,signup,2024-01-22 09:07:22.867541,,,
U001063,pagado,login,2024-01-23 09:35:46.379661,,,
U001063,pagado,view_service,2024-01-24 02:59:33.524363,,,
U001064,referido,signup,2024-01-29 21:27:17.291241,,,
U001064,referido,login,2024-01-30 08:15:59.222755,,,
U001065,referido,signup,2024-01-25 06:59:53.908131,,,
U001065,referido,login,2024-01-26 07:19:41.588341,,,
U001065,referido,view_service,2024-01-26 16:57:16.716290,,,
U001066,organico,signup,2024-01-24 10:44:27.040866,,,
U001066,organico,login,2024-01-25 23:57:42.184994,,,
U001067,organico,signup,2024-02-07 23:10:09.806127,,,
U001068,organico,signup,2024-04-01 17:30:46.287992,,,
U001068,organico,login,2024-04-02 14:12:53.703331,,,
U001068,organico,view_service,2024-04-02 20:05:25.500538,,,
U001069,organico,signup,2024-01-11 03:24:02.467451,,,
U001069,organico,login,2024-01-12 00:01:40.356439,,,
U001070,referido,signup,2024-03-14 02:53:24.968790,,,
U001070,referido,login,2024-03-15 01:33:40.100724,,,
U001070,referido,view_service,2024-03-15 08:35:26.594377,,,
U001071,pagado,signup,2024-03-25 07:51:36.487848,,,
U001071,pagado,login,2024-03-25 15:52:27.294288,,,
U001071,pagado,view_service,2024-03-25 18:19:06.820601,,,
U001072,organico,signup,2024-01-05 13:21:17.093555,,,
U001072,organico,login,2024-01-07 08:25:25.453555,,,
U001073,organico,signup,2024-01-26 08:25:39.777672,,,
U001073,organico,login,2024-01-27 13:52:40.139892,,,
U001073,organico,view_service,2024-01-28 01:00:02.798707,,,
U001074,organico,signup,2024-03-12 08:40:47.121822,,,
U001074,organico,login,2024-03-12 22:22:07.836680,,,
U001074,organico,view_service,2024-03-13 06:31:46.895609,,,
U001074,organico,start_application,2024-03-14 16:36:50.290030,,,
U001074,organico,complete_kyc,2024-03-16 12:19:42.695906,,,kyc_rejected
U001075,organico,signup,2024-03-01 15:05:18.424930,,,
U001075,organico,login,2024-03-03 05:14:00.189370,,,
U001076,pagado,signup,2024-01-05 08:53:34.366840,,,
U001076,pagado,login,2024-01-07 08:48:28.410356,,,
U001076,pagado,view_service,2024-01-08 02:10:05.616506,,,
U001076,pagado,start_application,2024-01-09 02:11:28.986961,,,
U001076,pagado,complete_kyc,2024-01-10 09:14:47.931455,,,kyc_approved
U001076,pagado,first_transaction,2024-01-11 04:58:47.736003,105.8,False,
U001077,pagado,signup,2024-03-07 22:43:22.396663,,,
U001077,pagado,login,2024-03-09 06:15:14.362722,,,
U001077,pagado,view_service,2024-03-09 15:39:48.645424,,,
U001077,pagado,start_application,2024-03-09 19:16:49.074790,,,
U001077,pagado,complete_kyc,2024-03-13 04:06:26.595647,,,kyc_approved
U001077,pagado,first_transaction,2024-03-14 19:07:37.339066,29.53,False,
U001078,pagado,signup,2024-03-20 01:57:05.039670,,,
U001078,pagado,login,2024-03-21 11:56:06.429287,,,
U001078,pagado,view_service,2024-03-22 10:55:50.803441,,,
U001079,referido,signup,2024-01-19 10:13:04.251385,,,
U001079,referido,login,2024-01-19 14:46:58.475924,,,
U001080,organico,signup,2024-01-05 22:08:35.561226,,,
U001080,organico,login,2024-01-06 11:33:10.137914,,,
U001080,organico,view_service,2024-01-06 15:55:33.962147,,,
U001080,organico,start_application,2024-01-06 16:41:21.797964,,,
U001080,organico,complete_kyc,2024-01-08 03:38:19.923310,,,kyc_approved
U001080,organico,first_transaction,2024-01-08 19:53:23.211002,24.16,False,
U001081,referido,signup,2024-03-19 22:38:57.412201,,,
U001081,referido,login,2024-03-21 00:04:32.503326,,,
U001081,referido,view_service,2024-03-21 22:19:02.078167,,,
U001081,referido,start_application,2024-03-24 05:45:34.290004,,,
U001081,referido,complete_kyc,2024-03-27 04:05:45.287028,,,kyc_approved
U001082,pagado,signup,2024-01-29 02:44:25.658657,,,
U001082,pagado,login,2024-01-29 03:41:54.904311,,,
U001082,pagado,view_service,2024-01-30 02:51:44.597741,,,
U001082,pagado,start_application,2024-02-01 14:36:26.036405,,,
U001082,pagado,complete_kyc,2024-02-03 06:57:14.908414,,,kyc_approved
U001083,pagado,signup,2024-03-25 21:54:30.968672,,,
U001083,pagado,login,2024-03-27 16:42:43.504194,,,
U001084,pagado,signup,2024-03-02 17:43:23.307212,,,
U001084,pagado,login,2024-03-03 04:48:10.149742,,,
U001084,pagado,view_service,2024-03-04 00:31:40.494442,,,
U001084,pagado,start_application,2024-03-04 00:47:22.991555,,,
U001084,pagado,complete_kyc,2024-03-04 05:51:04.171246,,,kyc_approved
U001084,pagado,first_transaction,2024-03-05 07:35:23.998018,29.14,False,
U001085,organico,signup,2024-03-20 21:38:42.734553,,,
U001085,organico,login,2024-03-22 10:34:31.998998,,,
U001085,organico,view_service,2024-03-22 22:31:11.920503,,,
U001086,pagado,signup,2024-02-21 11:48:29.471938,,,
U001086,pagado,login,2024-02-22 06:32:33.204937,,,
U001086,pagado,view_service,2024-02-22 10:50:14.554722,,,
U001087,organico,signup,2024-02-09 23:36:41.905515,,,
U001087,organico,login,2024-02-10 04:28:32.777512,,,
U001088,pagado,signup,2024-01-17 12:06:16.143664,,,
U001088,pagado,login,2024-01-18 08:37:53.076439,,,
U001088,pagado,view_service,2024-01-18 17:20:15.538705,,,
U001089,organico,signup,2024-04-01 12:01:44.966871,,,
U001089,organico,login,2024-04-01 19:34:51.219895,,,
U001089,organico,view_service,2024-04-02 18:04:28.224779,,,
U001090,organico,signup,2024-03-12 02:08:09.404725,,,
U001090,organico,login,2024-03-13 14:52:28.811222,,,
U001090,organico,view_service,2024-03-14 02:54:38.737479,,,
U001091,pagado,signup,2024-03-13 01:13:25.477635,,,
U001091,pagado,login,2024-03-14 15:57:35.908977,,,
U001091,pagado,view_service,2024-03-14 22:00:14.698395,,,
U001091,pagado,start_application,2024-03-17 15:48:43.363568,,,
U001091,pagado,complete_kyc,2024-03-20 21:07:47.603860,,,kyc_approved
U001091,pagado,first_transaction,2024-03-21 00:16:05.986554,52.3,False,
U001091,pagado,repeat_transaction,2024-03-28 05:12:24.361296,34.0,False,
U001091,pagado,repeat_transaction,2024-04-07 03:17:14.246500,27.75,False,
U001091,pagado,repeat_transaction,2024-04-11 07:11:09.343509,102.21,False,
U001091,pagado,repeat_transaction,2024-04-15 19:16:12.078948,33.79,False,
U001091,pagado,repeat_transaction,2024-04-17 17:38:27.634243,183.04,False,
U001091,pagado,repeat_transaction,2024-04-26 00:59:30.647816,39.0,False,
U001091,pagado,repeat_transaction,2024-04-28 18:03:46.378586,127.7,False,
U001091,pagado,repeat_transaction,2024-05-06 17:07:51.503057,47.0,False,
U001091,pagado,repeat_transaction,2024-05-08 07:34:53.383212,71.81,False,
U001091,pagado,repeat_transaction,2024-05-11 08:33:35.116038,22.04,False,
U001091,pagado,repeat_transaction,2024-05-20 13:44:32.749074,20.13,False,
U001091,pagado,repeat_transaction,2024-05-28 12:14:37.168359,50.49,False,
U001091,pagado,repeat_transaction,2024-06-04 07:01:46.460481,73.11,False,
U001091,pagado,repeat_transaction,2024-06-05 16:05:38.155271,37.64,False,
U001092,organico,signup,2024-02-29 19:12:04.139722,,,
U001093,referido,signup,2024-01-10 12:19:08.777137,,,
U001093,referido,login,2024-01-10 17:59:56.983980,,,
U001093,referido,view_service,2024-01-11 05:53:19.445086,,,
U001094,pagado,signup,2024-02-02 06:55:04.490039,,,
U001094,pagado,login,2024-02-02 22:12:19.507950,,,
U001094,pagado,view_service,2024-02-03 17:56:46.537688,,,
U001094,pagado,start_application,2024-02-06 07:47:01.293265,,,
U001094,pagado,complete_kyc,2024-02-06 13:31:40.384820,,,kyc_approved
U001095,organico,signup,2024-01-25 14:59:51.985824,,,
U001095,organico,login,2024-01-26 10:50:02.410134,,,
U001095,organico,view_service,2024-01-26 23:36:01.982084,,,
U001095,organico,start_application,2024-01-27 21:52:24.389598,,,
U001095,organico,complete_kyc,2024-01-29 03:00:22.552212,,,kyc_approved
U001096,organico,signup,2024-03-06 22:21:24.414956,,,
U001096,organico,login,2024-03-08 15:14:49.127085,,,
U001096,organico,view_service,2024-03-08 17:34:33.586514,,,
U001096,organico,start_application,2024-03-09 17:40:30.536370,,,
U001096,organico,complete_kyc,2024-03-13 07:01:05.339525,,,kyc_approved
U001096,organico,first_transaction,2024-03-14 21:27:21.416136,14.87,False,
U001096,organico,repeat_transaction,2024-03-22 17:45:10.734519,14.12,False,
U001096,organico,repeat_transaction,2024-03-31 22:57:18.701967,13.48,False,
U001096,organico,repeat_transaction,2024-04-08 08:55:22.775568,10.62,False,
U001096,organico,repeat_transaction,2024-04-17 04:54:28.380078,39.51,False,
U001096,organico,repeat_transaction,2024-04-26 08:40:22.356190,80.44,False,
U001096,organico,repeat_transaction,2024-04-28 06:22:01.170596,36.26,False,
U001096,organico,repeat_transaction,2024-05-07 15:25:01.417853,7.52,False,
U001096,organico,repeat_transaction,2024-05-16 13:03:26.433252,32.02,False,
U001096,organico,repeat_transaction,2024-05-20 13:02:34.503167,32.66,False,
U001096,organico,repeat_transaction,2024-05-22 18:36:41.437598,158.73,False,
U001096,organico,repeat_transaction,2024-06-01 06:39:57.086696,13.2,True,
U001097,organico,signup,2024-03-15 06:15:53.915433,,,
U001097,organico,login,2024-03-17 03:22:28.397963,,,
U001098,organico,signup,2024-02-01 06:01:07.736379,,,
U001098,organico,login,2024-02-01 11:05:39.734703,,,
U001099,organico,signup,2024-03-07 17:08:13.085227,,,
U001099,organico,login,2024-03-09 01:55:34.439509,,,
U001099,organico,view_service,2024-03-09 11:44:44.481835,,,
U001100,referido,signup,2024-02-23 15:10:06.455159,,,
U001100,referido,login,2024-02-24 02:39:51.948991,,,
U001100,referido,view_service,2024-02-24 17:24:07.050044,,,
U001100,referido,start_application,2024-02-27 04:49:16.618404,,,
U001100,referido,complete_kyc,2024-02-28 09:16:29.046360,,,kyc_approved
U001101,organico,signup,2024-02-23 07:39:39.993886,,,
U001101,organico,login,2024-02-24 17:37:18.582120,,,
U001101,organico,view_service,2024-02-25 08:10:03.747579,,,
U001101,organico,start_application,2024-02-25 16:30:29.586272,,,
U001101,organico,complete_kyc,2024-02-28 01:25:25.090351,,,kyc_approved
U001101,organico,first_transaction,2024-02-29 05:08:36.755621,27.84,False,
U001101,organico,repeat_transaction,2024-03-03 10:52:48.186518,120.8,False,
U001101,organico,repeat_transaction,2024-03-06 12:44:41.540880,50.15,False,
U001101,organico,repeat_transaction,2024-03-07 22:48:09.872076,54.29,False,
U001101,organico,repeat_transaction,2024-03-12 12:03:43.185453,39.65,False,
U001101,organico,repeat_transaction,2024-03-15 23:47:47.742885,46.11,False,
U001101,organico,repeat_transaction,2024-03-17 00:24:18.759521,63.08,False,
U001101,organico,repeat_transaction,2024-03-19 00:19:56.878162,20.77,False,
U001101,organico,repeat_transaction,2024-03-23 17:37:02.375908,67.67,False,
U001101,organico,repeat_transaction,2024-03-28 18:11:07.510049,14.0,False,
U001101,organico,repeat_transaction,2024-04-04 14:08:43.805918,46.06,False,
U001101,organico,repeat_transaction,2024-04-08 21:47:49.113554,41.48,False,
U001102,organico,signup,2024-03-19 08:15:19.557399,,,
U001102,organico,login,2024-03-20 16:14:59.937381,,,
U001103,organico,signup,2024-02-15 06:37:36.219416,,,
U001103,organico,login,2024-02-16 04:55:56.387345,,,
U001103,organico,view_service,2024-02-17 02:16:20.508735,,,
U001103,organico,start_application,2024-02-18 11:21:22.741235,,,
U001103,organico,complete_kyc,2024-02-19 15:27:46.005125,,,kyc_approved
U001104,organico,signup,2024-01-27 13:34:34.702645,,,
U001104,organico,login,2024-01-28 15:02:37.608869,,,
U001104,organico,view_service,2024-01-28 23:25:28.630493,,,
U001105,organico,signup,2024-03-04 05:37:31.897450,,,
U001105,organico,login,2024-03-04 13:24:41.325437,,,
U001105,organico,view_service,2024-03-05 11:07:53.745351,,,
U001105,organico,start_application,2024-03-06 04:05:11.268563,,,
U001105,organico,complete_kyc,2024-03-08 02:59:24.570617,,,kyc_approved
U001106,pagado,signup,2024-03-26 04:01:28.198086,,,
U001106,pagado,login,2024-03-27 13:10:15.907666,,,
U001106,pagado,view_service,2024-03-28 04:59:14.000595,,,
U001107,pagado,signup,2024-01-04 09:27:31.659438,,,
U001107,pagado,login,2024-01-04 23:06:19.990900,,,
U001108,pagado,signup,2024-03-14 10:32:47.445880,,,
U001108,pagado,login,2024-03-15 11:57:12.290489,,,
U001108,pagado,view_service,2024-03-15 12:28:19.619352,,,
U001109,pagado,signup,2024-02-09 02:47:58.616098,,,
U001109,pagado,login,2024-02-10 13:59:31.425713,,,
U001109,pagado,view_service,2024-02-11 00:13:01.878696,,,
U001110,organico,signup,2024-02-25 16:55:57.951381,,,
U001110,organico,login,2024-02-26 02:26:02.533588,,,
U001110,organico,view_service,2024-02-26 03:34:51.705675,,,
U001110,organico,start_application,2024-02-27 13:34:24.696387,,,
U001110,organico,complete_kyc,2024-02-28 13:06:17.956387,,,kyc_approved
U001110,organico,first_transaction,2024-03-01 11:04:09.566022,23.77,False,
U001110,organico,repeat_transaction,2024-03-10 12:35:21.084593,36.02,False,
U001110,organico,repeat_transaction,2024-03-19 07:45:51.574554,23.67,False,
U001110,organico,repeat_transaction,2024-03-24 00:50:02.613320,17.28,False,
U001110,organico,repeat_transaction,2024-03-25 16:30:59.455789,28.57,False,
U001110,organico,repeat_transaction,2024-04-04 11:19:00.499063,16.9,False,
U001110,organico,repeat_transaction,2024-04-06 16:37:57.339612,45.88,False,
U001110,organico,repeat_transaction,2024-04-09 15:49:19.966959,16.36,False,
U001110,organico,repeat_transaction,2024-04-12 23:13:00.571780,60.24,False,
U001110,organico,repeat_transaction,2024-04-17 15:35:26.421490,16.01,False,
U001110,organico,repeat_transaction,2024-04-24 10:28:58.171712,24.62,False,
U001111,referido,signup,2024-01-11 08:05:19.690718,,,
U001111,referido,login,2024-01-11 20:10:44.298659,,,
U001111,referido,view_service,2024-01-12 14:06:20.435834,,,
U001112,organico,signup,2024-02-14 02:50:12.777468,,,
U001112,organico,login,2024-02-15 13:50:23.699705,,,
U001113,organico,signup,2024-04-01 02:22:20.494820,,,
U001113,organico,login,2024-04-02 02:35:58.601178,,,
U001113,organico,view_service,2024-04-02 16:26:13.282148,,,
U001113,organico,start_application,2024-04-04 18:36:24.043996,,,
U001113,organico,complete_kyc,2024-04-08 12:21:58.373551,,,kyc_approved
U001113,organico,first_transaction,2024-04-08 20:20:09.292096,23.64,False,
U001114,pagado,signup,2024-01-23 02:59:56.912094,,,
U001114,pagado,login,2024-01-23 12:33:58.758441,,,
U001114,pagado,view_service,2024-01-23 14:05:01.902674,,,
U001115,pagado,signup,2024-01-05 13:26:17.510454,,,
U001115,pagado,login,2024-01-07 01:46:43.784770,,,
U001116,pagado,signup,2024-01-16 16:39:46.184320,,,
U001116,pagado,login,2024-01-17 01:08:59.694084,,,
U001117,organico,signup,2024-01-09 19:00:28.125006,,,
U001117,organico,login,2024-01-10 15:55:33.732224,,,
U001117,organico,view_service,2024-01-10 19:57:22.563393,,,
U001118,pagado,signup,2024-03-22 01:48:38.291190,,,
U001118,pagado,login,2024-03-23 23:59:06.793620,,,
U001118,pagado,view_service,2024-03-24 07:56:23.643439,,,
U001119,pagado,signup,2024-02-25 03:28:28.988050,,,
U001119,pagado,login,2024-02-25 11:49:11.950022,,,
U001120,organico,signup,2024-01-31 00:31:40.749544,,,
U001120,organico,login,2024-02-01 16:39:15.701070,,,
U001120,organico,view_service,2024-02-01 23:46:56.661403,,,
U001121,organico,signup,2024-01-10 18:34:01.618435,,,
U001121,organico,login,2024-01-10 21:14:37.544583,,,
U001121,organico,view_service,2024-01-11 10:04:19.612856,,,
U001122,pagado,signup,2024-02-07 03:56:34.648847,,,
U001122,pagado,login,2024-02-07 06:34:24.946909,,,
U001122,pagado,view_service,2024-02-08 03:35:56.343927,,,
U001123,organico,signup,2024-01-09 05:08:58.558572,,,
U001123,organico,login,2024-01-09 09:43:47.997443,,,
U001123,organico,view_service,2024-01-09 22:55:34.796057,,,
U001124,organico,signup,2024-02-15 23:36:27.644902,,,
U001124,organico,login,2024-02-17 09:10:44.495519,,,
U001124,organico,view_service,2024-02-17 12:46:09.727397,,,
U001125,organico,signup,2024-02-28 03:02:57.954017,,,
U001125,organico,login,2024-02-29 11:47:08.040511,,,
U001126,organico,signup,2024-01-04 23:47:09.380111,,,
U001126,organico,login,2024-01-05 01:02:43.671577,,,
U001127,organico,signup,2024-01-31 18:46:26.688943,,,
U001127,organico,login,2024-01-31 22:49:55.855588,,,
U001127,organico,view_service,2024-02-01 21:42:31.159389,,,
U001127,organico,start_application,2024-02-04 06:09:11.043133,,,
U001127,organico,complete_kyc,2024-02-06 10:07:50.017497,,,kyc_approved
U001127,organico,first_transaction,2024-02-07 22:04:56.485054,92.54,False,
U001128,referido,signup,2024-01-30 19:52:31.373224,,,
U001128,referido,login,2024-01-31 09:51:35.141403,,,
U001128,referido,view_service,2024-01-31 13:43:27.784660,,,
U001129,organico,signup,2024-03-02 16:09:01.532862,,,
U001129,organico,login,2024-03-04 05:02:13.228876,,,
U001129,organico,view_service,2024-03-05 00:49:49.291447,,,
U001129,organico,start_application,2024-03-06 21:37:38.462175,,,
U001129,organico,complete_kyc,2024-03-07 02:10:56.152754,,,kyc_approved
U001129,organico,first_transaction,2024-03-07 23:06:14.082585,46.12,False,
U001129,organico,repeat_transaction,2024-03-14 22:06:14.142249,31.56,False,
U001130,organico,signup,2024-02-28 09:19:52.415561,,,
U001130,organico,login,2024-02-28 16:36:51.277597,,,
U001130,organico,view_service,2024-02-28 19:36:31.365308,,,
U001131,pagado,signup,2024-02-18 01:00:37.352761,,,
U001131,pagado,login,2024-02-18 15:57:55.544065,,,
U001131,pagado,view_service,2024-02-19 05:49:49.411896,,,
U001132,pagado,signup,2024-01-06 00:19:35.800376,,,
U001132,pagado,login,2024-01-07 05:16:02.358409,,,
U001132,pagado,view_service,2024-01-07 16:20:05.597826,,,
U001132,pagado,start_application,2024-01-10 16:14:39.724315,,,
U001132,pagado,complete_kyc,2024-01-13 18:30:19.318847,,,kyc_approved
U001133,referido,signup,2024-02-18 10:47:36.607550,,,
U001133,referido,login,2024-02-20 07:21:04.827684,,,
U001134,organico,signup,2024-02-19 11:05:19.141506,,,
U001134,organico,login,2024-02-19 23:43:10.794498,,,
U001134,organico,view_service,2024-02-20 22:48:47.544066,,,
U001135,pagado,signup,2024-02-14 12:11:49.642204,,,
U001135,pagado,login,2024-02-15 22:41:52.842774,,,
U001135,pagado,view_service,2024-02-16 14:15:41.206511,,,
U001135,pagado,start_application,2024-02-17 07:46:39.292473,,,
U001135,pagado,complete_kyc,2024-02-20 00:32:56.621062,,,kyc_approved
U001135,pagado,first_transaction,2024-02-21 09:07:14.221873,51.89,False,
U001135,pagado,repeat_transaction,2024-02-28 09:43:53.672105,8.37,False,
U001135,pagado,repeat_transaction,2024-03-04 01:46:55.478462,35.51,False,
U001135,pagado,repeat_transaction,2024-03-07 06:12:31.612770,148.16,False,
U001135,pagado,repeat_transaction,2024-03-14 17:04:43.907728,40.15,False,
U001135,pagado,repeat_transaction,2024-03-22 05:43:41.625794,38.38,False,
U001135,pagado,repeat_transaction,2024-03-25 03:55:30.295845,53.71,False,
U001135,pagado,repeat_transaction,2024-04-02 04:02:12.364083,68.51,False,
U001135,pagado,repeat_transaction,2024-04-11 00:42:02.568105,9.04,False,
U001135,pagado,repeat_transaction,2024-04-14 15:41:30.417330,11.27,False,
U001135,pagado,repeat_transaction,2024-04-19 03:54:21.767906,42.4,False,
U001135,pagado,repeat_transaction,2024-04-26 21:58:09.579095,22.19,False,
U001136,referido,signup,2024-01-06 05:05:17.380803,,,
U001136,referido,login,2024-01-06 21:28:15.033681,,,
U001136,referido,view_service,2024-01-07 04:33:29.323626,,,
U001137,referido,signup,2024-01-04 04:16:51.675585,,,
U001137,referido,login,2024-01-04 17:46:58.256869,,,
U001137,referido,view_service,2024-01-05 07:37:15.922175,,,
U001138,pagado,signup,2024-03-25 09:31:11.959752,,,
U001138,pagado,login,2024-03-26 12:15:24.175026,,,
U001138,pagado,view_service,2024-03-26 16:34:50.533122,,,
U001139,organico,signup,2024-03-29 23:43:29.281056,,,
U001139,organico,login,2024-03-31 08:47:32.370195,,,
U001139,organico,view_service,2024-04-01 01:17:30.633430,,,
U001139,organico,start_application,2024-04-03 14:43:12.194173,,,
U001139,organico,complete_kyc,2024-04-04 14:01:37.514780,,,kyc_rejected
U001140,organico,signup,2024-03-11 05:01:18.532944,,,
U001140,organico,login,2024-03-11 20:12:49.860680,,,
U001140,organico,view_service,2024-03-12 05:43:02.619165,,,
U001140,organico,start_application,2024-03-12 15:59:06.757015,,,
U001140,organico,complete_kyc,2024-03-13 02:14:34.749302,,,kyc_approved
U001140,organico,first_transaction,2024-03-14 03:32:54.645573,91.69,False,
U001141,pagado,signup,2024-02-27 23:26:19.429883,,,
U001141,pagado,login,2024-02-28 15:00:41.027592,,,
U001141,pagado,view_service,2024-02-29 12:11:40.070529,,,
U001142,pagado,signup,2024-03-28 23:27:00.025898,,,
U001142,pagado,login,2024-03-30 11:52:38.238022,,,
U001142,pagado,view_service,2024-03-30 21:15:07.190557,,,
U001143,pagado,signup,2024-02-08 04:48:28.034592,,,
U001143,pagado,login,2024-02-08 05:25:08.304403,,,
U001143,pagado,view_service,2024-02-09 01:06:58.783029,,,
U001144,organico,signup,2024-01-12 09:15:29.151446,,,
U001144,organico,login,2024-01-13 13:57:49.744331,,,
U001145,organico,signup,2024-02-05 10:17:00.161258,,,
U001145,organico,login,2024-02-05 23:58:12.626287,,,
U001146,organico,signup,2024-03-07 15:29:31.057225,,,
U001146,organico,login,2024-03-08 01:49:41.789612,,,
U001146,organico,view_service,2024-03-08 20:50:55.145850,,,
U001146,organico,start_application,2024-03-09 01:06:53.640888,,,
U001146,organico,complete_kyc,2024-03-10 07:20:13.777476,,,kyc_approved
U001146,organico,first_transaction,2024-03-11 08:37:50.564524,29.35,False,
U001146,organico,repeat_transaction,2024-03-14 23:45:19.102205,9.45,False,
U001146,organico,repeat_transaction,2024-03-20 18:12:40.416688,15.07,False,
U001146,organico,repeat_transaction,2024-03-21 23:54:30.508959,5.34,False,
U001146,organico,repeat_transaction,2024-03-31 23:14:45.523893,31.07,False,
U001146,organico,repeat_transaction,2024-04-09 07:16:27.858862,32.08,False,
U001146,organico,repeat_transaction,2024-04-12 05:50:27.222494,27.19,False,
U001146,organico,repeat_transaction,2024-04-14 13:47:00.514942,77.88,False,
U001146,organico,repeat_transaction,2024-04-18 01:11:15.804960,84.69,False,
U001146,organico,repeat_transaction,2024-04-19 17:45:52.424714,32.48,False,
U001147,organico,signup,2024-03-09 20:55:52.716496,,,
U001147,organico,login,2024-03-11 18:05:21.458860,,,
U001147,organico,view_service,2024-03-12 02:55:30.055672,,,
U001147,organico,start_application,2024-03-14 11:58:19.666368,,,
U001147,organico,complete_kyc,2024-03-15 11:10:03.273844,,,kyc_rejected
U001148,organico,signup,2024-03-29 17:01:55.226763,,,
U001148,organico,login,2024-03-31 04:52:54.598728,,,
U001148,organico,view_service,2024-04-01 01:12:23.016433,,,
U001149,referido,signup,2024-03-20 18:57:36.488284,,,
U001149,referido,login,2024-03-21 14:06:58.347643,,,
U001149,referido,view_service,2024-03-22 09:45:41.163768,,,
U001150,organico,signup,2024-01-22 02:37:49.176831,,,
U001150,organico,login,2024-01-22 19:02:30.756455,,,
U001150,organico,view_service,2024-01-23 05:23:07.547162,,,
U001151,organico,signup,2024-01-12 09:59:03.236646,,,
U001151,organico,login,2024-01-13 16:56:20.623772,,,
U001151,organico,view_service,2024-01-13 22:02:20.853396,,,
U001152,organico,signup,2024-03-09 12:14:27.707575,,,
U001152,organico,login,2024-03-09 12:34:42.840208,,,
U001152,organico,view_service,2024-03-09 23:20:40.255927,,,
U001152,organico,start_application,2024-03-10 20:54:08.532047,,,
U001152,organico,complete_kyc,2024-03-12 18:56:42.242201,,,kyc_approved
U001152,organico,first_transaction,2024-03-14 13:51:16.161379,8.21,False,
U001152,organico,repeat_transaction,2024-03-21 09:12:13.585923,56.38,False,
U001152,organico,repeat_transaction,2024-03-23 12:01:02.615339,53.99,False,
U001152,organico,repeat_transaction,2024-03-27 20:03:32.268052,45.45,False,
U001152,organico,repeat_transaction,2024-03-28 23:57:31.196017,72.75,False,
U001153,pagado,signup,2024-03-31 23:13:54.227842,,,
U001153,pagado,login,2024-04-02 02:49:49.875389,,,
U001154,pagado,signup,2024-02-12 00:50:20.409513,,,
U001154,pagado,login,2024-02-13 05:34:33.726495,,,
U001154,pagado,view_service,2024-02-14 04:12:03.918129,,,
U001155,pagado,signup,2024-03-15 14:18:04.489594,,,
U001155,pagado,login,2024-03-16 21:08:27.742243,,,
U001156,pagado,signup,2024-01-10 14:11:13.969808,,,
U001156,pagado,login,2024-01-11 18:02:04.940943,,,
U001156,pagado,view_service,2024-01-12 07:42:23.531742,,,
U001156,pagado,start_application,2024-01-14 00:27:16.104086,,,
U001156,pagado,complete_kyc,2024-01-15 05:04:13.403265,,,kyc_approved
U001157,pagado,signup,2024-03-14 03:55:44.077734,,,
U001157,pagado,login,2024-03-14 09:13:08.791152,,,
U001158,pagado,signup,2024-01-22 20:28:22.653391,,,
U001158,pagado,login,2024-01-23 23:35:04.179727,,,
U001159,organico,signup,2024-02-27 00:32:29.951338,,,
U001159,organico,login,2024-02-28 07:18:32.845646,,,
U001159,organico,view_service,2024-02-28 17:21:47.255051,,,
U001160,pagado,signup,2024-01-17 20:50:14.471247,,,
U001161,organico,signup,2024-01-04 09:26:56.342852,,,
U001161,organico,login,2024-01-05 02:03:33.459869,,,
U001161,organico,view_service,2024-01-05 18:00:07.576184,,,
U001162,referido,signup,2024-02-22 09:33:29.110964,,,
U001162,referido,login,2024-02-23 23:12:55.185202,,,
U001162,referido,view_service,2024-02-24 17:32:30.121449,,,
U001163,organico,signup,2024-03-01 13:49:41.288448,,,
U001163,organico,login,2024-03-02 06:26:24.360986,,,
U001163,organico,view_service,2024-03-03 04:36:25.204709,,,
U001163,organico,start_application,2024-03-04 21:05:59.979479,,,
U001163,organico,complete_kyc,2024-03-08 02:50:05.526845,,,kyc_approved
U001163,organico,first_transaction,2024-03-09 21:11:47.076006,16.19,False,
U001164,organico,signup,2024-02-02 05:46:23.533855,,,
U001164,organico,login,2024-02-03 19:06:07.111315,,,
U001164,organico,view_service,2024-02-03 22:43:09.756108,,,
U001165,pagado,signup,2024-03-18 18:00:53.563138,,,
U001165,pagado,login,2024-03-20 09:59:35.029744,,,
U001165,pagado,view_service,2024-03-21 04:03:41.167684,,,
U001165,pagado,start_application,2024-03-23 04:10:12.864645,,,
U001165,pagado,complete_kyc,2024-03-25 05:44:51.205681,,,kyc_approved
U001166,organico,signup,2024-02-06 01:10:27.344716,,,
U001166,organico,login,2024-02-07 06:35:01.632867,,,
U001167,pagado,signup,2024-01-05 05:44:11.603537,,,
U001167,pagado,login,2024-01-06 12:53:21.902961,,,
U001167,pagado,view_service,2024-01-07 04:01:28.606537,,,
U001167,pagado,start_application,2024-01-09 09:10:02.730076,,,
U001167,pagado,complete_kyc,2024-01-09 14:51:19.161431,,,kyc_approved
U001167,pagado,first_transaction,2024-01-10 21:06:36.562425,149.33,False,
U001167,pagado,repeat_transaction,2024-01-17 15:47:52.696055,18.7,False,
U001167,pagado,repeat_transaction,2024-01-19 02:39:45.333036,61.83,False,
U001167,pagado,repeat_transaction,2024-01-25 20:21:47.573293,11.23,False,
U001167,pagado,repeat_transaction,2024-02-03 21:50:18.258602,19.08,False,
U001167,pagado,repeat_transaction,2024-02-10 07:11:12.905771,105.79,False,
U001167,pagado,repeat_transaction,2024-02-11 19:45:15.228182,30.49,False,
U001167,pagado,repeat_transaction,2024-02-20 19:00:29.884796,65.89,False,
U001167,pagado,repeat_transaction,2024-02-28 15:48:32.523339,43.2,False,
U001168,organico,signup,2024-02-14 01:22:06.103864,,,
U001168,organico,login,2024-02-15 10:57:50.002434,,,
U001168,organico,view_service,2024-02-16 05:26:02.937077,,,
U001168,organico,start_application,2024-02-17 10:05:54.608703,,,
U001168,organico,complete_kyc,2024-02-19 12:38:19.428502,,,kyc_approved
U001168,organico,first_transaction,2024-02-19 22:05:31.533496,34.01,False,
U001168,organico,repeat_transaction,2024-02-22 02:44:52.359318,95.08,False,
U001168,organico,repeat_transaction,2024-02-26 08:02:59.020102,31.01,False,
U001168,organico,repeat_transaction,2024-02-29 03:48:55.221459,10.52,False,
U001168,organico,repeat_transaction,2024-03-04 18:29:55.665848,20.86,False,
U001168,organico,repeat_transaction,2024-03-14 02:46:00.573619,53.83,False,
U001168,organico,repeat_transaction,2024-03-16 23:01:44.065732,48.27,False,
U001168,organico,repeat_transaction,2024-03-26 03:04:43.310558,12.22,False,
U001168,organico,repeat_transaction,2024-03-27 20:03:18.459687,22.04,False,
U001168,organico,repeat_transaction,2024-04-01 06:05:53.917097,24.36,False,
U001168,organico,repeat_transaction,2024-04-06 01:13:43.014087,28.34,False,
U001168,organico,repeat_transaction,2024-04-15 20:48:36.593683,13.97,False,
U001168,organico,repeat_transaction,2024-04-21 01:50:21.660613,23.57,False,
U001168,organico,repeat_transaction,2024-04-30 20:44:56.045656,21.98,False,
U001168,organico,repeat_transaction,2024-05-03 13:52:21.131182,62.81,False,
U001168,organico,repeat_transaction,2024-05-12 14:24:54.193699,64.48,False,
U001169,organico,signup,2024-02-25 01:20:33.113443,,,
U001169,organico,login,2024-02-25 03:43:53.266775,,,
U001170,organico,signup,2024-01-06 16:30:06.430009,,,
U001170,organico,login,2024-01-06 19:08:08.527112,,,
U001170,organico,view_service,2024-01-07 11:31:14.769463,,,
U001171,organico,signup,2024-02-20 00:05:49.719213,,,
U001171,organico,login,2024-02-21 00:07:50.797576,,,
U001171,organico,view_service,2024-02-21 22:05:56.800620,,,
U001171,organico,start_application,2024-02-24 10:09:38.452995,,,
U001171,organico,complete_kyc,2024-02-26 23:41:28.128436,,,kyc_rejected
U001172,referido,signup,2024-02-24 20:04:50.851307,,,
U001172,referido,login,2024-02-25 21:03:40.410382,,,
U001173,organico,signup,2024-02-20 21:15:33.503006,,,
U001173,organico,login,2024-02-22 02:24:37.343414,,,
U001173,organico,view_service,2024-02-22 12:39:48.831101,,,
U001174,referido,signup,2024-02-20 10:03:24.536668,,,
U001174,referido,login,2024-02-21 18:48:07.870290,,,
U001174,referido,view_service,2024-02-21 19:33:01.783003,,,
U001174,referido,start_application,2024-02-24 01:35:41.987357,,,
U001174,referido,complete_kyc,2024-02-27 21:45:10.014104,,,kyc_approved
U001174,referido,first_transaction,2024-02-29 02:02:50.197018,33.05,False,
U001174,referido,repeat_transaction,2024-03-09 10:18:07.371063,27.81,False,
U001174,referido,repeat_transaction,2024-03-14 17:37:09.976633,40.36,False,
U001174,referido,repeat_transaction,2024-03-23 11:34:28.956187,20.66,False,
U001174,referido,repeat_transaction,2024-04-01 14:02:31.968731,16.4,False,
U001174,referido,repeat_transaction,2024-04-09 20:29:06.131925,18.95,False,
U001174,referido,repeat_transaction,2024-04-10 23:49:29.249031,23.47,False,
U001174,referido,repeat_transaction,2024-04-15 09:03:57.696940,16.21,False,
U001174,referido,repeat_transaction,2024-04-22 07:23:26.534041,40.99,False,
U001174,referido,repeat_transaction,2024-04-25 07:45:17.560468,61.0,False,
U001174,referido,repeat_transaction,2024-05-02 09:18:49.010012,12.05,False,
U001174,referido,repeat_transaction,2024-05-06 22:16:43.232718,37.25,False,
U001175,organico,signup,2024-03-12 11:52:36.459710,,,
U001175,organico,login,2024-03-13 00:39:57.299960,,,
U001175,organico,view_service,2024-03-13 18:15:32.557240,,,
U001176,pagado,signup,2024-01-18 15:51:52.786894,,,
U001176,pagado,login,2024-01-20 14:22:32.754841,,,
U001177,referido,signup,2024-02-21 17:04:45.416605,,,
U001177,referido,login,2024-02-22 23:02:30.892779,,,
U001177,referido,view_service,2024-02-23 17:51:11.272168,,,
U001178,referido,signup,2024-03-14 19:20:43.487328,,,
U001178,referido,login,2024-03-16 11:45:57.252152,,,
U001178,referido,view_service,2024-03-17 05:02:25.722603,,,
U001179,organico,signup,2024-03-29 20:44:33.456258,,,
U001179,organico,login,2024-03-31 13:22:21.067461,,,
U001179,organico,view_service,2024-04-01 02:40:47.361082,,,
U001179,organico,start_application,2024-04-01 08:49:13.577787,,,
U001179,organico,complete_kyc,2024-04-02 18:26:16.325944,,,kyc_approved
U001179,organico,first_transaction,2024-04-04 16:38:17.753668,31.38,False,
U001179,organico,repeat_transaction,2024-04-09 15:58:54.715397,46.48,False,
U001179,organico,repeat_transaction,2024-04-12 06:39:18.005058,36.27,False,
U001179,organico,repeat_transaction,2024-04-16 21:24:43.634763,13.23,False,
U001179,organico,repeat_transaction,2024-04-19 15:44:44.485608,15.12,False,
U001179,organico,repeat_transaction,2024-04-26 13:35:55.194154,37.36,False,
U001179,organico,repeat_transaction,2024-05-03 02:33:52.435285,75.2,False,
U001179,organico,repeat_transaction,2024-05-11 03:05:53.223548,7.77,False,
U001179,organico,repeat_transaction,2024-05-12 16:48:36.119414,46.62,False,
U001179,organico,repeat_transaction,2024-05-22 11:03:18.820337,84.16,False,
U001179,organico,repeat_transaction,2024-05-28 06:00:35.446835,32.88,False,
U001179,organico,repeat_transaction,2024-05-30 14:23:30.968191,53.79,False,
U001180,referido,signup,2024-02-17 05:47:05.371554,,,
U001180,referido,login,2024-02-17 21:13:06.222516,,,
U001180,referido,view_service,2024-02-18 09:05:50.897939,,,
U001181,pagado,signup,2024-02-19 13:46:52.847722,,,
U001181,pagado,login,2024-02-20 22:33:55.337756,,,
U001182,organico,signup,2024-03-05 11:28:33.623602,,,
U001182,organico,login,2024-03-06 23:46:03.622653,,,
U001182,organico,view_service,2024-03-07 17:14:44.933768,,,
U001182,organico,start_application,2024-03-09 02:10:40.453542,,,
U001182,organico,complete_kyc,2024-03-09 06:20:13.424066,,,kyc_approved
U001182,organico,first_transaction,2024-03-11 01:32:09.203241,22.37,False,
U001183,referido,signup,2024-01-26 07:57:28.134319,,,
U001183,referido,login,2024-01-27 02:56:01.048796,,,
U001183,referido,view_service,2024-01-27 22:46:39.156109,,,
U001184,organico,signup,2024-01-25 03:32:56.088216,,,
U001184,organico,login,2024-01-26 20:12:28.471191,,,
U001185,pagado,signup,2024-01-22 22:31:13.342856,,,
U001185,pagado,login,2024-01-24 02:02:51.533399,,,
U001185,pagado,view_service,2024-01-24 11:47:42.102681,,,
U001185,pagado,start_application,2024-01-26 13:06:30.125395,,,
U001185,pagado,complete_kyc,2024-01-30 05:05:09.937882,,,kyc_approved
U001185,pagado,first_transaction,2024-01-31 15:47:24.187769,33.66,False,
U001185,pagado,repeat_transaction,2024-02-05 03:49:50.099194,11.77,False,
U001185,pagado,repeat_transaction,2024-02-07 16:57:06.249103,7.09,False,
U001185,pagado,repeat_transaction,2024-02-10 16:49:42.942919,70.81,False,
U001185,pagado,repeat_transaction,2024-02-14 18:59:12.498052,18.37,False,
U001185,pagado,repeat_transaction,2024-02-21 23:15:26.278968,26.61,False,
U001185,pagado,repeat_transaction,2024-03-01 17:06:52.355011,13.87,False,
U001186,organico,signup,2024-03-06 07:47:26.072186,,,
U001186,organico,login,2024-03-07 08:44:51.221766,,,
U001187,referido,signup,2024-02-21 07:08:04.444587,,,
U001187,referido,login,2024-02-22 15:48:41.417240,,,
U001188,organico,signup,2024-01-20 02:27:34.819463,,,
U001188,organico,login,2024-01-21 03:05:57.590029,,,
U001188,organico,view_service,2024-01-22 01:20:04.781607,,,
U001188,organico,start_application,2024-01-23 12:02:03.078953,,,
U001188,organico,complete_kyc,2024-01-25 10:46:47.914863,,,kyc_approved
U001188,organico,first_transaction,2024-01-26 20:38:03.988566,13.64,False,
U001188,organico,repeat_transaction,2024-01-28 15:12:45.498127,32.41,False,
U001189,organico,signup,2024-01-10 05:34:30.972028,,,
U001189,organico,login,2024-01-10 15:21:55.099323,,,
U001189,organico,view_service,2024-01-10 19:34:15.102218,,,
U001190,organico,signup,2024-02-09 11:33:10.906123,,,
U001190,organico,login,2024-02-11 01:54:56.622182,,,
U001190,organico,view_service,2024-02-11 09:33:55.972879,,,
U001190,organico,start_application,2024-02-13 06:17:56.286522,,,
U001190,organico,complete_kyc,2024-02-17 01:47:05.067618,,,kyc_approved
U001191,pagado,signup,2024-01-28 06:47:18.386746,,,
U001191,pagado,login,2024-01-28 15:22:56.267142,,,
U001191,pagado,view_service,2024-01-29 04:06:24.935853,,,
U001192,pagado,signup,2024-03-17 21:35:47.773714,,,
U001192,pagado,login,2024-03-18 08:57:12.887306,,,
U001192,pagado,view_service,2024-03-18 22:21:46.818404,,,
U001193,organico,signup,2024-03-24 22:28:09.063582,,,
U001194,referido,signup,2024-02-23 22:28:38.250371,,,
U001194,referido,login,2024-02-24 11:58:01.797286,,,
U001195,organico,signup,2024-03-06 01:25:28.440980,,,
U001195,organico,login,2024-03-06 14:55:05.036414,,,
U001195,organico,view_service,2024-03-07 08:31:14.622654,,,
U001196,organico,signup,2024-03-20 19:10:37.023100,,,
U001196,organico,login,2024-03-21 19:19:27.276907,,,
U001196,organico,view_service,2024-03-22 10:05:19.338394,,,
U001196,organico,start_application,2024-03-22 16:09:17.331473,,,
U001196,organico,complete_kyc,2024-03-25 10:51:12.696758,,,kyc_rejected
U001197,organico,signup,2024-03-25 22:30:40.154261,,,
U001197,organico,login,2024-03-26 13:18:31.863189,,,
U001197,organico,view_service,2024-03-27 03:24:05.350256,,,
U001198,organico,signup,2024-01-23 22:05:36.649211,,,
U001199,organico,signup,2024-01-31 15:43:51.700380,,,
U001199,organico,login,2024-02-01 14:50:54.153794,,,
U001199,organico,view_service,2024-02-02 06:04:07.440777,,,
U001200,pagado,signup,2024-03-03 15:55:22.417762,,,
U001200,pagado,login,2024-03-04 21:34:22.131231,,,
U001200,pagado,view_service,2024-03-05 12:28:15.277938,,,
U001201,organico,signup,2024-03-29 08:51:16.030375,,,
U001201,organico,login,2024-03-31 04:00:36.960506,,,
U001202,pagado,signup,2024-03-06 06:01:11.617210,,,
U001202,pagado,login,2024-03-06 09:27:12.271621,,,
U001202,pagado,view_service,2024-03-07 04:59:18.039468,,,
U001203,pagado,signup,2024-01-11 15:52:10.598525,,,
U001203,pagado,login,2024-01-12 21:01:29.122283,,,
U001204,pagado,signup,2024-02-28 01:06:26.885818,,,
U001204,pagado,login,2024-02-29 19:37:19.424851,,,
U001204,pagado,view_service,2024-03-01 05:37:12.453823,,,
U001205,organico,signup,2024-02-21 02:12:41.462002,,,
U001205,organico,login,2024-02-21 21:39:51.594624,,,
U001205,organico,view_service,2024-02-22 13:38:41.457600,,,
U001205,organico,start_application,2024-02-23 02:44:04.838406,,,
U001205,organico,complete_kyc,2024-02-24 12:40:04.991678,,,kyc_approved
U001205,organico,first_transaction,2024-02-26 11:23:20.158507,21.96,False,
U001205,organico,repeat_transaction,2024-03-01 21:14:00.266511,47.68,False,
U001205,organico,repeat_transaction,2024-03-11 08:44:06.562167,50.24,False,
U001205,organico,repeat_transaction,2024-03-17 22:21:18.876418,45.81,False,
U001206,pagado,signup,2024-02-21 13:43:00.634060,,,
U001206,pagado,login,2024-02-21 22:31:04.792294,,,
U001206,pagado,view_service,2024-02-22 01:27:51.356850,,,
U001207,organico,signup,2024-03-04 01:43:21.537265,,,
U001207,organico,login,2024-03-05 22:10:05.623302,,,
U001207,organico,view_service,2024-03-06 21:22:07.618939,,,
U001208,referido,signup,2024-01-31 11:55:04.389785,,,
U001208,referido,login,2024-02-01 17:28:02.088537,,,
U001208,referido,view_service,2024-02-02 14:37:50.080524,,,
U001209,pagado,signup,2024-03-14 14:29:03.582810,,,
U001209,pagado,login,2024-03-15 01:54:06.337440,,,
U001209,pagado,view_service,2024-03-15 07:36:53.463786,,,
U001209,pagado,start_application,2024-03-17 06:41:18.726395,,,
U001209,pagado,complete_kyc,2024-03-20 02:16:27.998400,,,kyc_approved
U001209,pagado,first_transaction,2024-03-21 21:13:19.311765,43.25,False,
U001209,pagado,repeat_transaction,2024-03-25 06:50:46.089527,110.44,False,
U001209,pagado,repeat_transaction,2024-04-01 19:23:59.732015,17.33,False,
U001209,pagado,repeat_transaction,2024-04-09 12:01:49.755419,35.22,False,
U001209,pagado,repeat_transaction,2024-04-11 22:55:40.124663,80.87,False,
U001209,pagado,repeat_transaction,2024-04-15 04:18:32.536650,88.69,False,
U001210,organico,signup,2024-03-20 11:11:53.766715,,,
U001210,organico,login,2024-03-21 21:34:13.015870,,,
U001210,organico,view_service,2024-03-22 19:00:50.919437,,,
U001211,pagado,signup,2024-02-23 09:45:31.034024,,,
U001211,pagado,login,2024-02-23 17:37:21.759780,,,
U001211,pagado,view_service,2024-02-24 09:38:26.403333,,,
U001212,pagado,signup,2024-03-24 16:17:00.497428,,,
U001212,pagado,login,2024-03-26 07:32:30.239423,,,
U001212,pagado,view_service,2024-03-27 06:22:25.804675,,,
U001213,pagado,signup,2024-03-29 14:56:14.184392,,,
U001213,pagado,login,2024-03-31 01:49:04.475087,,,
U001213,pagado,view_service,2024-03-31 06:22:51.811400,,,
U001213,pagado,start_application,2024-03-31 09:40:41.290118,,,
U001213,pagado,complete_kyc,2024-04-03 10:51:11.977260,,,kyc_approved
U001213,pagado,first_transaction,2024-04-04 19:48:48.325760,13.53,False,
U001213,pagado,repeat_transaction,2024-04-10 22:42:01.535254,29.41,False,
U001213,pagado,repeat_transaction,2024-04-13 20:11:13.001587,94.7,False,
U001213,pagado,repeat_transaction,2024-04-21 04:27:24.372534,52.23,False,
U001213,pagado,repeat_transaction,2024-04-26 19:33:10.922232,41.96,False,
U001213,pagado,repeat_transaction,2024-05-03 13:14:14.260726,31.43,False,
U001213,pagado,repeat_transaction,2024-05-05 02:23:15.333860,27.98,False,
U001213,pagado,repeat_transaction,2024-05-12 20:31:07.213248,44.78,False,
U001213,pagado,repeat_transaction,2024-05-20 18:31:46.224603,30.67,False,
U001213,pagado,repeat_transaction,2024-05-24 06:36:20.259119,35.52,False,
U001213,pagado,repeat_transaction,2024-06-02 13:52:30.987570,38.67,False,
U001213,pagado,repeat_transaction,2024-06-10 21:50:40.500613,22.77,False,
U001213,pagado,repeat_transaction,2024-06-17 01:47:48.063039,53.12,False,
U001213,pagado,repeat_transaction,2024-06-18 16:08:27.262565,281.45,False,
U001213,pagado,repeat_transaction,2024-06-21 03:20:59.754751,10.55,False,
U001214,pagado,signup,2024-03-23 17:40:04.980394,,,
U001214,pagado,login,2024-03-24 21:24:55.355145,,,
U001215,pagado,signup,2024-02-24 04:01:03.675706,,,
U001215,pagado,login,2024-02-25 03:00:44.605154,,,
U001215,pagado,view_service,2024-02-25 20:39:49.590538,,,
U001215,pagado,start_application,2024-02-27 16:46:20.423770,,,
U001215,pagado,complete_kyc,2024-02-28 12:01:19.577816,,,kyc_approved
U001215,pagado,first_transaction,2024-02-29 10:38:23.037434,45.92,False,
U001215,pagado,repeat_transaction,2024-03-06 22:07:05.984461,21.5,False,
U001215,pagado,repeat_transaction,2024-03-11 12:02:50.431162,54.83,False,
U001216,pagado,signup,2024-01-12 13:23:11.159100,,,
U001216,pagado,login,2024-01-14 11:28:33.216951,,,
U001216,pagado,view_service,2024-01-15 05:33:07.549627,,,
U001216,pagado,start_application,2024-01-15 13:55:57.095358,,,
U001216,pagado,complete_kyc,2024-01-18 16:05:56.475618,,,kyc_approved
U001216,pagado,first_transaction,2024-01-19 10:31:28.925448,37.81,False,
U001217,organico,signup,2024-02-26 14:34:59.574678,,,
U001217,organico,login,2024-02-28 02:15:10.012663,,,
U001217,organico,view_service,2024-02-28 12:47:03.072300,,,
U001217,organico,start_application,2024-03-02 07:25:35.088279,,,
U001217,organico,complete_kyc,2024-03-05 07:14:35.677283,,,kyc_approved
U001217,organico,first_transaction,2024-03-05 16:33:40.819551,62.38,False,
U001217,organico,repeat_transaction,2024-03-12 15:11:39.040645,83.33,False,
U001218,referido,signup,2024-03-15 18:57:34.145756,,,
U001218,referido,login,2024-03-16 08:34:09.983092,,,
U001218,referido,view_service,2024-03-16 15:25:55.299539,,,
U001219,pagado,signup,2024-02-27 10:07:37.913475,,,
U001219,pagado,login,2024-02-28 18:04:37.319069,,,
U001220,organico,signup,2024-02-24 22:14:29.895064,,,
U001221,pagado,signup,2024-03-01 18:27:59.370359,,,
U001221,pagado,login,2024-03-02 23:07:28.572329,,,
U001221,pagado,view_service,2024-03-03 15:48:33.585908,,,
U001222,organico,signup,2024-01-11 17:08:10.541300,,,
U001222,organico,login,2024-01-12 13:32:21.325534,,,
U001222,organico,view_service,2024-01-12 21:24:44.135028,,,
U001222,organico,start_application,2024-01-13 19:34:53.819793,,,
U001222,organico,complete_kyc,2024-01-17 12:19:31.911428,,,kyc_approved
U001222,organico,first_transaction,2024-01-19 09:31:26.354475,41.88,False,
U001223,organico,signup,2024-04-01 00:56:25.603150,,,
U001223,organico,login,2024-04-01 08:47:52.927217,,,
U001223,organico,view_service,2024-04-01 20:41:59.505500,,,
U001223,organico,start_application,2024-04-03 15:52:21.957561,,,
U001223,organico,complete_kyc,2024-04-03 22:14:52.038720,,,kyc_approved
U001224,organico,signup,2024-03-19 14:22:47.983194,,,
U001224,organico,login,2024-03-20 03:57:32.389611,,,
U001224,organico,view_service,2024-03-21 01:35:26.956044,,,
U001224,organico,start_application,2024-03-21 20:27:40.206414,,,
U001224,organico,complete_kyc,2024-03-25 07:28:42.374819,,,kyc_approved
U001224,organico,first_transaction,2024-03-26 14:19:55.921910,80.84,False,
U001225,organico,signup,2024-01-24 14:20:20.912551,,,
U001225,organico,login,2024-01-25 09:51:52.230849,,,
U001225,organico,view_service,2024-01-26 07:48:35.120043,,,
U001226,organico,signup,2024-03-22 16:22:12.342549,,,
U001226,organico,login,2024-03-24 00:54:06.029560,,,
U001227,organico,signup,2024-02-09 10:30:25.244433,,,
U001227,organico,login,2024-02-09 15:42:17.175846,,,
U001228,organico,signup,2024-03-12 00:30:47.035292,,,
U001228,organico,login,2024-03-12 01:53:21.770325,,,
U001229,pagado,signup,2024-02-20 22:42:38.486096,,,
U001229,pagado,login,2024-02-21 03:07:14.755911,,,
U001229,pagado,view_service,2024-02-21 15:32:08.410079,,,
U001230,pagado,signup,2024-03-15 18:43:50.838130,,,
U001230,pagado,login,2024-03-15 20:17:27.163311,,,
U001230,pagado,view_service,2024-03-16 19:40:22.787990,,,
U001231,organico,signup,2024-01-19 15:16:04.942607,,,
U001231,organico,login,2024-01-20 13:29:42.939284,,,
U001231,organico,view_service,2024-01-20 15:27:15.326624,,,
U001231,organico,start_application,2024-01-23 06:07:25.445471,,,
U001231,organico,complete_kyc,2024-01-24 17:06:38.890909,,,kyc_approved
U001231,organico,first_transaction,2024-01-25 07:35:31.684926,7.09,False,
U001231,organico,repeat_transaction,2024-01-28 02:02:51.755031,111.42,False,
U001231,organico,repeat_transaction,2024-02-02 00:01:42.477629,47.59,False,
U001231,organico,repeat_transaction,2024-02-10 17:39:35.446406,77.83,False,
U001231,organico,repeat_transaction,2024-02-15 18:10:22.546318,15.58,False,
U001231,organico,repeat_transaction,2024-02-22 02:56:36.785540,20.46,False,
U001231,organico,repeat_transaction,2024-02-24 23:07:44.117052,40.53,False,
U001231,organico,repeat_transaction,2024-02-28 23:13:17.997866,36.16,False,
U001231,organico,repeat_transaction,2024-03-08 04:48:38.901547,44.62,False,
U001231,organico,repeat_transaction,2024-03-14 15:54:53.090276,78.19,False,
U001231,organico,repeat_transaction,2024-03-22 22:50:44.929042,10.64,False,
U001231,organico,repeat_transaction,2024-04-01 05:59:28.219194,72.36,False,
U001231,organico,repeat_transaction,2024-04-10 06:09:09.565173,36.81,False,
U001232,organico,signup,2024-02-02 20:31:21.577255,,,
U001232,organico,login,2024-02-04 13:31:02.161982,,,
U001232,organico,view_service,2024-02-04 14:56:46.786156,,,
U001232,organico,start_application,2024-02-05 20:52:14.659263,,,
U001232,organico,complete_kyc,2024-02-06 06:56:12.133162,,,kyc_rejected
U001233,pagado,signup,2024-01-04 07:29:00.862283,,,
U001233,pagado,login,2024-01-05 06:50:46.983045,,,
U001233,pagado,view_service,2024-01-06 04:47:05.975677,,,
U001233,pagado,start_application,2024-01-08 10:44:23.002938,,,
U001233,pagado,complete_kyc,2024-01-09 12:19:37.266087,,,kyc_approved
U001233,pagado,first_transaction,2024-01-10 14:52:10.118008,31.73,False,
U001233,pagado,repeat_transaction,2024-01-19 08:10:48.956245,13.07,False,
U001233,pagado,repeat_transaction,2024-01-22 18:24:15.902797,52.05,True,
U001233,pagado,repeat_transaction,2024-01-26 00:15:04.213822,6.75,False,
U001233,pagado,repeat_transaction,2024-01-27 14:27:33.827416,57.62,False,
U001233,pagado,repeat_transaction,2024-01-28 23:35:43.916763,12.88,False,
U001233,pagado,repeat_transaction,2024-02-03 11:59:31.615213,37.99,False,
U001233,pagado,repeat_transaction,2024-02-07 04:16:47.818314,33.67,False,
U001233,pagado,repeat_transaction,2024-02-15 13:46:10.807567,82.99,False,
U001233,pagado,repeat_transaction,2024-02-20 03:05:22.971081,32.3,False,
U001233,pagado,repeat_transaction,2024-03-01 00:51:52.052029,22.51,False,
U001233,pagado,repeat_transaction,2024-03-07 20:50:17.780270,25.67,False,
U001233,pagado,repeat_transaction,2024-03-14 04:20:48.400551,89.21,False,
U001234,pagado,signup,2024-02-05 22:57:17.660492,,,
U001234,pagado,login,2024-02-06 17:21:10.434092,,,
U001234,pagado,view_service,2024-02-06 22:34:58.404857,,,
U001234,pagado,start_application,2024-02-07 02:12:48.528899,,,
U001234,pagado,complete_kyc,2024-02-09 00:32:35.356607,,,kyc_approved
U001234,pagado,first_transaction,2024-02-09 08:59:13.615168,53.27,False,
U001234,pagado,repeat_transaction,2024-02-16 13:47:09.956272,27.94,False,
U001234,pagado,repeat_transaction,2024-02-22 21:26:12.167199,31.02,False,
U001234,pagado,repeat_transaction,2024-02-29 00:13:28.634480,12.22,False,
U001234,pagado,repeat_transaction,2024-03-06 12:06:09.334358,48.04,False,
U001234,pagado,repeat_transaction,2024-03-08 02:34:25.109983,10.68,False,
U001234,pagado,repeat_transaction,2024-03-11 11:37:19.937109,61.95,False,
U001234,pagado,repeat_transaction,2024-03-20 02:48:59.239785,40.05,False,
U001234,pagado,repeat_transaction,2024-03-22 08:57:46.216761,194.58,False,
U001234,pagado,repeat_transaction,2024-03-23 19:58:28.883179,16.94,False,
U001234,pagado,repeat_transaction,2024-04-01 23:15:18.739292,34.06,False,
U001234,pagado,repeat_transaction,2024-04-03 22:05:04.206884,128.87,False,
U001234,pagado,repeat_transaction,2024-04-12 11:44:47.144088,84.27,False,
U001235,pagado,signup,2024-02-28 10:25:54.361530,,,
U001235,pagado,login,2024-03-01 05:44:04.271170,,,
U001235,pagado,view_service,2024-03-02 05:05:36.980416,,,
U001235,pagado,start_application,2024-03-03 07:45:06.519179,,,
U001235,pagado,complete_kyc,2024-03-06 03:16:31.202599,,,kyc_approved
U001235,pagado,first_transaction,2024-03-07 03:32:19.727172,22.48,False,
U001235,pagado,repeat_transaction,2024-03-09 11:12:20.469729,42.81,False,
U001235,pagado,repeat_transaction,2024-03-19 06:01:26.858093,36.65,False,
U001235,pagado,repeat_transaction,2024-03-26 19:54:38.812902,44.58,False,
U001235,pagado,repeat_transaction,2024-04-02 11:07:05.833619,22.44,False,
U001235,pagado,repeat_transaction,2024-04-11 19:31:25.735923,34.38,False,
U001235,pagado,repeat_transaction,2024-04-20 03:37:57.686300,11.96,False,
U001235,pagado,repeat_transaction,2024-04-29 21:15:44.868050,40.23,False,
U001235,pagado,repeat_transaction,2024-05-08 22:24:06.474185,50.15,False,
U001235,pagado,repeat_transaction,2024-05-11 04:15:42.398993,31.21,False,
U001235,pagado,repeat_transaction,2024-05-16 05:44:26.548603,11.82,False,
U001235,pagado,repeat_transaction,2024-05-20 10:38:51.697572,73.11,False,
U001235,pagado,repeat_transaction,2024-05-29 18:54:06.439700,47.24,False,
U001236,pagado,signup,2024-02-10 09:38:21.711572,,,
U001236,pagado,login,2024-02-10 22:10:10.008646,,,
U001236,pagado,view_service,2024-02-11 09:34:44.813050,,,
U001237,organico,signup,2024-03-18 16:12:39.279754,,,
U001237,organico,login,2024-03-19 20:50:38.406004,,,
U001237,organico,view_service,2024-03-20 12:24:44.827042,,,
U001237,organico,start_application,2024-03-20 23:51:37.797842,,,
U001237,organico,complete_kyc,2024-03-24 13:27:00.141986,,,kyc_approved
U001237,organico,first_transaction,2024-03-26 03:27:40.071182,22.02,False,
U001237,organico,repeat_transaction,2024-03-31 16:28:24.454459,30.07,False,
U001237,organico,repeat_transaction,2024-04-08 10:56:21.394406,12.8,False,
U001237,organico,repeat_transaction,2024-04-18 10:44:01.228979,17.85,False,
U001237,organico,repeat_transaction,2024-04-23 17:47:41.961251,25.12,False,
U001237,organico,repeat_transaction,2024-04-27 03:29:45.721700,86.48,False,
U001237,organico,repeat_transaction,2024-04-30 05:01:58.379308,23.39,False,
U001237,organico,repeat_transaction,2024-05-09 08:27:09.826907,57.29,False,
U001237,organico,repeat_transaction,2024-05-15 13:56:35.783545,25.11,False,
U001237,organico,repeat_transaction,2024-05-20 10:12:27.354311,43.53,False,
U001237,organico,repeat_transaction,2024-05-26 09:24:24.364215,33.15,False,
U001237,organico,repeat_transaction,2024-05-31 18:42:29.641487,67.43,False,
U001237,organico,repeat_transaction,2024-06-09 01:20:23.631305,25.17,False,
U001237,organico,repeat_transaction,2024-06-12 01:45:07.657856,12.17,False,
U001237,organico,repeat_transaction,2024-06-16 06:13:31.170405,13.91,False,
U001238,pagado,signup,2024-03-15 02:28:25.128069,,,
U001238,pagado,login,2024-03-15 04:44:13.825459,,,
U001238,pagado,view_service,2024-03-15 14:53:06.980573,,,
U001239,pagado,signup,2024-02-05 09:57:45.758733,,,
U001239,pagado,login,2024-02-06 06:37:35.672205,,,
U001239,pagado,view_service,2024-02-06 18:55:54.499456,,,
U001239,pagado,start_application,2024-02-08 02:57:05.593056,,,
U001239,pagado,complete_kyc,2024-02-08 18:03:29.547067,,,kyc_approved
U001239,pagado,first_transaction,2024-02-09 01:48:46.707931,25.22,False,
U001239,pagado,repeat_transaction,2024-02-17 12:07:30.908208,15.27,False,
U001239,pagado,repeat_transaction,2024-02-23 09:19:51.953584,48.77,False,
U001239,pagado,repeat_transaction,2024-02-28 21:52:41.495399,26.42,False,
U001239,pagado,repeat_transaction,2024-03-08 00:22:35.508499,192.91,False,
U001240,pagado,signup,2024-02-19 10:40:58.244946,,,
U001240,pagado,login,2024-02-19 17:22:01.742115,,,
U001240,pagado,view_service,2024-02-20 04:54:06.266931,,,
U001241,pagado,signup,2024-02-11 15:23:40.322527,,,
U001241,pagado,login,2024-02-11 18:31:54.739017,,,
U001241,pagado,view_service,2024-02-11 23:43:04.772980,,,
U001242,pagado,signup,2024-03-10 19:50:30.772630,,,
U001242,pagado,login,2024-03-12 00:40:01.326940,,,
U001243,referido,signup,2024-03-21 07:07:13.710935,,,
U001243,referido,login,2024-03-22 17:41:41.270847,,,
U001244,organico,signup,2024-03-30 08:02:17.678193,,,
U001244,organico,login,2024-03-30 12:39:35.248308,,,
U001244,organico,view_service,2024-03-31 08:35:22.917053,,,
U001244,organico,start_application,2024-03-31 20:35:39.925871,,,
U001244,organico,complete_kyc,2024-04-04 11:39:30.244204,,,kyc_approved
U001244,organico,first_transaction,2024-04-04 18:41:12.752196,10.84,False,
U001244,organico,repeat_transaction,2024-04-11 15:08:54.952067,42.21,False,
U001244,organico,repeat_transaction,2024-04-18 21:42:13.466177,16.62,False,
U001244,organico,repeat_transaction,2024-04-26 23:50:47.405816,25.91,False,
U001244,organico,repeat_transaction,2024-05-05 14:23:38.892464,40.41,False,
U001244,organico,repeat_transaction,2024-05-13 06:18:23.827764,7.19,False,
U001244,organico,repeat_transaction,2024-05-22 15:28:47.802961,43.2,False,
U001245,pagado,signup,2024-03-05 14:41:22.138637,,,
U001245,pagado,login,2024-03-05 16:47:35.459275,,,
U001245,pagado,view_service,2024-03-06 14:34:44.688590,,,
U001245,pagado,start_application,2024-03-07 19:29:23.073908,,,
U001245,pagado,complete_kyc,2024-03-11 03:34:21.219079,,,kyc_approved
U001245,pagado,first_transaction,2024-03-12 00:53:06.439363,138.66,False,
U001246,organico,signup,2024-01-22 17:01:08.215140,,,
U001246,organico,login,2024-01-23 11:09:17.352605,,,
U001246,organico,view_service,2024-01-23 21:18:58.152376,,,
U001247,pagado,signup,2024-03-25 01:28:16.910723,,,
U001247,pagado,login,2024-03-26 03:53:41.677623,,,
U001247,pagado,view_service,2024-03-26 16:04:51.350483,,,
U001248,pagado,signup,2024-03-20 07:59:50.979281,,,
U001249,pagado,signup,2024-01-06 13:28:04.613667,,,
U001249,pagado,login,2024-01-06 22:13:04.073921,,,
U001250,pagado,signup,2024-03-22 01:38:23.912539,,,
U001250,pagado,login,2024-03-22 21:58:36.736270,,,
U001250,pagado,view_service,2024-03-23 03:27:54.645077,,,
U001251,pagado,signup,2024-02-21 08:47:39.591146,,,
U001251,pagado,login,2024-02-23 07:38:17.618867,,,
U001251,pagado,view_service,2024-02-23 10:05:00.335590,,,
U001252,organico,signup,2024-02-25 08:00:08.276981,,,
U001252,organico,login,2024-02-26 15:31:39.952047,,,
U001252,organico,view_service,2024-02-27 10:54:18.936792,,,
U001252,organico,start_application,2024-03-01 08:50:23.693799,,,
U001252,organico,complete_kyc,2024-03-02 09:14:08.556937,,,kyc_approved
U001253,referido,signup,2024-03-20 03:42:00.682875,,,
U001253,referido,login,2024-03-20 19:27:26.919160,,,
U001253,referido,view_service,2024-03-20 23:22:59.839507,,,
U001254,referido,signup,2024-01-31 04:37:08.787688,,,
U001254,referido,login,2024-02-01 06:27:58.384122,,,
U001254,referido,view_service,2024-02-01 17:18:30.951136,,,
U001255,pagado,signup,2024-03-29 00:29:30.597612,,,
U001255,pagado,login,2024-03-29 20:57:23.715521,,,
U001255,pagado,view_service,2024-03-30 15:44:27.633655,,,
U001255,pagado,start_application,2024-03-31 20:55:11.994142,,,
U001255,pagado,complete_kyc,2024-04-02 09:49:49.319967,,,kyc_approved
U001255,pagado,first_transaction,2024-04-03 22:50:01.355993,26.64,False,
U001255,pagado,repeat_transaction,2024-04-08 12:28:32.279277,43.9,False,
U001255,pagado,repeat_transaction,2024-04-14 23:51:19.816068,75.0,False,
U001256,organico,signup,2024-03-05 04:57:30.010634,,,
U001256,organico,login,2024-03-05 13:26:11.130458,,,
U001256,organico,view_service,2024-03-06 12:33:25.043238,,,
U001257,organico,signup,2024-03-22 00:22:47.576221,,,
U001257,organico,login,2024-03-23 13:03:58.784391,,,
U001257,organico,view_service,2024-03-23 22:27:36.958158,,,
U001257,organico,start_application,2024-03-24 11:16:39.934301,,,
U001257,organico,complete_kyc,2024-03-27 07:30:02.600193,,,kyc_approved
U001257,organico,first_transaction,2024-03-29 06:10:45.362130,32.63,False,
U001258,pagado,signup,2024-02-17 22:11:16.801291,,,
U001258,pagado,login,2024-02-19 21:12:09.512894,,,
U001258,pagado,view_service,2024-02-20 08:37:08.259953,,,
U001259,organico,signup,2024-03-06 23:29:17.235546,,,
U001259,organico,login,2024-03-07 07:52:10.241432,,,
U001259,organico,view_service,2024-03-08 06:28:29.527917,,,
U001260,pagado,signup,2024-01-04 00:39:54.286148,,,
U001261,organico,signup,2024-01-25 20:16:57.499027,,,
U001261,organico,login,2024-01-27 07:22:15.755741,,,
U001262,organico,signup,2024-02-14 07:30:37.896539,,,
U001262,organico,login,2024-02-15 02:05:37.224475,,,
U001263,organico,signup,2024-02-21 20:14:28.873298,,,
U001263,organico,login,2024-02-22 09:01:18.414481,,,
U001263,organico,view_service,2024-02-22 16:29:26.175876,,,
U001263,organico,start_application,2024-02-24 08:40:27.426517,,,
U001263,organico,complete_kyc,2024-02-27 08:54:42.611826,,,kyc_approved
U001264,organico,signup,2024-03-10 16:01:51.263049,,,
U001264,organico,login,2024-03-11 12:41:28.935449,,,
U001264,organico,view_service,2024-03-11 21:32:28.511393,,,
U001265,organico,signup,2024-01-15 07:18:36.490617,,,
U001265,organico,login,2024-01-17 04:38:59.920509,,,
U001265,organico,view_service,2024-01-17 21:46:28.334084,,,
U001266,pagado,signup,2024-02-27 01:35:34.758104,,,
U001266,pagado,login,2024-02-28 07:25:43.791316,,,
U001267,organico,signup,2024-01-24 03:41:56.676882,,,
U001267,organico,login,2024-01-25 03:14:09.018417,,,
U001267,organico,view_service,2024-01-26 00:03:54.338383,,,
U001268,organico,signup,2024-01-17 08:19:59.105787,,,
U001268,organico,login,2024-01-18 15:48:36.754948,,,
U001268,organico,view_service,2024-01-19 12:08:27.409625,,,
U001269,organico,signup,2024-01-24 06:23:12.785949,,,
U001269,organico,login,2024-01-24 08:04:37.818125,,,
U001269,organico,view_service,2024-01-25 03:06:55.290337,,,
U001269,organico,start_application,2024-01-27 06:55:29.551974,,,
U001269,organico,complete_kyc,2024-01-29 07:27:55.157199,,,kyc_approved
U001269,organico,first_transaction,2024-01-29 18:33:19.317768,24.37,False,
U001270,organico,signup,2024-03-20 01:38:54.421290,,,
U001270,organico,login,2024-03-21 02:24:09.671470,,,
U001270,organico,view_service,2024-03-21 11:56:42.022197,,,
U001271,organico,signup,2024-03-24 07:01:40.385933,,,
U001271,organico,login,2024-03-24 19:17:57.839052,,,
U001272,referido,signup,2024-01-25 23:25:47.660538,,,
U001272,referido,login,2024-01-27 01:09:36.892972,,,
U001272,referido,view_service,2024-01-27 02:47:23.738781,,,
U001273,organico,signup,2024-03-05 23:08:42.725003,,,
U001273,organico,login,2024-03-07 11:26:27.315171,,,
U001274,pagado,signup,2024-01-24 06:41:35.003519,,,
U001274,pagado,login,2024-01-25 06:51:18.379539,,,
U001274,pagado,view_service,2024-01-26 03:50:26.166826,,,
U001275,pagado,signup,2024-02-22 12:52:29.576076,,,
U001275,pagado,login,2024-02-22 20:23:58.388973,,,
U001276,pagado,signup,2024-01-08 11:25:33.801612,,,
U001276,pagado,login,2024-01-08 17:53:21.576403,,,
U001276,pagado,view_service,2024-01-09 00:30:26.622508,,,
U001277,organico,signup,2024-02-04 22:51:12.158694,,,
U001277,organico,login,2024-02-06 03:36:28.761063,,,
U001277,organico,view_service,2024-02-06 12:47:27.767588,,,
U001277,organico,start_application,2024-02-07 08:08:45.020412,,,
U001277,organico,complete_kyc,2024-02-10 23:01:52.254461,,,kyc_approved
U001277,organico,first_transaction,2024-02-12 03:30:24.485274,7.44,False,
U001277,organico,repeat_transaction,2024-02-20 06:39:14.896996,57.32,False,
U001277,organico,repeat_transaction,2024-02-22 07:00:13.446673,33.81,False,
U001277,organico,repeat_transaction,2024-02-28 05:44:24.543243,18.01,False,
U001277,organico,repeat_transaction,2024-03-08 12:26:58.143781,39.99,False,
U001277,organico,repeat_transaction,2024-03-17 10:52:01.941710,24.32,False,
U001277,organico,repeat_transaction,2024-03-20 00:06:22.106392,25.28,False,
U001277,organico,repeat_transaction,2024-03-29 07:43:24.070513,55.95,False,
U001277,organico,repeat_transaction,2024-04-04 08:02:42.920839,14.34,False,
U001277,organico,repeat_transaction,2024-04-06 15:31:03.656418,76.18,False,
U001277,organico,repeat_transaction,2024-04-08 16:47:01.842201,13.76,False,
U001278,organico,signup,2024-01-02 06:04:33.414832,,,
U001278,organico,login,2024-01-03 00:20:57.568528,,,
U001278,organico,view_service,2024-01-03 01:06:46.966420,,,
U001279,pagado,signup,2024-03-21 00:35:39.533779,,,
U001279,pagado,login,2024-03-21 06:31:25.948813,,,
U001279,pagado,view_service,2024-03-22 02:09:39.239725,,,
U001279,pagado,start_application,2024-03-23 05:51:00.262319,,,
U001279,pagado,complete_kyc,2024-03-23 15:13:33.197355,,,kyc_approved
U001279,pagado,first_transaction,2024-03-25 10:19:39.667216,23.01,False,
U001279,pagado,repeat_transaction,2024-04-01 04:49:00.460073,140.62,False,
U001279,pagado,repeat_transaction,2024-04-06 19:02:56.762198,80.57,False,
U001279,pagado,repeat_transaction,2024-04-12 03:17:17.071397,39.19,False,
U001279,pagado,repeat_transaction,2024-04-19 21:31:13.099788,18.95,False,
U001280,pagado,signup,2024-01-19 20:35:48.222879,,,
U001280,pagado,login,2024-01-21 12:33:08.222626,,,
U001281,organico,signup,2024-01-20 15:26:04.839789,,,
U001281,organico,login,2024-01-21 10:53:58.487072,,,
U001281,organico,view_service,2024-01-21 19:48:44.912133,,,
U001282,referido,signup,2024-03-28 07:30:47.106356,,,
U001282,referido,login,2024-03-28 08:32:57.473662,,,
U001282,referido,view_service,2024-03-28 19:02:21.776871,,,
U001283,pagado,signup,2024-02-09 01:54:19.257909,,,
U001283,pagado,login,2024-02-10 21:53:18.417721,,,
U001283,pagado,view_service,2024-02-11 00:00:40.047179,,,
U001283,pagado,start_application,2024-02-13 12:33:32.907979,,,
U001283,pagado,complete_kyc,2024-02-17 11:54:06.718453,,,kyc_approved
U001283,pagado,first_transaction,2024-02-19 02:41:37.345537,25.27,False,
U001283,pagado,repeat_transaction,2024-02-27 11:22:11.304500,38.52,False,
U001283,pagado,repeat_transaction,2024-03-01 21:26:40.388613,37.57,False,
U001283,pagado,repeat_transaction,2024-03-03 06:30:26.669232,34.34,False,
U001283,pagado,repeat_transaction,2024-03-07 13:50:26.903236,35.82,False,
U001283,pagado,repeat_transaction,2024-03-10 07:53:04.673046,31.5,False,
U001283,pagado,repeat_transaction,2024-03-13 03:34:54.780575,13.34,False,
U001283,pagado,repeat_transaction,2024-03-17 13:12:45.875275,25.49,False,
U001283,pagado,repeat_transaction,2024-03-23 15:10:00.170073,69.42,False,
U001283,pagado,repeat_transaction,2024-03-28 03:03:51.110856,14.04,False,
U001283,pagado,repeat_transaction,2024-03-29 06:23:46.860074,32.05,False,
U001284,organico,signup,2024-02-21 21:15:13.869878,,,
U001284,organico,login,2024-02-23 21:00:52.791903,,,
U001284,organico,view_service,2024-02-24 08:41:14.932888,,,
U001285,organico,signup,2024-02-04 23:32:36.628788,,,
U001285,organico,login,2024-02-05 03:21:26.655019,,,
U001285,organico,view_service,2024-02-05 12:26:16.299599,,,
U001286,organico,signup,2024-01-04 02:12:20.204948,,,
U001286,organico,login,2024-01-06 01:38:34.232370,,,
U001286,organico,view_service,2024-01-07 00:45:57.913233,,,
U001287,pagado,signup,2024-03-20 22:06:57.561680,,,
U001287,pagado,login,2024-03-22 15:09:35.924407,,,
U001288,referido,signup,2024-02-23 09:10:12.954267,,,
U001288,referido,login,2024-02-24 02:34:19.474518,,,
U001288,referido,view_service,2024-02-25 01:53:23.534395,,,
U001288,referido,start_application,2024-02-26 12:58:50.064856,,,
U001288,referido,complete_kyc,2024-02-27 17:15:02.748762,,,kyc_approved
U001288,referido,first_transaction,2024-02-28 16:44:21.364048,20.62,False,
U001288,referido,repeat_transaction,2024-03-01 13:35:55.746111,39.57,False,
U001288,referido,repeat_transaction,2024-03-10 01:54:45.092666,27.88,False,
U001289,organico,signup,2024-02-26 08:41:05.658972,,,
U001289,organico,login,2024-02-26 17:15:52.048937,,,
U001289,organico,view_service,2024-02-27 15:53:59.675698,,,
U001289,organico,start_application,2024-02-29 10:15:03.087241,,,
U001289,organico,complete_kyc,2024-03-02 05:39:25.241856,,,kyc_approved
U001290,referido,signup,2024-01-26 12:30:53.659152,,,
U001290,referido,login,2024-01-28 04:03:04.803756,,,
U001290,referido,view_service,2024-01-28 11:08:03.175417,,,
U001291,pagado,signup,2024-01-31 11:39:45.429025,,,
U001291,pagado,login,2024-01-31 18:32:31.886299,,,
U001292,organico,signup,2024-03-17 10:56:13.768703,,,
U001292,organico,login,2024-03-17 14:04:21.176141,,,
U001292,organico,view_service,2024-03-18 12:17:04.057285,,,
U001293,organico,signup,2024-03-28 00:24:18.528353,,,
U001293,organico,login,2024-03-29 17:06:21.831124,,,
U001293,organico,view_service,2024-03-29 21:24:36.686611,,,
U001293,organico,start_application,2024-03-31 13:46:24.500348,,,
U001293,organico,complete_kyc,2024-04-01 21:36:24.715101,,,kyc_approved
U001293,organico,first_transaction,2024-04-01 21:56:56.721065,102.94,False,
U001293,organico,repeat_transaction,2024-04-10 06:23:01.462356,52.18,False,
U001293,organico,repeat_transaction,2024-04-17 11:10:29.126989,14.61,False,
U001293,organico,repeat_transaction,2024-04-20 15:05:41.208681,58.55,False,
U001293,organico,repeat_transaction,2024-04-25 09:44:48.495826,21.28,False,
U001293,organico,repeat_transaction,2024-05-04 19:28:56.094826,24.44,False,
U001293,organico,repeat_transaction,2024-05-12 23:10:04.691826,45.59,False,
U001293,organico,repeat_transaction,2024-05-18 07:09:56.016227,25.94,False,
U001293,organico,repeat_transaction,2024-05-22 11:04:29.750061,68.37,False,
U001293,organico,repeat_transaction,2024-05-29 17:50:46.175494,21.28,False,
U001293,organico,repeat_transaction,2024-05-31 13:36:10.776744,23.73,False,
U001293,organico,repeat_transaction,2024-06-10 08:08:36.601158,23.12,False,
U001293,organico,repeat_transaction,2024-06-18 22:24:46.978358,24.63,False,
U001293,organico,repeat_transaction,2024-06-20 22:00:06.576542,79.0,False,
U001293,organico,repeat_transaction,2024-06-22 16:36:55.205615,56.84,False,
U001293,organico,repeat_transaction,2024-06-24 10:05:00.361189,121.14,False,
U001294,pagado,signup,2024-01-23 06:49:05.334637,,,
U001294,pagado,login,2024-01-24 10:11:51.962625,,,
U001294,pagado,view_service,2024-01-24 11:02:02.396567,,,
U001294,pagado,start_application,2024-01-25 18:03:52.250042,,,
U001294,pagado,complete_kyc,2024-01-27 00:32:34.543094,,,kyc_approved
U001295,organico,signup,2024-03-06 01:08:21.393711,,,
U001295,organico,login,2024-03-07 14:51:02.589983,,,
U001295,organico,view_service,2024-03-07 22:44:16.257522,,,
U001295,organico,start_application,2024-03-10 09:07:45.136356,,,
U001295,organico,complete_kyc,2024-03-10 23:04:49.107153,,,kyc_approved
U001295,organico,first_transaction,2024-03-12 03:35:22.939781,178.99,False,
U001296,organico,signup,2024-03-11 08:27:46.305552,,,
U001297,pagado,signup,2024-03-15 05:46:23.534835,,,
U001297,pagado,login,2024-03-16 16:37:03.381893,,,
U001297,pagado,view_service,2024-03-16 22:50:32.357436,,,
U001297,pagado,start_application,2024-03-18 00:14:10.977459,,,
U001297,pagado,complete_kyc,2024-03-20 06:21:27.918639,,,kyc_approved
U001297,pagado,first_transaction,2024-03-20 15:13:54.768197,17.79,False,
U001297,pagado,repeat_transaction,2024-03-28 16:30:17.770410,38.45,False,
U001297,pagado,repeat_transaction,2024-04-02 15:04:50.237766,16.07,False,
U001297,pagado,repeat_transaction,2024-04-11 13:26:36.076642,21.24,False,
U001297,pagado,repeat_transaction,2024-04-20 09:39:23.367334,23.55,False,
U001297,pagado,repeat_transaction,2024-04-26 04:07:24.463857,17.46,False,
U001297,pagado,repeat_transaction,2024-04-29 15:05:35.869890,17.53,False,
U001297,pagado,repeat_transaction,2024-04-30 23:29:58.345669,33.08,False,
U001297,pagado,repeat_transaction,2024-05-03 17:21:03.118345,15.62,False,
U001297,pagado,repeat_transaction,2024-05-13 15:07:54.395768,65.99,False,
U001297,pagado,repeat_transaction,2024-05-22 15:35:12.691414,19.25,False,
U001297,pagado,repeat_transaction,2024-05-28 04:19:00.841959,261.57,False,
U001297,pagado,repeat_transaction,2024-06-06 21:20:03.370640,26.68,False,
U001297,pagado,repeat_transaction,2024-06-09 22:33:00.701276,38.49,False,
U001298,pagado,signup,2024-03-18 21:19:48.972655,,,
U001298,pagado,login,2024-03-19 13:25:42.638756,,,
U001298,pagado,view_service,2024-03-20 00:07:13.073179,,,
U001298,pagado,start_application,2024-03-20 03:49:26.380570,,,
U001298,pagado,complete_kyc,2024-03-21 14:42:50.852289,,,kyc_approved
U001298,pagado,first_transaction,2024-03-22 08:15:37.307630,14.78,False,
U001298,pagado,repeat_transaction,2024-03-29 21:45:52.756138,120.82,True,
U001298,pagado,repeat_transaction,2024-03-31 05:06:42.278572,80.13,False,
U001298,pagado,repeat_transaction,2024-04-09 08:00:41.133649,45.05,False,
U001299,organico,signup,2024-02-27 21:56:47.499822,,,
U001300,organico,signup,2024-01-23 23:20:18.132772,,,
U001300,organico,login,2024-01-24 23:44:53.223729,,,
U001300,organico,view_service,2024-01-25 14:11:33.773326,,,
U001301,organico,signup,2024-03-15 04:39:10.994709,,,
U001301,organico,login,2024-03-16 13:38:52.029406,,,
U001301,organico,view_service,2024-03-17 04:52:42.223176,,,
U001302,pagado,signup,2024-03-25 01:25:04.505234,,,
U001302,pagado,login,2024-03-26 22:34:03.768796,,,
U001302,pagado,view_service,2024-03-27 22:31:29.511912,,,
U001303,pagado,signup,2024-01-19 07:16:01.617879,,,
U001303,pagado,login,2024-01-20 00:29:02.085432,,,
U001304,organico,signup,2024-03-20 03:40:52.876112,,,
U001304,organico,login,2024-03-20 19:05:08.756327,,,
U001304,organico,view_service,2024-03-21 15:48:01.412555,,,
U001305,referido,signup,2024-02-02 00:26:51.146626,,,
U001305,referido,login,2024-02-02 05:19:56.706161,,,
U001305,referido,view_service,2024-02-02 09:57:47.387589,,,
U001305,referido,start_application,2024-02-04 04:50:26.951821,,,
U001305,referido,complete_kyc,2024-02-04 10:04:11.062134,,,kyc_approved
U001305,referido,first_transaction,2024-02-05 18:27:27.935055,14.26,False,
U001306,pagado,signup,2024-01-28 14:00:26.908642,,,
U001306,pagado,login,2024-01-30 00:39:39.557741,,,
U001306,pagado,view_service,2024-01-30 22:12:01.523045,,,
U001306,pagado,start_application,2024-01-31 18:14:52.578558,,,
U001306,pagado,complete_kyc,2024-02-01 06:47:10.805584,,,kyc_approved
U001306,pagado,first_transaction,2024-02-01 09:04:15.299258,42.41,False,
U001307,organico,signup,2024-01-08 18:44:09.930330,,,
U001307,organico,login,2024-01-09 05:26:24.936969,,,
U001307,organico,view_service,2024-01-10 02:34:41.657961,,,
U001308,organico,signup,2024-02-20 10:27:51.303590,,,
U001308,organico,login,2024-02-21 19:25:29.400264,,,
U001308,organico,view_service,2024-02-21 20:34:10.051384,,,
U001308,organico,start_application,2024-02-21 23:03:38.465054,,,
U001308,organico,complete_kyc,2024-02-23 14:28:56.588276,,,kyc_approved
U001309,organico,signup,2024-01-04 07:13:38.112735,,,
U001309,organico,login,2024-01-05 09:33:08.672242,,,
U001309,organico,view_service,2024-01-05 18:52:03.516261,,,
U001310,organico,signup,2024-03-12 22:36:19.362952,,,
U001310,organico,login,2024-03-14 07:57:59.663037,,,
U001310,organico,view_service,2024-03-15 05:19:35.067208,,,
U001310,organico,start_application,2024-03-15 19:21:50.015171,,,
U001310,organico,complete_kyc,2024-03-19 04:52:28.008007,,,kyc_approved
U001310,organico,first_transaction,2024-03-21 04:13:48.768143,16.69,False,
U001310,organico,repeat_transaction,2024-03-26 14:14:16.584234,101.87,False,
U001310,organico,repeat_transaction,2024-04-04 05:25:12.897789,64.49,False,
U001310,organico,repeat_transaction,2024-04-08 04:17:17.029539,39.13,False,
U001310,organico,repeat_transaction,2024-04-14 20:59:26.931438,6.65,False,
U001310,organico,repeat_transaction,2024-04-16 12:43:57.280866,18.39,False,
U001310,organico,repeat_transaction,2024-04-20 22:42:03.216699,59.23,False,
U001310,organico,repeat_transaction,2024-04-30 00:51:04.269876,85.54,False,
U001311,organico,signup,2024-02-19 12:50:47.534795,,,
U001311,organico,login,2024-02-21 10:18:32.517718,,,
U001311,organico,view_service,2024-02-21 13:56:18.237253,,,
U001312,organico,signup,2024-03-19 02:39:31.040961,,,
U001312,organico,login,2024-03-19 04:39:59.984657,,,
U001313,organico,signup,2024-03-03 06:21:52.420591,,,
U001313,organico,login,2024-03-04 08:22:44.851188,,,
U001314,pagado,signup,2024-01-24 00:27:45.926118,,,
U001314,pagado,login,2024-01-24 19:22:02.779496,,,
U001314,pagado,view_service,2024-01-24 22:40:35.690364,,,
U001315,organico,signup,2024-03-04 00:11:42.722292,,,
U001315,organico,login,2024-03-05 12:25:23.366456,,,
U001316,pagado,signup,2024-03-19 13:13:31.981005,,,
U001316,pagado,login,2024-03-20 09:36:39.929795,,,
U001316,pagado,view_service,2024-03-20 10:46:22.797496,,,
U001317,organico,signup,2024-03-21 18:26:34.214446,,,
U001317,organico,login,2024-03-21 22:15:59.300584,,,
U001317,organico,view_service,2024-03-22 09:24:50.828968,,,
U001317,organico,start_application,2024-03-24 04:21:17.468445,,,
U001317,organico,complete_kyc,2024-03-24 04:57:34.745273,,,kyc_approved
U001317,organico,first_transaction,2024-03-24 21:32:57.603248,79.55,False,
U001318,pagado,signup,2024-01-18 17:10:08.675225,,,
U001318,pagado,login,2024-01-20 07:21:43.601576,,,
U001318,pagado,view_service,2024-01-20 11:30:20.047105,,,
U001318,pagado,start_application,2024-01-23 05:03:44.299564,,,
U001318,pagado,complete_kyc,2024-01-26 08:35:39.827373,,,kyc_approved
U001319,pagado,signup,2024-03-04 08:11:14.000526,,,
U001319,pagado,login,2024-03-05 08:23:14.236153,,,
U001319,pagado,view_service,2024-03-05 17:19:58.791111,,,
U001320,organico,signup,2024-03-04 14:16:05.640341,,,
U001320,organico,login,2024-03-05 17:00:04.516817,,,
U001320,organico,view_service,2024-03-05 18:15:25.170363,,,
U001321,organico,signup,2024-01-23 19:19:08.907400,,,
U001321,organico,login,2024-01-24 05:45:46.847084,,,
U001321,organico,view_service,2024-01-24 14:48:17.086547,,,
U001322,pagado,signup,2024-01-27 19:28:27.759734,,,
U001322,pagado,login,2024-01-28 00:10:17.599507,,,
U001322,pagado,view_service,2024-01-28 04:14:53.023009,,,
U001323,organico,signup,2024-02-19 22:10:49.501246,,,
U001323,organico,login,2024-02-21 06:00:48.476844,,,
U001323,organico,view_service,2024-02-21 12:05:52.642351,,,
U001323,organico,start_application,2024-02-22 23:13:58.823465,,,
U001323,organico,complete_kyc,2024-02-24 02:21:16.897734,,,kyc_approved
U001323,organico,first_transaction,2024-02-25 14:20:47.237175,12.01,False,
U001323,organico,repeat_transaction,2024-03-06 08:43:01.491909,45.2,False,
U001323,organico,repeat_transaction,2024-03-12 13:24:30.008583,74.5,False,
U001323,organico,repeat_transaction,2024-03-19 20:50:45.976383,11.46,False,
U001323,organico,repeat_transaction,2024-03-27 11:45:41.296737,36.4,False,
U001323,organico,repeat_transaction,2024-03-29 15:19:08.027884,44.33,False,
U001323,organico,repeat_transaction,2024-04-08 10:42:46.119809,29.65,False,
U001323,organico,repeat_transaction,2024-04-15 21:01:18.987596,10.01,False,
U001324,referido,signup,2024-01-14 04:35:46.657076,,,
U001324,referido,login,2024-01-15 14:00:30.503384,,,
U001324,referido,view_service,2024-01-15 22:59:24.589277,,,
U001324,referido,start_application,2024-01-18 15:41:35.214651,,,
U001324,referido,complete_kyc,2024-01-21 16:42:23.948779,,,kyc_approved
U001324,referido,first_transaction,2024-01-23 11:15:43.707911,29.14,False,
U001324,referido,repeat_transaction,2024-01-30 14:36:48.378169,29.1,False,
U001325,organico,signup,2024-03-13 14:31:16.889796,,,
U001325,organico,login,2024-03-14 07:40:01.202818,,,
U001326,organico,signup,2024-02-19 11:40:10.763208,,,
U001326,organico,login,2024-02-19 19:31:28.648667,,,
U001326,organico,view_service,2024-02-20 05:31:51.214315,,,
U001327,pagado,signup,2024-03-09 06:37:56.491188,,,
U001327,pagado,login,2024-03-10 23:57:18.459548,,,
U001327,pagado,view_service,2024-03-11 17:56:43.635613,,,
U001328,organico,signup,2024-03-12 22:16:11.266856,,,
U001328,organico,login,2024-03-14 13:42:15.194537,,,
U001328,organico,view_service,2024-03-14 23:01:30.902501,,,
U001328,organico,start_application,2024-03-16 15:55:39.778087,,,
U001328,organico,complete_kyc,2024-03-19 20:58:01.189670,,,kyc_approved
U001328,organico,first_transaction,2024-03-20 20:23:13.237684,32.99,False,
U001328,organico,repeat_transaction,2024-03-29 19:30:12.238204,24.67,False,
U001328,organico,repeat_transaction,2024-04-03 13:43:23.353332,26.84,False,
U001328,organico,repeat_transaction,2024-04-08 02:39:59.396320,35.6,False,
U001328,organico,repeat_transaction,2024-04-17 00:06:04.668067,49.88,False,
U001328,organico,repeat_transaction,2024-04-20 02:37:00.332683,29.57,False,
U001328,organico,repeat_transaction,2024-04-22 11:39:31.097993,27.47,False,
U001328,organico,repeat_transaction,2024-04-30 17:21:42.913752,39.04,False,
U001328,organico,repeat_transaction,2024-05-02 06:25:04.602392,9.54,False,
U001328,organico,repeat_transaction,2024-05-10 06:38:21.754611,51.11,False,
U001329,organico,signup,2024-01-06 05:18:41.112376,,,
U001329,organico,login,2024-01-06 20:04:36.992431,,,
U001330,pagado,signup,2024-02-22 10:09:54.662598,,,
U001330,pagado,login,2024-02-22 18:16:39.534051,,,
U001330,pagado,view_service,2024-02-23 14:36:05.571159,,,
U001330,pagado,start_application,2024-02-24 21:53:40.685453,,,
U001330,pagado,complete_kyc,2024-02-28 06:02:37.900328,,,kyc_approved
U001331,organico,signup,2024-03-13 09:21:53.825662,,,
U001331,organico,login,2024-03-15 06:31:51.989326,,,
U001331,organico,view_service,2024-03-15 14:15:30.794181,,,
U001332,organico,signup,2024-02-25 03:47:23.612434,,,
U001332,organico,login,2024-02-25 23:24:43.931960,,,
U001332,organico,view_service,2024-02-26 16:48:37.810389,,,
U001333,pagado,signup,2024-03-01 19:00:49.867471,,,
U001333,pagado,login,2024-03-02 21:55:25.504164,,,
U001334,referido,signup,2024-03-07 18:39:18.185657,,,
U001334,referido,login,2024-03-09 16:38:35.005148,,,
U001335,pagado,signup,2024-02-04 01:20:55.298756,,,
U001335,pagado,login,2024-02-05 22:55:23.600822,,,
U001335,pagado,view_service,2024-02-06 15:29:14.388726,,,
U001335,pagado,start_application,2024-02-08 18:22:40.474315,,,
U001335,pagado,complete_kyc,2024-02-10 05:48:57.760282,,,kyc_approved
U001335,pagado,first_transaction,2024-02-10 07:15:24.255884,36.58,False,
U001335,pagado,repeat_transaction,2024-02-15 12:06:29.181153,37.63,False,
U001335,pagado,repeat_transaction,2024-02-24 17:59:37.781708,71.7,False,
U001335,pagado,repeat_transaction,2024-02-28 04:00:12.363640,9.33,False,
U001335,pagado,repeat_transaction,2024-03-04 05:57:58.387908,9.19,False,
U001335,pagado,repeat_transaction,2024-03-13 07:16:03.896018,44.33,False,
U001335,pagado,repeat_transaction,2024-03-16 17:12:36.000891,36.42,False,
U001335,pagado,repeat_transaction,2024-03-25 19:55:52.900153,41.23,False,
U001335,pagado,repeat_transaction,2024-04-04 08:28:51.889407,26.48,False,
U001335,pagado,repeat_transaction,2024-04-07 12:18:20.808281,58.27,False,
U001335,pagado,repeat_transaction,2024-04-12 18:17:54.303928,70.31,False,
U001335,pagado,repeat_transaction,2024-04-17 07:11:32.460670,51.36,False,
U001335,pagado,repeat_transaction,2024-04-23 15:38:10.150222,30.49,False,
U001335,pagado,repeat_transaction,2024-05-03 07:29:15.292164,8.37,False,
U001336,organico,signup,2024-01-09 11:02:53.060132,,,
U001336,organico,login,2024-01-11 06:39:13.195316,,,
U001336,organico,view_service,2024-01-12 04:51:51.960760,,,
U001337,referido,signup,2024-01-29 15:48:57.005700,,,
U001337,referido,login,2024-01-30 20:27:41.683424,,,
U001337,referido,view_service,2024-01-31 19:01:24.291868,,,
U001338,organico,signup,2024-03-18 03:55:07.285583,,,
U001338,organico,login,2024-03-19 01:43:37.150808,,,
U001339,organico,signup,2024-01-26 07:08:12.247023,,,
U001339,organico,login,2024-01-28 07:01:34.988063,,,
U001340,pagado,signup,2024-02-23 18:21:11.926719,,,
U001340,pagado,login,2024-02-25 09:34:02.639893,,,
U001340,pagado,view_service,2024-02-25 17:12:11.521834,,,
U001340,pagado,start_application,2024-02-27 20:57:20.708338,,,
U001340,pagado,complete_kyc,2024-02-28 02:47:17.310571,,,kyc_approved
U001340,pagado,first_transaction,2024-02-29 15:47:11.272388,62.71,False,
U001341,pagado,signup,2024-01-04 03:51:18.897865,,,
U001341,pagado,login,2024-01-06 00:59:17.791563,,,
U001342,referido,signup,2024-01-14 21:47:51.467154,,,
U001342,referido,login,2024-01-15 02:19:21.144427,,,
U001343,organico,signup,2024-01-16 10:34:11.027493,,,
U001343,organico,login,2024-01-18 05:36:02.302677,,,
U001343,organico,view_service,2024-01-19 03:20:44.134394,,,
U001344,organico,signup,2024-03-18 14:57:26.624925,,,
U001344,organico,login,2024-03-19 14:52:27.256471,,,
U001344,organico,view_service,2024-03-19 18:50:32.904082,,,
U001345,pagado,signup,2024-01-04 19:22:38.790337,,,
U001345,pagado,login,2024-01-06 10:46:20.942587,,,
U001345,pagado,view_service,2024-01-06 21:28:23.801942,,,
U001346,pagado,signup,2024-02-07 08:25:57.836727,,,
U001346,pagado,login,2024-02-07 13:52:20.606348,,,
U001347,pagado,signup,2024-01-08 14:05:11.100936,,,
U001347,pagado,login,2024-01-09 21:43:05.817608,,,
U001347,pagado,view_service,2024-01-09 22:22:28.670355,,,
U001347,pagado,start_application,2024-01-12 12:02:42.386223,,,
U001347,pagado,complete_kyc,2024-01-13 05:33:41.151670,,,kyc_approved
U001347,pagado,first_transaction,2024-01-13 20:58:45.499307,86.07,False,
U001348,organico,signup,2024-01-04 16:24:05.934638,,,
U001348,organico,login,2024-01-04 22:24:48.116847,,,
U001349,pagado,signup,2024-02-19 05:53:17.388783,,,
U001350,referido,signup,2024-02-02 17:59:57.674425,,,
U001350,referido,login,2024-02-04 04:37:40.331259,,,
U001350,referido,view_service,2024-02-04 09:08:39.243055,,,
U001351,referido,signup,2024-03-12 21:53:46.369966,,,
U001352,organico,signup,2024-03-23 01:14:43.478922,,,
U001352,organico,login,2024-03-23 09:26:21.693096,,,
U001352,organico,view_service,2024-03-24 03:57:05.054724,,,
U001353,pagado,signup,2024-01-19 15:09:28.725962,,,
U001353,pagado,login,2024-01-20 08:40:26.284656,,,
U001353,pagado,view_service,2024-01-21 01:19:59.228622,,,
U001354,pagado,signup,2024-03-12 14:13:36.611834,,,
U001354,pagado,login,2024-03-13 14:37:31.268779,,,
U001355,organico,signup,2024-01-10 07:06:47.069131,,,
U001355,organico,login,2024-01-10 16:11:28.800621,,,
U001355,organico,view_service,2024-01-11 11:06:42.590256,,,
U001355,organico,start_application,2024-01-12 23:34:09.278287,,,
U001355,organico,complete_kyc,2024-01-13 15:11:45.453168,,,kyc_rejected
U001356,organico,signup,2024-01-11 08:55:16.453213,,,
U001356,organico,login,2024-01-12 15:54:26.827507,,,
U001357,referido,signup,2024-01-22 23:11:25.700248,,,
U001357,referido,login,2024-01-23 08:03:02.390317,,,
U001357,referido,view_service,2024-01-24 04:40:27.969514,,,
U001358,pagado,signup,2024-02-10 20:01:16.058759,,,
U001358,pagado,login,2024-02-12 09:27:07.293638,,,
U001358,pagado,view_service,2024-02-12 17:16:09.461199,,,
U001359,organico,signup,2024-01-21 20:29:18.084027,,,
U001359,organico,login,2024-01-22 03:54:21.098941,,,
U001360,referido,signup,2024-01-29 06:43:51.857938,,,
U001361,referido,signup,2024-02-22 15:56:07.179774,,,
U001361,referido,login,2024-02-24 09:14:25.649568,,,
U001361,referido,view_service,2024-02-25 08:14:34.958335,,,
U001362,organico,signup,2024-01-24 16:46:31.361585,,,
U001362,organico,login,2024-01-26 07:08:05.748237,,,
U001362,organico,view_service,2024-01-26 22:41:55.123126,,,
U001363,organico,signup,2024-03-04 00:32:20.108499,,,
U001363,organico,login,2024-03-04 23:53:51.252605,,,
U001363,organico,view_service,2024-03-05 20:28:02.121793,,,
U001364,pagado,signup,2024-03-01 02:41:22.262800,,,
U001364,pagado,login,2024-03-01 13:18:56.218809,,,
U001364,pagado,view_service,2024-03-01 22:58:35.669753,,,
U001364,pagado,start_application,2024-03-04 07:29:07.318522,,,
U001364,pagado,complete_kyc,2024-03-06 23:23:40.272502,,,kyc_approved
U001364,pagado,first_transaction,2024-03-07 22:10:35.197167,57.47,False,
U001364,pagado,repeat_transaction,2024-03-11 09:58:32.863763,19.77,False,
U001364,pagado,repeat_transaction,2024-03-15 16:04:00.243595,58.65,False,
U001364,pagado,repeat_transaction,2024-03-17 07:46:28.460516,66.84,False,
U001364,pagado,repeat_transaction,2024-03-23 23:02:08.749401,108.98,False,
U001364,pagado,repeat_transaction,2024-03-25 17:42:54.005969,19.82,False,
U001364,pagado,repeat_transaction,2024-03-29 03:31:52.742730,31.23,False,
U001364,pagado,repeat_transaction,2024-04-06 01:04:46.478161,61.75,False,
U001364,pagado,repeat_transaction,2024-04-10 00:20:54.289246,38.1,False,
U001364,pagado,repeat_transaction,2024-04-16 03:22:36.154008,16.74,False,
U001364,pagado,repeat_transaction,2024-04-22 07:50:34.139132,48.92,False,
U001364,pagado,repeat_transaction,2024-05-02 04:33:08.123259,54.88,False,
U001364,pagado,repeat_transaction,2024-05-07 05:56:16.301344,38.92,False,
U001365,pagado,signup,2024-01-08 05:18:36.804421,,,
U001365,pagado,login,2024-01-08 13:29:32.135635,,,
U001366,pagado,signup,2024-01-09 06:25:32.340881,,,
U001366,pagado,login,2024-01-10 14:13:04.230126,,,
U001366,pagado,view_service,2024-01-10 16:01:23.432461,,,
U001366,pagado,start_application,2024-01-11 09:38:30.034365,,,
U001366,pagado,complete_kyc,2024-01-14 06:33:46.397871,,,kyc_rejected
U001367,pagado,signup,2024-02-13 05:09:09.788599,,,
U001367,pagado,login,2024-02-15 02:59:31.204222,,,
U001367,pagado,view_service,2024-02-15 04:49:08.155049,,,
U001368,referido,signup,2024-01-23 14:48:34.695034,,,
U001368,referido,login,2024-01-24 11:52:57.395435,,,
U001368,referido,view_service,2024-01-25 06:14:44.711795,,,
U001369,organico,signup,2024-02-23 10:33:55.365952,,,
U001369,organico,login,2024-02-24 06:48:01.657479,,,
U001369,organico,view_service,2024-02-24 22:06:58.497537,,,
U001369,organico,start_application,2024-02-26 19:34:57.530086,,,
U001369,organico,complete_kyc,2024-02-29 02:40:36.237374,,,kyc_rejected
U001370,pagado,signup,2024-02-05 17:01:47.548716,,,
U001370,pagado,login,2024-02-07 03:51:40.552779,,,
U001370,pagado,view_service,2024-02-07 11:55:53.144781,,,
U001370,pagado,start_application,2024-02-07 22:26:15.502063,,,
U001370,pagado,complete_kyc,2024-02-08 14:04:41.396591,,,kyc_approved
U001370,pagado,first_transaction,2024-02-08 15:18:17.009135,42.68,False,
U001371,organico,signup,2024-01-27 13:48:17.655140,,,
U001371,organico,login,2024-01-29 12:16:48.816507,,,
U001371,organico,view_service,2024-01-29 19:39:46.824438,,,
U001372,pagado,signup,2024-02-15 23:23:43.253910,,,
U001372,pagado,login,2024-02-16 14:19:15.070806,,,
U001373,organico,signup,2024-01-21 00:11:39.162448,,,
U001374,organico,signup,2024-01-31 18:42:18.591987,,,
U001374,organico,login,2024-02-01 05:22:17.268866,,,
U001374,organico,view_service,2024-02-01 19:31:29.063562,,,
U001374,organico,start_application,2024-02-02 15:12:36.978234,,,
U001374,organico,complete_kyc,2024-02-04 08:27:10.533889,,,kyc_approved
U001374,organico,first_transaction,2024-02-04 12:20:26.775834,30.54,False,
U001374,organico,repeat_transaction,2024-02-06 18:00:32.613330,103.01,False,
U001374,organico,repeat_transaction,2024-02-09 18:07:15.362392,19.48,False,
U001374,organico,repeat_transaction,2024-02-17 00:10:50.795278,24.26,False,
U001374,organico,repeat_transaction,2024-02-24 11:29:17.515748,36.88,False,
U001374,organico,repeat_transaction,2024-02-28 15:02:14.446480,67.71,False,
U001374,organico,repeat_transaction,2024-03-02 01:50:07.576311,12.83,False,
U001375,organico,signup,2024-01-29 23:04:17.870927,,,
U001375,organico,login,2024-01-31 19:03:21.387618,,,
U001375,organico,view_service,2024-02-01 08:30:29.333410,,,
U001376,organico,signup,2024-02-07 08:02:22.819259,,,
U001376,organico,login,2024-02-07 22:26:22.557665,,,
U001376,organico,view_service,2024-02-08 04:45:28.506446,,,
U001377,referido,signup,2024-03-09 09:17:17.237028,,,
U001377,referido,login,2024-03-11 04:20:22.090336,,,
U001377,referido,view_service,2024-03-11 13:51:43.990980,,,
U001378,pagado,signup,2024-03-19 11:18:16.491449,,,
U001378,pagado,login,2024-03-21 05:36:01.910114,,,
U001379,organico,signup,2024-02-19 00:00:19.873336,,,
U001379,organico,login,2024-02-19 07:06:14.071883,,,
U001379,organico,view_service,2024-02-19 15:00:50.441746,,,
U001380,pagado,signup,2024-02-14 20:49:29.527033,,,
U001380,pagado,login,2024-02-15 22:27:50.845244,,,
U001381,pagado,signup,2024-03-19 12:02:20.998881,,,
U001381,pagado,login,2024-03-19 12:31:16.397536,,,
U001382,pagado,signup,2024-01-14 07:25:20.093045,,,
U001382,pagado,login,2024-01-14 09:35:55.665075,,,
U001382,pagado,view_service,2024-01-15 07:11:07.946523,,,
U001383,organico,signup,2024-02-28 12:16:00.947701,,,
U001383,organico,login,2024-02-29 16:25:02.693849,,,
U001384,organico,signup,2024-01-24 01:00:25.106045,,,
U001384,organico,login,2024-01-24 15:41:13.543549,,,
U001385,organico,signup,2024-02-26 13:13:29.080516,,,
U001385,organico,login,2024-02-28 00:38:28.525955,,,
U001385,organico,view_service,2024-02-28 03:57:25.521378,,,
U001385,organico,start_application,2024-03-01 08:49:12.372588,,,
U001385,organico,complete_kyc,2024-03-03 05:23:26.079784,,,kyc_rejected
U001386,referido,signup,2024-02-19 04:24:36.585472,,,
U001386,referido,login,2024-02-20 10:35:29.671834,,,
U001387,referido,signup,2024-02-21 09:56:26.487084,,,
U001387,referido,login,2024-02-22 15:14:05.898390,,,
U001388,organico,signup,2024-02-03 17:49:55.522518,,,
U001388,organico,login,2024-02-04 12:30:42.635207,,,
U001388,organico,view_service,2024-02-04 17:53:54.372680,,,
U001389,organico,signup,2024-03-21 22:45:28.288709,,,
U001389,organico,login,2024-03-22 06:24:19.888883,,,
U001389,organico,view_service,2024-03-22 09:42:22.689960,,,
U001390,organico,signup,2024-02-12 08:38:10.879835,,,
U001390,organico,login,2024-02-12 09:37:58.364909,,,
U001390,organico,view_service,2024-02-12 20:28:43.085880,,,
U001391,pagado,signup,2024-03-05 04:25:12.754334,,,
U001391,pagado,login,2024-03-06 20:20:04.038896,,,
U001391,pagado,view_service,2024-03-07 15:20:24.558991,,,
U001392,pagado,signup,2024-03-06 20:45:52.618620,,,
U001392,pagado,login,2024-03-08 08:56:45.331628,,,
U001393,organico,signup,2024-03-14 12:20:32.157784,,,
U001393,organico,login,2024-03-16 07:02:17.630302,,,
U001393,organico,view_service,2024-03-16 13:23:56.252037,,,
U001394,organico,signup,2024-03-17 18:58:58.980490,,,
U001394,organico,login,2024-03-19 11:03:57.266617,,,
U001395,organico,signup,2024-03-15 23:10:19.912531,,,
U001395,organico,login,2024-03-16 07:57:01.561968,,,
U001396,pagado,signup,2024-03-10 14:37:00.091115,,,
U001396,pagado,login,2024-03-12 14:19:48.259025,,,
U001396,pagado,view_service,2024-03-12 19:58:44.177416,,,
U001396,pagado,start_application,2024-03-13 05:44:43.157313,,,
U001396,pagado,complete_kyc,2024-03-14 20:34:00.699972,,,kyc_rejected
U001397,organico,signup,2024-03-21 05:35:35.209985,,,
U001397,organico,login,2024-03-22 04:07:54.042889,,,
U001397,organico,view_service,2024-03-22 20:45:40.528403,,,
U001398,organico,signup,2024-02-12 23:58:59.266430,,,
U001398,organico,login,2024-02-13 06:53:04.789784,,,
U001398,organico,view_service,2024-02-13 21:32:35.640539,,,
U001399,organico,signup,2024-03-22 22:25:59.455115,,,
U001399,organico,login,2024-03-23 01:13:04.724083,,,
U001400,organico,signup,2024-01-23 08:33:17.490844,,,
U001400,organico,login,2024-01-23 16:49:40.465917,,,
U001400,organico,view_service,2024-01-23 23:21:53.431770,,,
U001401,pagado,signup,2024-03-27 23:43:58.907055,,,
U001401,pagado,login,2024-03-29 19:46:13.175070,,,
U001401,pagado,view_service,2024-03-30 06:41:55.927308,,,
U001401,pagado,start_application,2024-03-30 18:32:52.087929,,,
U001401,pagado,complete_kyc,2024-04-02 23:10:04.302272,,,kyc_approved
U001402,organico,signup,2024-01-26 04:30:44.331763,,,
U001402,organico,login,2024-01-26 09:28:42.561269,,,
U001403,pagado,signup,2024-03-04 12:13:54.519162,,,
U001403,pagado,login,2024-03-06 02:00:46.124497,,,
U001403,pagado,view_service,2024-03-06 22:42:50.657731,,,
U001404,organico,signup,2024-02-27 22:37:10.793789,,,
U001404,organico,login,2024-02-28 06:10:14.152777,,,
U001404,organico,view_service,2024-02-29 01:26:39.881740,,,
U001405,pagado,signup,2024-02-06 10:23:49.705818,,,
U001405,pagado,login,2024-02-07 10:47:19.761028,,,
U001405,pagado,view_service,2024-02-08 09:31:23.406082,,,
U001406,pagado,signup,2024-02-12 09:25:27.308101,,,
U001406,pagado,login,2024-02-12 15:45:02.909123,,,
U001406,pagado,view_service,2024-02-12 16:55:47.861085,,,
U001407,referido,signup,2024-02-21 13:25:18.748081,,,
U001407,referido,login,2024-02-23 09:24:50.828430,,,
U001408,organico,signup,2024-03-19 19:38:08.250840,,,
U001408,organico,login,2024-03-21 09:57:24.636114,,,
U001409,pagado,signup,2024-01-25 00:26:54.253600,,,
U001409,pagado,login,2024-01-26 19:32:01.889888,,,
U001409,pagado,view_service,2024-01-26 22:01:38.370062,,,
U001409,pagado,start_application,2024-01-29 15:13:10.372856,,,
U001409,pagado,complete_kyc,2024-02-02 10:00:00.481587,,,kyc_approved
U001409,pagado,first_transaction,2024-02-03 12:48:25.492061,14.63,False,
U001409,pagado,repeat_transaction,2024-02-07 03:17:15.140731,8.79,False,
U001409,pagado,repeat_transaction,2024-02-11 12:26:04.280221,37.45,False,
U001409,pagado,repeat_transaction,2024-02-15 09:39:47.194070,16.73,False,
U001409,pagado,repeat_transaction,2024-02-21 17:20:28.580999,27.96,False,
U001409,pagado,repeat_transaction,2024-03-01 08:56:26.542578,58.15,False,
U001409,pagado,repeat_transaction,2024-03-04 03:07:30.834552,23.36,False,
U001409,pagado,repeat_transaction,2024-03-11 08:40:26.919550,43.03,False,
U001409,pagado,repeat_transaction,2024-03-14 04:22:59.468941,29.68,False,
U001409,pagado,repeat_transaction,2024-03-17 21:37:27.266974,58.59,False,
U001409,pagado,repeat_transaction,2024-03-26 09:39:47.653043,51.04,False,
U001409,pagado,repeat_transaction,2024-04-03 23:14:12.073362,22.55,False,
U001409,pagado,repeat_transaction,2024-04-10 08:40:05.792214,32.52,False,
U001409,pagado,repeat_transaction,2024-04-11 11:12:17.592170,75.99,False,
U001409,pagado,repeat_transaction,2024-04-19 16:57:49.736726,48.2,True,
U001410,organico,signup,2024-03-04 05:54:52.887594,,,
U001410,organico,login,2024-03-05 18:42:37.225739,,,
U001410,organico,view_service,2024-03-06 13:38:00.556600,,,
U001411,organico,signup,2024-03-05 08:39:35.865171,,,
U001411,organico,login,2024-03-05 16:25:19.078723,,,
U001412,pagado,signup,2024-02-08 12:55:12.856331,,,
U001412,pagado,login,2024-02-09 04:17:45.141910,,,
U001412,pagado,view_service,2024-02-10 02:11:21.966061,,,
U001413,organico,signup,2024-01-09 15:34:48.677835,,,
U001413,organico,login,2024-01-10 20:38:23.572256,,,
U001413,organico,view_service,2024-01-11 05:31:28.874844,,,
U001414,organico,signup,2024-02-24 10:40:17.799294,,,
U001414,organico,login,2024-02-26 07:16:03.704790,,,
U001414,organico,view_service,2024-02-26 08:19:28.523909,,,
U001415,organico,signup,2024-03-02 10:00:47.191968,,,
U001415,organico,login,2024-03-03 18:07:41.788233,,,
U001416,pagado,signup,2024-01-18 03:14:12.369626,,,
U001416,pagado,login,2024-01-18 11:57:11.805888,,,
U001416,pagado,view_service,2024-01-18 13:49:24.335103,,,
U001417,pagado,signup,2024-01-05 02:31:05.885387,,,
U001417,pagado,login,2024-01-06 13:17:26.814108,,,
U001417,pagado,view_service,2024-01-07 02:13:59.882780,,,
U001418,organico,signup,2024-02-23 12:03:24.265848,,,
U001418,organico,login,2024-02-23 15:14:00.490660,,,
U001418,organico,view_service,2024-02-23 19:31:02.481464,,,
U001418,organico,start_application,2024-02-26 15:54:17.535395,,,
U001418,organico,complete_kyc,2024-02-27 08:54:59.099461,,,kyc_approved
U001418,organico,first_transaction,2024-02-28 09:30:38.327843,13.76,False,
U001418,organico,repeat_transaction,2024-03-05 05:47:20.941252,57.91,False,
U001418,organico,repeat_transaction,2024-03-11 03:10:19.782780,17.13,False,
U001418,organico,repeat_transaction,2024-03-21 01:19:18.817494,98.37,False,
U001418,organico,repeat_transaction,2024-03-22 03:08:38.728441,74.95,False,
U001418,organico,repeat_transaction,2024-03-24 02:50:48.879665,44.83,False,
U001418,organico,repeat_transaction,2024-03-30 03:00:06.001622,40.86,False,
U001419,organico,signup,2024-01-29 15:17:24.446618,,,
U001419,organico,login,2024-01-31 05:27:07.419691,,,
U001419,organico,view_service,2024-02-01 03:43:45.498611,,,
U001420,organico,signup,2024-02-28 22:13:02.792686,,,
U001420,organico,login,2024-03-01 11:29:05.607325,,,
U001421,pagado,signup,2024-03-11 21:00:10.647733,,,
U001421,pagado,login,2024-03-12 11:17:26.392396,,,
U001421,pagado,view_service,2024-03-13 01:57:44.996294,,,
U001422,organico,signup,2024-01-15 02:38:11.480882,,,
U001422,organico,login,2024-01-15 05:48:01.406436,,,
U001422,organico,view_service,2024-01-15 20:30:05.132236,,,
U001423,pagado,signup,2024-01-12 21:09:51.830586,,,
U001423,pagado,login,2024-01-14 00:29:18.442564,,,
U001424,referido,signup,2024-01-10 23:12:27.502262,,,
U001424,referido,login,2024-01-11 18:46:01.471430,,,
U001424,referido,view_service,2024-01-12 18:12:38.083258,,,
U001424,referido,start_application,2024-01-14 19:58:07.143608,,,
U001424,referido,complete_kyc,2024-01-15 05:41:15.902938,,,kyc_approved
U001424,referido,first_transaction,2024-01-15 11:05:58.406491,31.62,False,
U001424,referido,repeat_transaction,2024-01-20 08:24:34.595842,58.85,False,
U001424,referido,repeat_transaction,2024-01-27 23:42:34.962507,28.23,False,
U001424,referido,repeat_transaction,2024-02-04 08:15:19.699935,43.16,False,
U001424,referido,repeat_transaction,2024-02-08 11:23:16.604482,67.38,False,
U001424,referido,repeat_transaction,2024-02-10 22:13:38.548434,24.7,False,
U001424,referido,repeat_transaction,2024-02-16 19:43:31.039256,23.78,False,
U001424,referido,repeat_transaction,2024-02-18 16:32:21.483304,15.86,False,
U001424,referido,repeat_transaction,2024-02-20 02:33:52.428604,17.37,False,
U001424,referido,repeat_transaction,2024-02-23 12:55:03.241339,10.18,False,
U001424,referido,repeat_transaction,2024-03-03 15:07:57.977316,61.0,False,
U001424,referido,repeat_transaction,2024-03-04 15:32:43.970088,129.83,False,
U001424,referido,repeat_transaction,2024-03-11 20:23:37.821557,99.26,False,
U001424,referido,repeat_transaction,2024-03-20 10:21:47.937221,11.73,False,
U001424,referido,repeat_transaction,2024-03-27 08:55:12.085302,60.79,False,
U001424,referido,repeat_transaction,2024-04-02 20:59:47.037622,99.04,False,
U001425,organico,signup,2024-03-04 22:33:01.173168,,,
U001425,organico,login,2024-03-05 10:20:27.849784,,,
U001425,organico,view_service,2024-03-06 06:36:03.427497,,,
U001426,organico,signup,2024-03-21 02:19:12.776766,,,
U001426,organico,login,2024-03-23 00:23:30.094318,,,
U001426,organico,view_service,2024-03-23 12:01:30.585705,,,
U001427,organico,signup,2024-02-01 08:58:39.541476,,,
U001427,organico,login,2024-02-02 23:56:24.470189,,,
U001428,organico,signup,2024-02-06 21:26:12.521544,,,
U001428,organico,login,2024-02-08 10:45:13.483995,,,
U001428,organico,view_service,2024-02-08 12:35:07.009760,,,
U001428,organico,start_application,2024-02-10 01:03:19.021562,,,
U001428,organico,complete_kyc,2024-02-10 16:32:04.491026,,,kyc_rejected
U001429,pagado,signup,2024-01-16 09:14:18.594716,,,
U001429,pagado,login,2024-01-16 20:03:31.658337,,,
U001430,organico,signup,2024-02-01 05:18:06.707179,,,
U001430,organico,login,2024-02-02 00:51:07.800628,,,
U001431,organico,signup,2024-01-10 14:10:55.641305,,,
U001431,organico,login,2024-01-12 05:49:28.616863,,,
U001431,organico,view_service,2024-01-12 21:04:41.423071,,,
U001432,pagado,signup,2024-03-19 21:07:35.536386,,,
U001432,pagado,login,2024-03-20 03:19:50.541231,,,
U001432,pagado,view_service,2024-03-21 02:17:21.910332,,,
U001432,pagado,start_application,2024-03-23 20:24:34.205201,,,
U001432,pagado,complete_kyc,2024-03-26 15:15:44.231279,,,kyc_approved
U001432,pagado,first_transaction,2024-03-27 19:07:22.764217,26.58,False,
U001432,pagado,repeat_transaction,2024-03-31 11:41:14.075229,39.29,False,
U001432,pagado,repeat_transaction,2024-04-03 02:10:38.569182,8.98,False,
U001432,pagado,repeat_transaction,2024-04-13 00:09:48.034505,44.11,False,
U001432,pagado,repeat_transaction,2024-04-15 08:42:33.143554,17.38,False,
U001432,pagado,repeat_transaction,2024-04-19 16:20:07.181414,42.09,False,
U001432,pagado,repeat_transaction,2024-04-24 06:34:26.916610,12.27,False,
U001432,pagado,repeat_transaction,2024-04-26 19:28:12.605011,53.52,False,
U001432,pagado,repeat_transaction,2024-05-02 23:36:55.207773,74.98,False,
U001432,pagado,repeat_transaction,2024-05-06 21:31:43.163246,21.15,False,
U001432,pagado,repeat_transaction,2024-05-13 10:44:42.255206,16.51,False,
U001432,pagado,repeat_transaction,2024-05-22 11:13:28.715411,8.09,False,
U001432,pagado,repeat_transaction,2024-05-26 09:40:23.182729,30.37,False,
U001433,pagado,signup,2024-02-27 13:17:23.535977,,,
U001433,pagado,login,2024-02-27 19:55:42.231566,,,
U001434,organico,signup,2024-01-26 14:32:13.884464,,,
U001434,organico,login,2024-01-27 18:54:39.296399,,,
U001435,organico,signup,2024-02-22 04:08:21.726376,,,
U001435,organico,login,2024-02-23 12:47:51.895977,,,
U001435,organico,view_service,2024-02-23 21:16:36.450242,,,
U001436,pagado,signup,2024-02-07 13:57:47.274498,,,
U001436,pagado,login,2024-02-09 04:28:41.164367,,,
U001437,organico,signup,2024-02-12 20:56:56.411161,,,
U001437,organico,login,2024-02-13 13:29:45.872236,,,
U001437,organico,view_service,2024-02-14 03:28:24.955334,,,
U001438,organico,signup,2024-02-06 01:12:22.764585,,,
U001438,organico,login,2024-02-06 16:26:40.201446,,,
U001439,organico,signup,2024-02-29 09:46:11.684326,,,
U001439,organico,login,2024-02-29 18:03:21.913389,,,
U001440,referido,signup,2024-01-16 21:38:45.608355,,,
U001440,referido,login,2024-01-17 11:37:52.168100,,,
U001440,referido,view_service,2024-01-17 13:08:49.396801,,,
U001441,organico,signup,2024-02-19 08:53:20.702148,,,
U001441,organico,login,2024-02-19 09:00:54.641984,,,
U001442,pagado,signup,2024-01-19 18:16:40.142021,,,
U001442,pagado,login,2024-01-21 02:18:55.769396,,,
U001442,pagado,view_service,2024-01-21 08:02:26.563245,,,
U001443,organico,signup,2024-03-17 18:00:16.675128,,,
U001443,organico,login,2024-03-19 17:15:00.399627,,,
U001443,organico,view_service,2024-03-19 20:52:39.712427,,,
U001444,pagado,signup,2024-03-24 09:57:45.917324,,,
U001444,pagado,login,2024-03-25 20:33:37.869149,,,
U001445,organico,signup,2024-02-29 01:43:17.086779,,,
U001445,organico,login,2024-02-29 15:50:44.732530,,,
U001445,organico,view_service,2024-03-01 10:16:17.382615,,,
U001445,organico,start_application,2024-03-02 17:53:00.462863,,,
U001445,organico,complete_kyc,2024-03-04 22:05:00.823483,,,kyc_approved
U001446,organico,signup,2024-02-22 18:08:43.034892,,,
U001446,organico,login,2024-02-22 19:10:46.593838,,,
U001446,organico,view_service,2024-02-23 06:32:11.408364,,,
U001447,pagado,signup,2024-01-05 06:08:16.882079,,,
U001447,pagado,login,2024-01-07 00:47:59.409556,,,
U001447,pagado,view_service,2024-01-07 06:22:49.866116,,,
U001448,organico,signup,2024-03-29 08:02:35.364031,,,
U001448,organico,login,2024-03-30 07:19:27.351041,,,
U001448,organico,view_service,2024-03-31 06:14:20.907642,,,
U001449,referido,signup,2024-03-16 00:56:30.657226,,,
U001449,referido,login,2024-03-16 07:49:56.334486,,,
U001450,organico,signup,2024-03-24 12:37:08.181565,,,
U001450,organico,login,2024-03-25 03:49:40.306349,,,
U001450,organico,view_service,2024-03-25 08:08:49.920802,,,
U001451,organico,signup,2024-02-26 03:22:40.132923,,,
U001451,organico,login,2024-02-27 11:05:14.412574,,,
U001451,organico,view_service,2024-02-27 11:50:29.242709,,,
U001452,organico,signup,2024-02-06 12:47:28.699486,,,
U001452,organico,login,2024-02-07 17:30:04.994542,,,
U001452,organico,view_service,2024-02-08 01:21:54.923758,,,
U001452,organico,start_application,2024-02-10 12:43:02.245038,,,
U001452,organico,complete_kyc,2024-02-11 11:21:01.422417,,,kyc_approved
U001452,organico,first_transaction,2024-02-13 03:13:41.926914,24.36,False,
U001452,organico,repeat_transaction,2024-02-17 06:19:52.011224,12.36,False,
U001452,organico,repeat_transaction,2024-02-24 13:51:31.462037,50.26,False,
U001452,organico,repeat_transaction,2024-03-01 22:34:48.219847,26.71,True,
U001452,organico,repeat_transaction,2024-03-05 04:23:37.036877,17.24,False,
U001452,organico,repeat_transaction,2024-03-07 20:19:04.635496,24.82,False,
U001452,organico,repeat_transaction,2024-03-16 16:00:18.037508,77.47,False,
U001452,organico,repeat_transaction,2024-03-24 16:17:51.628897,55.82,False,
U001452,organico,repeat_transaction,2024-04-01 16:31:07.239314,33.41,False,
U001452,organico,repeat_transaction,2024-04-11 10:01:09.689246,56.45,False,
U001452,organico,repeat_transaction,2024-04-16 05:56:55.228046,16.24,False,
U001452,organico,repeat_transaction,2024-04-23 00:44:12.817586,37.44,False,
U001452,organico,repeat_transaction,2024-04-29 14:06:49.545072,40.57,False,
U001453,pagado,signup,2024-01-31 05:38:52.163815,,,
U001453,pagado,login,2024-01-31 13:54:20.623757,,,
U001454,organico,signup,2024-03-19 10:20:35.272614,,,
U001454,organico,login,2024-03-20 09:52:42.152812,,,
U001454,organico,view_service,2024-03-20 20:40:22.744748,,,
U001454,organico,start_application,2024-03-23 14:39:01.515562,,,
U001454,organico,complete_kyc,2024-03-25 17:40:43.692781,,,kyc_approved
U001454,organico,first_transaction,2024-03-26 22:29:04.629400,26.34,False,
U001454,organico,repeat_transaction,2024-04-01 04:21:13.174350,49.64,False,
U001454,organico,repeat_transaction,2024-04-07 22:17:50.753357,21.19,False,
U001454,organico,repeat_transaction,2024-04-10 04:47:05.940089,52.29,False,
U001454,organico,repeat_transaction,2024-04-15 23:01:57.550517,53.86,False,
U001454,organico,repeat_transaction,2024-04-23 13:11:54.119075,5.0,False,
U001455,pagado,signup,2024-02-12 20:50:27.694465,,,
U001455,pagado,login,2024-02-14 00:17:44.051756,,,
U001455,pagado,view_service,2024-02-14 07:16:34.823006,,,
U001456,organico,signup,2024-02-01 11:47:57.169776,,,
U001456,organico,login,2024-02-01 17:52:39.710538,,,
U001456,organico,view_service,2024-02-01 19:55:08.548805,,,
U001457,pagado,signup,2024-01-24 05:05:55.089379,,,
U001458,organico,signup,2024-01-05 20:14:42.312660,,,
U001458,organico,login,2024-01-07 16:06:24.995040,,,
U001458,organico,view_service,2024-01-08 11:10:58.498400,,,
U001459,organico,signup,2024-01-03 16:40:52.398780,,,
U001459,organico,login,2024-01-03 19:46:46.259547,,,
U001459,organico,view_service,2024-01-04 06:29:28.846316,,,
U001459,organico,start_application,2024-01-05 06:04:55.687158,,,
U001459,organico,complete_kyc,2024-01-07 21:41:50.985658,,,kyc_rejected
U001460,pagado,signup,2024-02-15 05:49:17.182568,,,
U001460,pagado,login,2024-02-16 08:57:43.883800,,,
U001460,pagado,view_service,2024-02-16 19:11:14.949258,,,
U001461,organico,signup,2024-03-20 17:43:39.514905,,,
U001461,organico,login,2024-03-21 11:58:37.013939,,,
U001461,organico,view_service,2024-03-22 07:24:15.216406,,,
U001462,organico,signup,2024-01-30 03:29:00.737139,,,
U001462,organico,login,2024-01-31 07:09:15.780200,,,
U001463,pagado,signup,2024-02-10 16:08:42.575739,,,
U001463,pagado,login,2024-02-11 19:47:35.503914,,,
U001464,pagado,signup,2024-01-12 15:03:06.968166,,,
U001464,pagado,login,2024-01-13 18:48:40.625614,,,
U001464,pagado,view_service,2024-01-14 00:27:52.013904,,,
U001465,pagado,signup,2024-01-17 10:33:01.142870,,,
U001465,pagado,login,2024-01-18 11:39:26.414491,,,
U001466,organico,signup,2024-03-12 04:20:08.130748,,,
U001466,organico,login,2024-03-13 12:31:41.541717,,,
U001466,organico,view_service,2024-03-14 02:32:13.913874,,,
U001467,pagado,signup,2024-03-21 17:45:04.833443,,,
U001467,pagado,login,2024-03-23 03:51:33.570144,,,
U001467,pagado,view_service,2024-03-23 16:21:39.286693,,,
U001468,pagado,signup,2024-03-17 21:13:12.634921,,,
U001468,pagado,login,2024-03-19 01:17:04.311858,,,
U001468,pagado,view_service,2024-03-19 15:55:29.769535,,,
U001469,pagado,signup,2024-03-18 07:02:16.763346,,,
U001469,pagado,login,2024-03-19 13:45:37.267469,,,
U001470,organico,signup,2024-01-09 09:21:20.860495,,,
U001470,organico,login,2024-01-09 23:47:23.306702,,,
U001471,referido,signup,2024-03-15 18:28:11.206061,,,
U001471,referido,login,2024-03-16 18:20:40.031522,,,
U001472,pagado,signup,2024-02-06 17:35:35.084824,,,
U001472,pagado,login,2024-02-08 00:15:45.486009,,,
U001472,pagado,view_service,2024-02-08 12:21:14.961161,,,
U001473,pagado,signup,2024-01-12 08:22:19.834660,,,
U001474,organico,signup,2024-02-19 18:20:48.917065,,,
U001474,organico,login,2024-02-21 12:57:30.790777,,,
U001474,organico,view_service,2024-02-22 08:02:49.381140,,,
U001475,referido,signup,2024-03-18 12:09:44.262012,,,
U001475,referido,login,2024-03-19 09:35:30.912898,,,
U001475,referido,view_service,2024-03-19 18:30:47.363544,,,
U001475,referido,start_application,2024-03-22 08:33:03.285408,,,
U001475,referido,complete_kyc,2024-03-26 01:21:04.777024,,,kyc_approved
U001475,referido,first_transaction,2024-03-27 15:15:34.883106,84.2,False,
U001476,organico,signup,2024-02-13 13:41:01.194253,,,
U001476,organico,login,2024-02-13 23:07:54.389791,,,
U001476,organico,view_service,2024-02-13 23:39:36.650755,,,
U001477,organico,signup,2024-01-24 06:52:15.769873,,,
U001478,pagado,signup,2024-03-19 17:44:59.188529,,,
U001478,pagado,login,2024-03-20 08:56:43.502116,,,
U001478,pagado,view_service,2024-03-21 02:19:24.270963,,,
U001478,pagado,start_application,2024-03-21 06:40:14.159001,,,
U001478,pagado,complete_kyc,2024-03-23 09:53:32.799096,,,kyc_approved
U001478,pagado,first_transaction,2024-03-25 02:58:29.921067,5.0,False,
U001478,pagado,repeat_transaction,2024-03-26 16:09:00.829787,23.78,False,
U001478,pagado,repeat_transaction,2024-03-29 13:58:49.988505,75.02,False,
U001478,pagado,repeat_transaction,2024-04-03 04:28:48.401256,29.31,False,
U001478,pagado,repeat_transaction,2024-04-12 13:56:09.623027,13.11,False,
U001478,pagado,repeat_transaction,2024-04-18 08:37:00.508122,17.02,False,
U001478,pagado,repeat_transaction,2024-04-26 04:14:32.724454,75.1,False,
U001479,organico,signup,2024-02-07 07:55:32.463616,,,
U001479,organico,login,2024-02-07 10:54:59.845641,,,
U001479,organico,view_service,2024-02-07 18:57:45.548332,,,
U001479,organico,start_application,2024-02-10 09:53:23.855686,,,
U001479,organico,complete_kyc,2024-02-13 10:08:12.457448,,,kyc_rejected
U001480,organico,signup,2024-02-28 06:00:10.305126,,,
U001480,organico,login,2024-02-28 22:06:59.109803,,,
U001480,organico,view_service,2024-02-29 07:09:41.062994,,,
U001481,pagado,signup,2024-02-03 22:13:26.905942,,,
U001481,pagado,login,2024-02-04 10:06:44.274996,,,
U001482,pagado,signup,2024-02-13 14:52:49.881528,,,
U001482,pagado,login,2024-02-14 19:27:25.692950,,,
U001483,pagado,signup,2024-02-08 05:31:50.565807,,,
U001483,pagado,login,2024-02-08 09:34:06.306984,,,
U001484,organico,signup,2024-03-16 05:06:41.217169,,,
U001484,organico,login,2024-03-17 11:04:29.253123,,,
U001484,organico,view_service,2024-03-18 10:05:25.579369,,,
U001484,organico,start_application,2024-03-21 02:17:58.626202,,,
U001484,organico,complete_kyc,2024-03-22 10:46:09.838879,,,kyc_rejected
U001485,pagado,signup,2024-01-29 19:02:30.944936,,,
U001485,pagado,login,2024-01-30 01:06:09.330954,,,
U001485,pagado,view_service,2024-01-30 14:34:11.198695,,,
U001485,pagado,start_application,2024-02-01 01:55:50.205537,,,
U001485,pagado,complete_kyc,2024-02-01 22:52:01.072556,,,kyc_approved
U001485,pagado,first_transaction,2024-02-02 08:57:20.093167,9.53,False,
U001486,referido,signup,2024-01-25 22:56:30.116317,,,
U001486,referido,login,2024-01-27 11:12:18.492739,,,
U001486,referido,view_service,2024-01-27 18:50:49.243472,,,
U001486,referido,start_application,2024-01-27 20:30:02.190518,,,
U001486,referido,complete_kyc,2024-01-29 12:19:25.775179,,,kyc_approved
U001486,referido,first_transaction,2024-01-30 07:41:09.406806,80.66,False,
U001487,pagado,signup,2024-02-26 13:52:43.843478,,,
U001487,pagado,login,2024-02-26 22:16:18.934748,,,
U001487,pagado,view_service,2024-02-27 18:52:32.613769,,,
U001488,pagado,signup,2024-03-11 17:52:16.693616,,,
U001488,pagado,login,2024-03-13 10:57:29.915404,,,
U001488,pagado,view_service,2024-03-14 06:55:16.038807,,,
U001488,pagado,start_application,2024-03-16 12:50:47.960896,,,
U001488,pagado,complete_kyc,2024-03-18 08:40:21.252701,,,kyc_approved
U001488,pagado,first_transaction,2024-03-18 21:30:29.953687,35.21,False,
U001488,pagado,repeat_transaction,2024-03-27 03:36:49.844590,15.88,False,
U001488,pagado,repeat_transaction,2024-04-06 00:23:58.617281,24.33,False,
U001488,pagado,repeat_transaction,2024-04-13 20:01:56.464267,17.96,False,
U001488,pagado,repeat_transaction,2024-04-22 05:19:00.163523,67.11,False,
U001488,pagado,repeat_transaction,2024-04-30 02:42:02.519629,61.11,False,
U001488,pagado,repeat_transaction,2024-05-03 20:35:42.522188,10.99,False,
U001488,pagado,repeat_transaction,2024-05-09 09:25:57.118810,27.59,False,
U001489,organico,signup,2024-02-15 22:56:35.525746,,,
U001489,organico,login,2024-02-17 21:06:48.417601,,,
U001489,organico,view_service,2024-02-18 02:46:07.038153,,,
U001490,pagado,signup,2024-02-12 06:50:27.570787,,,
U001490,pagado,login,2024-02-13 11:55:21.160281,,,
U001490,pagado,view_service,2024-02-13 14:40:19.627277,,,
U001491,organico,signup,2024-01-18 21:27:03.467801,,,
U001491,organico,login,2024-01-19 05:32:36.590199,,,
U001491,organico,view_service,2024-01-19 11:52:03.304972,,,
U001492,organico,signup,2024-03-21 04:25:49.751201,,,
U001492,organico,login,2024-03-21 21:35:15.545921,,,
U001492,organico,view_service,2024-03-21 21:48:46.918180,,,
U001493,organico,signup,2024-01-16 17:33:40.983572,,,
U001493,organico,login,2024-01-18 00:28:22.418128,,,
U001493,organico,view_service,2024-01-18 12:05:02.638703,,,
U001494,organico,signup,2024-02-28 05:32:12.762867,,,
U001494,organico,login,2024-02-29 03:56:23.601822,,,
U001494,organico,view_service,2024-02-29 21:36:07.954123,,,
U001495,pagado,signup,2024-01-20 14:22:51.311464,,,
U001495,pagado,login,2024-01-21 04:46:52.809786,,,
U001495,pagado,view_service,2024-01-21 11:46:03.208699,,,
U001495,pagado,start_application,2024-01-24 03:51:49.937137,,,
U001495,pagado,complete_kyc,2024-01-26 18:01:36.844778,,,kyc_approved
U001495,pagado,first_transaction,2024-01-26 23:17:40.067737,20.0,False,
U001495,pagado,repeat_transaction,2024-01-30 17:16:40.353037,90.51,False,
U001495,pagado,repeat_transaction,2024-02-01 14:42:31.308978,14.22,False,
U001495,pagado,repeat_transaction,2024-02-03 01:33:53.887432,112.5,True,
U001495,pagado,repeat_transaction,2024-02-08 23:32:04.282884,35.76,False,
U001496,pagado,signup,2024-01-05 04:43:40.723315,,,
U001496,pagado,login,2024-01-06 19:16:18.937052,,,
U001496,pagado,view_service,2024-01-06 21:00:01.100517,,,
U001496,pagado,start_application,2024-01-08 02:31:36.588625,,,
U001496,pagado,complete_kyc,2024-01-10 06:57:01.117048,,,kyc_approved
U001496,pagado,first_transaction,2024-01-11 05:50:27.392770,16.23,False,
U001496,pagado,repeat_transaction,2024-01-14 10:24:51.351896,22.78,False,
U001496,pagado,repeat_transaction,2024-01-22 14:46:10.531107,20.88,False,
U001496,pagado,repeat_transaction,2024-01-23 20:23:05.691263,15.0,False,
U001496,pagado,repeat_transaction,2024-01-30 09:17:50.916109,39.11,False,
U001496,pagado,repeat_transaction,2024-02-07 03:52:00.077882,15.49,False,
U001496,pagado,repeat_transaction,2024-02-12 05:23:03.929184,7.95,False,
U001496,pagado,repeat_transaction,2024-02-14 04:57:44.474195,28.06,False,
U001496,pagado,repeat_transaction,2024-02-18 15:11:17.156982,10.36,False,
U001497,pagado,signup,2024-03-22 06:27:25.140103,,,
U001497,pagado,login,2024-03-22 07:45:07.815517,,,
U001498,organico,signup,2024-03-25 18:11:23.714931,,,
U001498,organico,login,2024-03-27 18:07:55.685580,,,
U001498,organico,view_service,2024-03-27 22:11:10.279081,,,
U001499,referido,signup,2024-02-13 15:54:24.033496,,,
U001499,referido,login,2024-02-13 18:35:00.198296,,,
U001500,pagado,signup,2024-03-23 09:34:24.925572,,,
U001500,pagado,login,2024-03-23 10:24:39.941579,,,
U001500,pagado,view_service,2024-03-23 15:36:09.119322,,,
U001501,pagado,signup,2024-01-15 12:07:13.295935,,,
U001501,pagado,login,2024-01-16 16:09:44.625173,,,
U001501,pagado,view_service,2024-01-17 11:55:48.933827,,,
U001502,organico,signup,2024-01-18 20:14:41.098053,,,
U001502,organico,login,2024-01-20 03:04:30.462137,,,
U001502,organico,view_service,2024-01-20 05:23:07.334689,,,
U001503,organico,signup,2024-01-09 13:36:17.691448,,,
U001503,organico,login,2024-01-09 14:51:34.606429,,,
U001504,organico,signup,2024-03-28 03:34:19.350560,,,
U001504,organico,login,2024-03-28 09:02:03.449338,,,
U001504,organico,view_service,2024-03-28 11:37:02.826330,,,
U001505,organico,signup,2024-03-28 11:52:01.368788,,,
U001505,organico,login,2024-03-30 02:32:48.544686,,,
U001505,organico,view_service,2024-03-30 12:17:13.451057,,,
U001506,organico,signup,2024-02-26 03:13:31.139978,,,
U001506,organico,login,2024-02-26 23:49:28.541714,,,
U001507,referido,signup,2024-04-01 19:54:12.283123,,,
U001507,referido,login,2024-04-02 17:51:17.085347,,,
U001507,referido,view_service,2024-04-03 11:50:53.232951,,,
U001508,pagado,signup,2024-03-30 20:30:43.224036,,,
U001508,pagado,login,2024-03-31 10:34:42.575806,,,
U001509,organico,signup,2024-02-10 09:21:44.791552,,,
U001509,organico,login,2024-02-11 22:03:44.694371,,,
U001510,pagado,signup,2024-03-27 00:23:44.647656,,,
U001510,pagado,login,2024-03-27 06:37:12.403533,,,
U001510,pagado,view_service,2024-03-27 14:28:43.172088,,,
U001510,pagado,start_application,2024-03-29 05:25:42.820486,,,
U001510,pagado,complete_kyc,2024-03-31 06:37:13.207548,,,kyc_approved
U001511,organico,signup,2024-01-16 10:03:07.054979,,,
U001511,organico,login,2024-01-16 23:17:30.977301,,,
U001511,organico,view_service,2024-01-17 16:27:07.916142,,,
U001511,organico,start_application,2024-01-17 21:17:30.148240,,,
U001511,organico,complete_kyc,2024-01-18 13:41:32.747028,,,kyc_approved
U001511,organico,first_transaction,2024-01-20 10:45:39.491870,21.62,False,
U001511,organico,repeat_transaction,2024-01-24 09:47:35.952536,19.37,False,
U001511,organico,repeat_transaction,2024-02-01 06:14:51.428384,19.89,True,
U001511,organico,repeat_transaction,2024-02-02 10:42:06.458473,148.51,False,
U001511,organico,repeat_transaction,2024-02-06 20:06:46.514650,38.07,False,
U001511,organico,repeat_transaction,2024-02-14 12:46:07.299171,43.46,False,
U001511,organico,repeat_transaction,2024-02-19 14:42:39.935330,10.55,False,
U001511,organico,repeat_transaction,2024-02-26 02:56:36.104792,23.16,True,
U001511,organico,repeat_transaction,2024-03-02 19:29:57.459819,42.55,False,
U001511,organico,repeat_transaction,2024-03-08 22:12:53.894737,17.86,False,
U001511,organico,repeat_transaction,2024-03-12 04:40:24.402829,69.11,False,
U001511,organico,repeat_transaction,2024-03-13 05:14:45.129987,15.77,False,
U001511,organico,repeat_transaction,2024-03-21 22:06:52.724092,29.95,False,
U001511,organico,repeat_transaction,2024-03-28 00:44:29.781162,24.28,False,
U001511,organico,repeat_transaction,2024-03-30 09:37:53.469577,41.06,False,
U001511,organico,repeat_transaction,2024-04-06 13:42:06.809014,23.37,False,
U001512,organico,signup,2024-02-23 09:43:20.760078,,,
U001512,organico,login,2024-02-23 10:14:56.576828,,,
U001513,organico,signup,2024-02-20 17:48:32.720822,,,
U001513,organico,login,2024-02-22 13:29:08.454313,,,
U001513,organico,view_service,2024-02-23 13:29:06.293482,,,
U001513,organico,start_application,2024-02-23 16:30:23.081791,,,
U001513,organico,complete_kyc,2024-02-23 19:12:30.308330,,,kyc_approved
U001513,organico,first_transaction,2024-02-24 23:32:41.352422,30.28,False,
U001513,organico,repeat_transaction,2024-02-27 01:11:34.120251,31.02,False,
U001513,organico,repeat_transaction,2024-03-06 13:33:35.503998,21.89,False,
U001513,organico,repeat_transaction,2024-03-08 07:22:33.456728,51.4,False,
U001513,organico,repeat_transaction,2024-03-17 05:58:12.511186,43.24,False,
U001513,organico,repeat_transaction,2024-03-24 04:59:42.529621,34.4,False,
U001513,organico,repeat_transaction,2024-03-28 12:46:52.436888,27.08,False,
U001513,organico,repeat_transaction,2024-04-03 01:03:03.272273,63.92,False,
U001514,referido,signup,2024-01-30 18:53:09.123254,,,
U001514,referido,login,2024-02-01 11:35:54.864559,,,
U001514,referido,view_service,2024-02-01 20:20:34.348480,,,
U001514,referido,start_application,2024-02-02 13:38:22.020132,,,
U001514,referido,complete_kyc,2024-02-04 05:34:07.738061,,,kyc_approved
U001514,referido,first_transaction,2024-02-06 02:51:36.194511,31.03,False,
U001514,referido,repeat_transaction,2024-02-15 03:13:24.027183,29.53,False,
U001514,referido,repeat_transaction,2024-02-19 18:34:42.553751,39.38,False,
U001514,referido,repeat_transaction,2024-02-27 05:15:32.829030,120.01,False,
U001514,referido,repeat_transaction,2024-03-04 04:10:29.970451,14.32,False,
U001514,referido,repeat_transaction,2024-03-10 23:16:15.147034,62.73,False,
U001514,referido,repeat_transaction,2024-03-13 05:21:18.611963,9.73,False,
U001514,referido,repeat_transaction,2024-03-22 09:58:08.885545,42.61,False,
U001514,referido,repeat_transaction,2024-03-24 18:50:45.472805,110.23,False,
U001514,referido,repeat_transaction,2024-03-27 18:54:15.412922,51.53,False,
U001514,referido,repeat_transaction,2024-04-06 02:09:06.696324,41.24,False,
U001515,organico,signup,2024-03-28 21:05:10.968856,,,
U001515,organico,login,2024-03-30 15:41:07.077806,,,
U001515,organico,view_service,2024-03-31 08:13:57.756778,,,
U001516,organico,signup,2024-03-13 10:17:18.590030,,,
U001516,organico,login,2024-03-13 18:02:29.230607,,,
U001517,organico,signup,2024-02-11 21:46:44.817849,,,
U001517,organico,login,2024-02-13 21:25:09.855001,,,
U001517,organico,view_service,2024-02-14 00:48:36.616425,,,
U001518,organico,signup,2024-01-12 21:01:48.484455,,,
U001518,organico,login,2024-01-14 03:22:52.391974,,,
U001518,organico,view_service,2024-01-14 16:57:00.203369,,,
U001518,organico,start_application,2024-01-17 07:20:07.488873,,,
U001518,organico,complete_kyc,2024-01-18 21:48:16.435038,,,kyc_rejected
U001519,organico,signup,2024-02-25 08:44:45.638991,,,
U001519,organico,login,2024-02-25 11:25:19.825364,,,
U001519,organico,view_service,2024-02-25 17:16:31.185768,,,
U001519,organico,start_application,2024-02-25 23:36:23.792794,,,
U001519,organico,complete_kyc,2024-02-26 08:40:33.335626,,,kyc_rejected
U001520,referido,signup,2024-03-31 17:53:41.036502,,,
U001520,referido,login,2024-03-31 19:24:04.748758,,,
U001521,referido,signup,2024-03-06 09:23:23.114292,,,
U001521,referido,login,2024-03-07 01:03:43.755098,,,
U001522,pagado,signup,2024-03-08 17:16:25.447431,,,
U001522,pagado,login,2024-03-08 19:34:38.290612,,,
U001523,pagado,signup,2024-03-23 10:09:50.243973,,,
U001523,pagado,login,2024-03-24 16:37:59.461004,,,
U001523,pagado,view_service,2024-03-25 15:49:41.854678,,,
U001523,pagado,start_application,2024-03-25 22:15:48.916885,,,
U001523,pagado,complete_kyc,2024-03-26 21:21:31.247802,,,kyc_approved
U001523,pagado,first_transaction,2024-03-28 11:42:33.137766,24.72,False,
U001524,organico,signup,2024-03-18 08:10:15.674452,,,
U001525,organico,signup,2024-04-01 11:02:53.240267,,,
U001525,organico,login,2024-04-01 16:00:45.692020,,,
U001525,organico,view_service,2024-04-02 11:50:47.736667,,,
U001526,organico,signup,2024-02-11 18:42:27.167726,,,
U001526,organico,login,2024-02-13 09:34:12.482723,,,
U001527,referido,signup,2024-03-13 10:30:56.504812,,,
U001527,referido,login,2024-03-13 14:17:03.408402,,,
U001528,referido,signup,2024-03-21 22:58:42.968021,,,
U001528,referido,login,2024-03-23 15:31:15.643535,,,
U001529,organico,signup,2024-02-13 02:49:42.817494,,,
U001529,organico,login,2024-02-13 12:52:37.482927,,,
U001529,organico,view_service,2024-02-13 22:48:47.456246,,,
U001530,pagado,signup,2024-01-29 20:43:13.547547,,,
U001531,organico,signup,2024-01-30 11:03:07.705866,,,
U001531,organico,login,2024-01-31 21:55:49.182413,,,
U001532,pagado,signup,2024-02-21 05:44:10.650459,,,
U001532,pagado,login,2024-02-22 12:21:29.110307,,,
U001533,pagado,signup,2024-03-09 18:32:26.033249,,,
U001533,pagado,login,2024-03-09 19:27:50.606042,,,
U001533,pagado,view_service,2024-03-10 12:03:44.865001,,,
U001534,pagado,signup,2024-01-10 00:55:22.256020,,,
U001534,pagado,login,2024-01-11 14:06:09.795692,,,
U001534,pagado,view_service,2024-01-11 16:04:33.938753,,,
U001534,pagado,start_application,2024-01-12 10:05:05.193290,,,
U001534,pagado,complete_kyc,2024-01-15 20:26:41.796070,,,kyc_approved
U001534,pagado,first_transaction,2024-01-16 12:42:16.701733,37.4,False,
U001534,pagado,repeat_transaction,2024-01-25 07:19:43.162627,30.68,False,
U001534,pagado,repeat_transaction,2024-02-01 19:42:57.734879,21.11,False,
U001534,pagado,repeat_transaction,2024-02-05 07:35:49.794834,29.88,False,
U001534,pagado,repeat_transaction,2024-02-11 03:33:16.844896,42.05,False,
U001534,pagado,repeat_transaction,2024-02-15 19:04:02.734920,21.39,False,
U001534,pagado,repeat_transaction,2024-02-16 23:01:02.351295,20.81,False,
U001534,pagado,repeat_transaction,2024-02-25 07:23:38.376764,14.12,False,
U001534,pagado,repeat_transaction,2024-02-27 22:39:03.161976,48.11,False,
U001534,pagado,repeat_transaction,2024-03-07 20:20:02.442519,53.61,False,
U001534,pagado,repeat_transaction,2024-03-14 18:08:25.801221,43.04,False,
U001534,pagado,repeat_transaction,2024-03-22 23:24:15.487235,71.92,False,
U001534,pagado,repeat_transaction,2024-03-31 17:51:11.917664,38.92,False,
U001534,pagado,repeat_transaction,2024-04-05 08:33:58.331934,48.15,False,
U001535,pagado,signup,2024-01-03 07:45:23.079045,,,
U001535,pagado,login,2024-01-04 18:49:20.965862,,,
U001536,organico,signup,2024-03-31 01:45:52.274166,,,
U001536,organico,login,2024-03-31 06:53:44.435735,,,
U001536,organico,view_service,2024-04-01 02:46:40.800448,,,
U001537,referido,signup,2024-01-06 13:03:51.301705,,,
U001537,referido,login,2024-01-06 23:12:58.974117,,,
U001538,organico,signup,2024-01-12 14:48:13.070606,,,
U001538,organico,login,2024-01-13 19:08:59.905158,,,
U001538,organico,view_service,2024-01-14 10:49:15.309903,,,
U001539,pagado,signup,2024-01-12 01:50:48.213627,,,
U001539,pagado,login,2024-01-13 14:22:39.114221,,,
U001540,pagado,signup,2024-02-27 06:24:08.677390,,,
U001540,pagado,login,2024-02-27 11:13:17.841370,,,
U001540,pagado,view_service,2024-02-28 07:31:08.315917,,,
U001541,pagado,signup,2024-01-31 22:39:01.423404,,,
U001541,pagado,login,2024-02-01 08:37:09.758813,,,
U001541,pagado,view_service,2024-02-01 14:01:16.210748,,,
U001542,pagado,signup,2024-01-04 23:01:55.271492,,,
U001542,pagado,login,2024-01-06 15:13:48.412573,,,
U001542,pagado,view_service,2024-01-06 15:21:47.002377,,,
U001542,pagado,start_application,2024-01-08 01:06:39.464827,,,
U001542,pagado,complete_kyc,2024-01-11 02:14:03.134877,,,kyc_approved
U001542,pagado,first_transaction,2024-01-12 23:37:24.018608,45.27,False,
U001542,pagado,repeat_transaction,2024-01-18 14:12:44.108711,34.33,False,
U001542,pagado,repeat_transaction,2024-01-23 19:43:41.843872,25.24,False,
U001542,pagado,repeat_transaction,2024-01-25 23:45:37.590875,172.42,False,
U001542,pagado,repeat_transaction,2024-02-01 08:26:10.934181,26.67,False,
U001542,pagado,repeat_transaction,2024-02-08 01:19:29.696027,22.96,False,
U001542,pagado,repeat_transaction,2024-02-13 09:14:49.988027,49.59,False,
U001542,pagado,repeat_transaction,2024-02-19 04:54:34.440158,43.65,False,
U001542,pagado,repeat_transaction,2024-02-27 17:48:35.425220,13.69,False,
U001542,pagado,repeat_transaction,2024-03-07 15:31:26.684191,80.31,False,
U001542,pagado,repeat_transaction,2024-03-09 14:25:45.242265,34.26,False,
U001542,pagado,repeat_transaction,2024-03-12 05:45:16.015032,16.82,False,
U001542,pagado,repeat_transaction,2024-03-13 08:58:41.191474,84.11,False,
U001543,pagado,signup,2024-03-13 01:25:45.438541,,,
U001543,pagado,login,2024-03-13 09:39:31.341031,,,
U001543,pagado,view_service,2024-03-14 06:30:01.214186,,,
U001543,pagado,start_application,2024-03-16 13:49:18.711686,,,
U001543,pagado,complete_kyc,2024-03-17 10:41:26.877893,,,kyc_approved
U001543,pagado,first_transaction,2024-03-19 09:16:01.594546,56.71,False,
U001543,pagado,repeat_transaction,2024-03-29 07:49:22.712239,15.1,False,
U001543,pagado,repeat_transaction,2024-04-06 04:43:16.826598,126.98,False,
U001543,pagado,repeat_transaction,2024-04-14 19:39:18.656803,58.04,False,
U001543,pagado,repeat_transaction,2024-04-21 19:35:37.140402,36.34,False,
U001543,pagado,repeat_transaction,2024-04-30 00:34:35.782821,111.4,False,
U001543,pagado,repeat_transaction,2024-05-04 05:34:55.866513,40.92,False,
U001543,pagado,repeat_transaction,2024-05-11 10:38:32.603635,35.89,False,
U001543,pagado,repeat_transaction,2024-05-20 02:10:42.796887,23.05,False,
U001543,pagado,repeat_transaction,2024-05-24 08:56:55.726540,55.0,False,
U001543,pagado,repeat_transaction,2024-06-02 06:28:57.859419,51.09,False,
U001543,pagado,repeat_transaction,2024-06-06 04:00:11.578643,36.98,False,
U001544,referido,signup,2024-03-16 11:58:35.669507,,,
U001544,referido,login,2024-03-16 22:29:56.133352,,,
U001544,referido,view_service,2024-03-17 22:00:04.923927,,,
U001545,pagado,signup,2024-03-11 21:48:33.909605,,,
U001545,pagado,login,2024-03-13 07:34:27.548215,,,
U001545,pagado,view_service,2024-03-13 22:28:24.187941,,,
U001546,pagado,signup,2024-03-15 13:56:09.125265,,,
U001546,pagado,login,2024-03-16 07:40:38.942602,,,
U001546,pagado,view_service,2024-03-16 19:08:03.043117,,,
U001546,pagado,start_application,2024-03-19 05:17:47.409581,,,
U001546,pagado,complete_kyc,2024-03-21 10:19:34.429760,,,kyc_approved
U001546,pagado,first_transaction,2024-03-22 20:34:29.515791,21.05,False,
U001547,referido,signup,2024-03-19 20:35:16.634566,,,
U001547,referido,login,2024-03-20 12:17:46.490380,,,
U001548,referido,signup,2024-01-27 08:25:28.517216,,,
U001549,organico,signup,2024-03-16 09:48:46.207128,,,
U001550,organico,signup,2024-01-24 13:08:09.437474,,,
U001550,organico,login,2024-01-24 18:33:39.090331,,,
U001550,organico,view_service,2024-01-24 20:26:22.851584,,,
U001551,organico,signup,2024-03-14 18:43:28.129469,,,
U001551,organico,login,2024-03-15 18:40:00.232480,,,
U001551,organico,view_service,2024-03-16 03:23:36.064674,,,
U001551,organico,start_application,2024-03-18 16:54:06.630989,,,
U001551,organico,complete_kyc,2024-03-21 06:28:23.915863,,,kyc_approved
U001551,organico,first_transaction,2024-03-22 04:41:47.016114,40.08,False,
U001551,organico,repeat_transaction,2024-03-25 20:33:13.416484,34.85,False,
U001551,organico,repeat_transaction,2024-04-02 16:21:48.448307,14.39,False,
U001551,organico,repeat_transaction,2024-04-07 00:14:34.041348,13.06,False,
U001552,pagado,signup,2024-02-13 04:58:41.272067,,,
U001552,pagado,login,2024-02-14 03:08:43.097748,,,
U001552,pagado,view_service,2024-02-14 15:10:16.568232,,,
U001552,pagado,start_application,2024-02-15 18:54:02.070827,,,
U001552,pagado,complete_kyc,2024-02-16 20:34:18.963962,,,kyc_approved
U001552,pagado,first_transaction,2024-02-18 03:23:10.482359,54.36,False,
U001553,organico,signup,2024-01-11 02:40:15.154836,,,
U001553,organico,login,2024-01-12 15:57:23.204661,,,
U001554,organico,signup,2024-01-08 20:41:47.183173,,,
U001554,organico,login,2024-01-10 04:58:18.397443,,,
U001554,organico,view_service,2024-01-10 08:54:05.834851,,,
U001554,organico,start_application,2024-01-11 03:39:50.388239,,,
U001554,organico,complete_kyc,2024-01-14 03:57:18.873162,,,kyc_approved
U001554,organico,first_transaction,2024-01-14 11:07:13.872107,5.92,False,
U001554,organico,repeat_transaction,2024-01-18 03:58:34.014492,42.26,False,
U001554,organico,repeat_transaction,2024-01-22 21:57:57.306975,26.19,False,
U001554,organico,repeat_transaction,2024-01-24 00:11:15.387114,91.45,False,
U001554,organico,repeat_transaction,2024-01-28 09:40:22.616357,25.91,False,
U001554,organico,repeat_transaction,2024-02-02 16:58:17.994746,58.07,False,
U001554,organico,repeat_transaction,2024-02-11 05:17:45.567641,27.72,False,
U001554,organico,repeat_transaction,2024-02-15 06:21:34.449467,39.63,False,
U001554,organico,repeat_transaction,2024-02-24 23:12:32.104629,61.3,False,
U001554,organico,repeat_transaction,2024-02-29 17:24:13.725591,26.48,False,
U001554,organico,repeat_transaction,2024-03-07 03:48:43.548748,73.52,False,
U001554,organico,repeat_transaction,2024-03-12 22:04:44.697673,18.25,False,
U001554,organico,repeat_transaction,2024-03-21 10:37:57.111586,44.98,False,
U001554,organico,repeat_transaction,2024-03-26 02:25:22.500659,69.81,False,
U001554,organico,repeat_transaction,2024-03-27 08:56:53.444609,58.09,False,
U001555,referido,signup,2024-01-18 13:36:08.349167,,,
U001555,referido,login,2024-01-19 02:08:32.438189,,,
U001555,referido,view_service,2024-01-19 02:48:02.369913,,,
U001556,pagado,signup,2024-03-11 22:54:30.724660,,,
U001556,pagado,login,2024-03-13 20:50:54.613939,,,
U001556,pagado,view_service,2024-03-14 17:20:45.319985,,,
U001557,organico,signup,2024-01-02 23:41:13.599007,,,
U001557,organico,login,2024-01-03 21:21:11.578036,,,
U001557,organico,view_service,2024-01-04 09:22:58.100023,,,
U001558,organico,signup,2024-02-01 18:21:16.522800,,,
U001558,organico,login,2024-02-03 04:11:54.243986,,,
U001558,organico,view_service,2024-02-04 00:09:18.028962,,,
U001559,organico,signup,2024-01-18 11:50:42.602920,,,
U001559,organico,login,2024-01-19 09:45:38.963910,,,
U001559,organico,view_service,2024-01-19 11:14:20.805705,,,
U001559,organico,start_application,2024-01-22 07:11:26.286887,,,
U001559,organico,complete_kyc,2024-01-22 21:45:02.255917,,,kyc_approved
U001559,organico,first_transaction,2024-01-24 13:53:27.716496,139.98,False,
U001560,organico,signup,2024-02-26 13:49:23.608803,,,
U001560,organico,login,2024-02-28 03:15:29.865169,,,
U001560,organico,view_service,2024-02-29 00:27:25.649777,,,
U001560,organico,start_application,2024-02-29 21:19:57.498175,,,
U001560,organico,complete_kyc,2024-03-04 05:46:49.569704,,,kyc_approved
U001560,organico,first_transaction,2024-03-04 07:25:53.511386,21.45,False,
U001560,organico,repeat_transaction,2024-03-13 21:47:16.713786,13.94,True,
U001560,organico,repeat_transaction,2024-03-20 04:02:34.909060,18.25,False,
U001560,organico,repeat_transaction,2024-03-22 20:28:26.428745,58.11,False,
U001560,organico,repeat_transaction,2024-03-30 13:47:58.264225,51.86,False,
U001560,organico,repeat_transaction,2024-04-09 10:19:55.403664,39.31,False,
U001560,organico,repeat_transaction,2024-04-10 13:20:15.061162,16.68,False,
U001560,organico,repeat_transaction,2024-04-19 13:40:54.984846,62.6,False,
U001561,organico,signup,2024-02-15 16:02:33.340594,,,
U001561,organico,login,2024-02-15 19:33:54.671673,,,
U001561,organico,view_service,2024-02-16 16:51:36.912900,,,
U001561,organico,start_application,2024-02-17 08:29:36.094872,,,
U001561,organico,complete_kyc,2024-02-21 08:16:57.050620,,,kyc_approved
U001561,organico,first_transaction,2024-02-23 02:52:27.531727,15.53,False,
U001561,organico,repeat_transaction,2024-03-03 14:12:30.855639,82.37,False,
U001562,organico,signup,2024-01-19 11:06:08.581858,,,
U001562,organico,login,2024-01-20 05:14:52.785583,,,
U001562,organico,view_service,2024-01-20 08:00:27.066360,,,
U001563,organico,signup,2024-03-24 10:25:41.706174,,,
U001563,organico,login,2024-03-25 22:02:34.401996,,,
U001564,organico,signup,2024-01-08 08:36:47.070546,,,
U001564,organico,login,2024-01-10 07:58:23.389570,,,
U001564,organico,view_service,2024-01-11 00:45:40.893742,,,
U001564,organico,start_application,2024-01-12 20:20:24.359774,,,
U001564,organico,complete_kyc,2024-01-13 08:59:22.788158,,,kyc_approved
U001565,organico,signup,2024-02-19 18:28:16.834516,,,
U001565,organico,login,2024-02-20 13:08:17.457510,,,
U001565,organico,view_service,2024-02-20 14:19:55.152299,,,
U001566,pagado,signup,2024-02-09 18:09:52.293024,,,
U001566,pagado,login,2024-02-10 13:11:29.002013,,,
U001566,pagado,view_service,2024-02-10 17:21:08.274725,,,
U001567,pagado,signup,2024-01-30 07:29:38.090152,,,
U001567,pagado,login,2024-01-31 19:28:01.607983,,,
U001567,pagado,view_service,2024-01-31 20:04:38.718270,,,
U001568,pagado,signup,2024-02-20 10:52:36.008547,,,
U001568,pagado,login,2024-02-22 10:34:32.621151,,,
U001569,pagado,signup,2024-01-03 23:56:35.293044,,,
U001569,pagado,login,2024-01-04 04:59:25.368551,,,
U001570,pagado,signup,2024-03-21 15:05:19.733605,,,
U001570,pagado,login,2024-03-22 18:36:28.238038,,,
U001570,pagado,view_service,2024-03-23 00:03:02.443206,,,
U001571,organico,signup,2024-01-19 12:35:47.537530,,,
U001571,organico,login,2024-01-20 05:49:18.439158,,,
U001571,organico,view_service,2024-01-21 01:15:41.073091,,,
U001572,pagado,signup,2024-02-02 22:30:55.907884,,,
U001572,pagado,login,2024-02-03 09:27:09.093487,,,
U001572,pagado,view_service,2024-02-03 17:22:17.605477,,,
U001573,referido,signup,2024-01-22 17:57:14.914472,,,
U001573,referido,login,2024-01-23 20:53:26.517598,,,
U001573,referido,view_service,2024-01-24 01:55:33.318224,,,
U001573,referido,start_application,2024-01-26 09:48:12.289330,,,
U001573,referido,complete_kyc,2024-01-27 04:42:39.088202,,,kyc_approved
U001573,referido,first_transaction,2024-01-27 23:41:20.149102,270.48,False,
U001573,referido,repeat_transaction,2024-02-05 07:02:51.383943,47.3,False,
U001574,pagado,signup,2024-03-09 15:18:02.094375,,,
U001574,pagado,login,2024-03-11 13:40:05.007649,,,
U001574,pagado,view_service,2024-03-11 20:11:23.620562,,,
U001574,pagado,start_application,2024-03-13 13:58:35.824939,,,
U001574,pagado,complete_kyc,2024-03-15 08:54:36.829092,,,kyc_approved
U001574,pagado,first_transaction,2024-03-16 00:00:20.364853,55.05,False,
U001574,pagado,repeat_transaction,2024-03-25 13:30:12.554802,25.92,False,
U001574,pagado,repeat_transaction,2024-03-28 17:55:56.962837,10.31,False,
U001574,pagado,repeat_transaction,2024-03-31 12:43:10.126582,24.0,False,
U001575,organico,signup,2024-02-06 03:34:39.464836,,,
U001575,organico,login,2024-02-07 06:48:22.102437,,,
U001576,organico,signup,2024-03-30 20:04:18.024195,,,
U001576,organico,login,2024-03-30 23:48:45.796549,,,
U001576,organico,view_service,2024-03-31 11:23:50.864309,,,
U001576,organico,start_application,2024-04-01 16:18:49.347897,,,
U001576,organico,complete_kyc,2024-04-05 10:58:49.533214,,,kyc_rejected
U001577,organico,signup,2024-01-31 07:59:27.109115,,,
U001577,organico,login,2024-01-31 20:09:20.350788,,,
U001577,organico,view_service,2024-02-01 17:53:50.343041,,,
U001578,referido,signup,2024-02-09 18:19:41.834282,,,
U001578,referido,login,2024-02-10 21:46:59.196441,,,
U001578,referido,view_service,2024-02-11 15:35:59.494281,,,
U001579,organico,signup,2024-03-20 23:32:27.631850,,,
U001579,organico,login,2024-03-21 02:38:55.932431,,,
U001579,organico,view_service,2024-03-21 23:17:50.292262,,,
U001579,organico,start_application,2024-03-22 22:14:48.363994,,,
U001579,organico,complete_kyc,2024-03-24 00:37:05.770943,,,kyc_approved
U001579,organico,first_transaction,2024-03-25 04:35:26.311965,17.03,False,
U001579,organico,repeat_transaction,2024-03-26 15:15:15.933169,13.29,False,
U001579,organico,repeat_transaction,2024-04-01 00:02:20.938865,122.2,False,
U001579,organico,repeat_transaction,2024-04-07 17:47:05.207123,44.3,False,
U001579,organico,repeat_transaction,2024-04-14 04:33:54.503126,47.74,False,
U001579,organico,repeat_transaction,2024-04-21 10:07:43.513568,29.48,False,
U001579,organico,repeat_transaction,2024-04-23 14:29:16.399927,32.43,False,
U001579,organico,repeat_transaction,2024-04-29 02:51:32.609236,71.89,False,
U001579,organico,repeat_transaction,2024-05-07 11:41:05.916865,35.78,False,
U001579,organico,repeat_transaction,2024-05-14 13:34:21.515422,53.06,False,
U001579,organico,repeat_transaction,2024-05-20 10:08:52.722022,31.91,False,
U001579,organico,repeat_transaction,2024-05-23 01:05:59.414814,28.8,False,
U001579,organico,repeat_transaction,2024-05-24 02:42:12.050071,13.67,False,
U001579,organico,repeat_transaction,2024-05-29 11:03:12.568853,9.17,False,
U001579,organico,repeat_transaction,2024-06-03 21:28:43.325304,30.47,False,
U001580,pagado,signup,2024-03-29 10:16:57.651585,,,
U001580,pagado,login,2024-03-31 09:37:14.071553,,,
U001580,pagado,view_service,2024-03-31 11:57:08.682260,,,
U001581,referido,signup,2024-01-17 09:37:17.241274,,,
U001581,referido,login,2024-01-18 06:28:33.940918,,,
U001581,referido,view_service,2024-01-18 18:58:28.107444,,,
U001582,pagado,signup,2024-02-03 20:41:38.045134,,,
U001582,pagado,login,2024-02-04 05:01:22.588709,,,
U001583,pagado,signup,2024-03-06 10:22:01.132718,,,
U001583,pagado,login,2024-03-07 21:53:47.425803,,,
U001583,pagado,view_service,2024-03-08 09:29:47.453643,,,
U001584,pagado,signup,2024-02-28 16:58:21.919863,,,
U001584,pagado,login,2024-02-29 11:50:22.207397,,,
U001584,pagado,view_service,2024-02-29 16:01:24.944261,,,
U001585,organico,signup,2024-01-11 17:59:09.048338,,,
U001585,organico,login,2024-01-13 00:31:57.007111,,,
U001585,organico,view_service,2024-01-13 21:43:42.626841,,,
U001585,organico,start_application,2024-01-14 10:12:09.853971,,,
U001585,organico,complete_kyc,2024-01-16 01:58:16.685528,,,kyc_approved
U001585,organico,first_transaction,2024-01-16 10:42:24.186255,38.07,True,
U001586,organico,signup,2024-01-17 13:11:02.133799,,,
U001586,organico,login,2024-01-17 21:39:59.669801,,,
U001586,organico,view_service,2024-01-17 22:02:18.874737,,,
U001587,organico,signup,2024-01-18 00:22:02.648083,,,
U001587,organico,login,2024-01-18 00:28:45.192563,,,
U001588,referido,signup,2024-02-09 21:54:33.112028,,,
U001588,referido,login,2024-02-09 23:53:36.577349,,,
U001588,referido,view_service,2024-02-10 14:39:40.770459,,,
U001588,referido,start_application,2024-02-12 21:25:26.004465,,,
U001588,referido,complete_kyc,2024-02-15 04:49:43.782328,,,kyc_approved
U001588,referido,first_transaction,2024-02-16 06:44:04.679444,14.88,False,
U001588,referido,repeat_transaction,2024-02-21 10:53:22.525388,35.73,False,
U001588,referido,repeat_transaction,2024-02-27 18:44:13.264772,38.0,False,
U001588,referido,repeat_transaction,2024-02-28 19:59:14.810102,8.09,False,
U001588,referido,repeat_transaction,2024-03-09 12:26:49.216487,19.29,False,
U001588,referido,repeat_transaction,2024-03-11 19:27:26.266260,48.67,False,
U001588,referido,repeat_transaction,2024-03-13 03:30:28.870116,47.99,False,
U001588,referido,repeat_transaction,2024-03-17 17:57:30.266323,16.32,False,
U001588,referido,repeat_transaction,2024-03-25 11:36:16.789593,40.89,False,
U001588,referido,repeat_transaction,2024-03-26 23:27:41.509518,74.86,False,
U001588,referido,repeat_transaction,2024-04-04 19:26:53.315695,63.05,False,
U001588,referido,repeat_transaction,2024-04-07 18:37:12.319997,34.24,False,
U001588,referido,repeat_transaction,2024-04-17 05:31:44.277371,26.37,True,
U001588,referido,repeat_transaction,2024-04-23 09:10:35.881497,23.56,False,
U001588,referido,repeat_transaction,2024-04-25 22:38:41.605101,50.78,False,
U001589,organico,signup,2024-01-20 06:01:11.851165,,,
U001589,organico,login,2024-01-21 11:41:04.950860,,,
U001589,organico,view_service,2024-01-21 13:57:56.644242,,,
U001590,organico,signup,2024-01-20 02:29:11.824164,,,
U001590,organico,login,2024-01-20 16:22:03.748473,,,
U001591,organico,signup,2024-01-18 13:13:09.874985,,,
U001591,organico,login,2024-01-19 12:08:56.294749,,,
U001591,organico,view_service,2024-01-20 10:11:56.815552,,,
U001591,organico,start_application,2024-01-23 00:02:10.573292,,,
U001591,organico,complete_kyc,2024-01-23 20:26:28.202117,,,kyc_approved
U001591,organico,first_transaction,2024-01-25 02:24:54.837913,41.95,False,
U001591,organico,repeat_transaction,2024-02-02 09:07:38.149296,56.86,False,
U001591,organico,repeat_transaction,2024-02-11 02:31:49.553788,40.14,False,
U001591,organico,repeat_transaction,2024-02-17 01:26:02.034325,64.92,False,
U001591,organico,repeat_transaction,2024-02-18 20:07:37.610423,39.1,False,
U001591,organico,repeat_transaction,2024-02-25 09:59:13.870889,63.39,False,
U001591,organico,repeat_transaction,2024-02-27 23:13:59.734595,67.33,False,
U001591,organico,repeat_transaction,2024-02-29 08:07:38.480217,20.84,False,
U001592,pagado,signup,2024-02-11 08:14:19.231578,,,
U001592,pagado,login,2024-02-11 16:23:46.789044,,,
U001592,pagado,view_service,2024-02-12 02:42:23.492357,,,
U001592,pagado,start_application,2024-02-12 16:55:32.063712,,,
U001592,pagado,complete_kyc,2024-02-16 00:06:33.948558,,,kyc_approved
U001592,pagado,first_transaction,2024-02-17 12:39:15.870273,10.32,True,
U001592,pagado,repeat_transaction,2024-02-25 11:33:35.843734,107.82,False,
U001592,pagado,repeat_transaction,2024-02-28 12:14:42.605108,43.8,False,
U001592,pagado,repeat_transaction,2024-03-01 17:47:50.319675,11.02,False,
U001592,pagado,repeat_transaction,2024-03-03 02:45:11.511783,22.21,False,
U001592,pagado,repeat_transaction,2024-03-05 16:06:42.565700,62.82,False,
U001593,pagado,signup,2024-01-26 14:42:15.049318,,,
U001593,pagado,login,2024-01-27 07:02:15.577140,,,
U001593,pagado,view_service,2024-01-27 15:09:50.354318,,,
U001594,organico,signup,2024-03-27 02:22:30.652444,,,
U001594,organico,login,2024-03-27 17:51:53.397633,,,
U001594,organico,view_service,2024-03-27 18:17:53.214537,,,
U001595,pagado,signup,2024-01-22 08:48:57.834051,,,
U001595,pagado,login,2024-01-22 23:30:44.562076,,,
U001596,pagado,signup,2024-03-08 15:03:03.873584,,,
U001597,pagado,signup,2024-01-27 06:42:46.035991,,,
U001597,pagado,login,2024-01-28 08:47:08.557613,,,
U001597,pagado,view_service,2024-01-29 00:26:48.926078,,,
U001598,referido,signup,2024-01-25 11:46:40.215159,,,
U001598,referido,login,2024-01-26 06:26:55.107584,,,
U001598,referido,view_service,2024-01-26 19:45:13.798720,,,
U001599,referido,signup,2024-01-08 16:50:56.443086,,,
U001599,referido,login,2024-01-09 10:48:16.385855,,,
U001599,referido,view_service,2024-01-10 01:26:18.224114,,,
U001599,referido,start_application,2024-01-10 05:50:19.565697,,,
U001599,referido,complete_kyc,2024-01-12 01:34:56.148467,,,kyc_rejected
U001600,organico,signup,2024-02-01 19:18:23.576110,,,
U001600,organico,login,2024-02-02 13:51:03.106252,,,
U001600,organico,view_service,2024-02-02 19:33:27.226376,,,
U001601,referido,signup,2024-01-05 21:26:28.289214,,,
U001601,referido,login,2024-01-06 10:19:51.332196,,,
U001601,referido,view_service,2024-01-06 22:34:34.215825,,,
U001601,referido,start_application,2024-01-08 03:10:27.532595,,,
U001601,referido,complete_kyc,2024-01-10 17:14:05.177536,,,kyc_approved
U001601,referido,first_transaction,2024-01-11 12:42:46.041128,30.09,False,
U001602,organico,signup,2024-03-26 03:42:26.437489,,,
U001602,organico,login,2024-03-27 20:53:14.720120,,,
U001603,pagado,signup,2024-03-12 11:07:21.683649,,,
U001603,pagado,login,2024-03-13 18:12:57.731198,,,
U001603,pagado,view_service,2024-03-13 23:29:16.276684,,,
U001604,pagado,signup,2024-03-14 19:07:51.651071,,,
U001604,pagado,login,2024-03-15 15:05:44.250185,,,
U001604,pagado,view_service,2024-03-16 10:37:18.912909,,,
U001605,pagado,signup,2024-03-20 15:57:30.109830,,,
U001605,pagado,login,2024-03-22 03:35:41.791815,,,
U001605,pagado,view_service,2024-03-23 03:27:26.619466,,,
U001605,pagado,start_application,2024-03-23 05:07:57.104634,,,
U001605,pagado,complete_kyc,2024-03-25 21:41:19.467885,,,kyc_approved
U001605,pagado,first_transaction,2024-03-27 13:28:14.941410,25.57,False,
U001605,pagado,repeat_transaction,2024-04-05 06:27:48.592493,97.57,False,
U001605,pagado,repeat_transaction,2024-04-12 13:41:52.071837,17.58,False,
U001605,pagado,repeat_transaction,2024-04-21 08:23:26.189945,20.93,False,
U001605,pagado,repeat_transaction,2024-04-26 08:01:53.403567,42.43,False,
U001605,pagado,repeat_transaction,2024-04-29 04:30:46.706265,48.1,False,
U001605,pagado,repeat_transaction,2024-05-07 01:13:15.167009,51.8,False,
U001605,pagado,repeat_transaction,2024-05-09 12:23:54.554913,69.26,False,
U001605,pagado,repeat_transaction,2024-05-16 14:27:01.263311,42.06,False,
U001605,pagado,repeat_transaction,2024-05-21 20:57:24.224560,51.55,False,
U001605,pagado,repeat_transaction,2024-05-28 02:17:00.651454,30.53,False,
U001605,pagado,repeat_transaction,2024-06-05 15:04:14.662930,38.24,False,
U001606,organico,signup,2024-04-01 09:13:03.556424,,,
U001606,organico,login,2024-04-02 12:13:49.364436,,,
U001606,organico,view_service,2024-04-02 20:00:46.195161,,,
U001607,organico,signup,2024-03-14 20:22:42.643136,,,
U001607,organico,login,2024-03-14 20:46:10.354682,,,
U001607,organico,view_service,2024-03-15 16:42:32.487991,,,
U001608,organico,signup,2024-02-24 00:22:48.509369,,,
U001608,organico,login,2024-02-25 02:08:00.861561,,,
U001609,organico,signup,2024-03-22 06:13:37.725026,,,
U001609,organico,login,2024-03-23 15:14:19.158796,,,
U001609,organico,view_service,2024-03-24 07:52:11.762999,,,
U001609,organico,start_application,2024-03-25 09:46:01.622573,,,
U001609,organico,complete_kyc,2024-03-27 16:16:48.300676,,,kyc_rejected
U001610,organico,signup,2024-04-01 01:09:38.795223,,,
U001610,organico,login,2024-04-02 03:03:36.397796,,,
U001610,organico,view_service,2024-04-02 11:55:13.668470,,,
U001611,pagado,signup,2024-03-28 13:04:18.202640,,,
U001611,pagado,login,2024-03-30 02:19:52.632087,,,
U001611,pagado,view_service,2024-03-30 08:15:27.368979,,,
U001611,pagado,start_application,2024-03-30 18:54:18.701517,,,
U001611,pagado,complete_kyc,2024-04-03 06:38:22.839680,,,kyc_approved
U001611,pagado,first_transaction,2024-04-04 05:03:24.086515,39.46,False,
U001611,pagado,repeat_transaction,2024-04-12 22:49:25.276080,42.55,True,
U001611,pagado,repeat_transaction,2024-04-19 15:46:17.429004,62.85,False,
U001611,pagado,repeat_transaction,2024-04-23 02:19:28.697953,53.98,False,
U001611,pagado,repeat_transaction,2024-04-25 02:55:35.612190,37.75,False,
U001611,pagado,repeat_transaction,2024-04-30 20:54:38.194175,20.77,False,
U001611,pagado,repeat_transaction,2024-05-08 16:46:23.806487,38.37,False,
U001611,pagado,repeat_transaction,2024-05-10 15:00:42.507817,35.89,False,
U001611,pagado,repeat_transaction,2024-05-13 21:34:22.516940,41.9,False,
U001611,pagado,repeat_transaction,2024-05-23 04:30:38.392738,171.5,False,
U001612,referido,signup,2024-02-29 22:58:53.075657,,,
U001612,referido,login,2024-03-02 12:11:24.183671,,,
U001612,referido,view_service,2024-03-02 13:32:34.483921,,,
U001613,organico,signup,2024-02-27 19:34:19.189773,,,
U001613,organico,login,2024-02-28 20:15:11.514685,,,
U001613,organico,view_service,2024-02-29 08:41:57.381758,,,
U001614,referido,signup,2024-01-08 01:29:54.223349,,,
U001614,referido,login,2024-01-09 22:54:19.904864,,,
U001614,referido,view_service,2024-01-10 14:33:13.437968,,,
U001615,pagado,signup,2024-03-18 03:30:58.172271,,,
U001615,pagado,login,2024-03-18 04:32:16.013421,,,
U001615,pagado,view_service,2024-03-18 16:44:44.937356,,,
U001616,organico,signup,2024-02-22 11:41:00.109144,,,
U001616,organico,login,2024-02-22 15:23:18.282995,,,
U001616,organico,view_service,2024-02-23 01:34:07.821171,,,
U001617,organico,signup,2024-01-17 21:45:12.372744,,,
U001617,organico,login,2024-01-17 23:26:19.035347,,,
U001617,organico,view_service,2024-01-17 23:53:22.623758,,,
U001618,organico,signup,2024-02-29 00:12:31.788860,,,
U001618,organico,login,2024-03-01 08:31:20.764389,,,
U001619,organico,signup,2024-01-22 10:53:32.761722,,,
U001619,organico,login,2024-01-23 17:44:26.312842,,,
U001619,organico,view_service,2024-01-24 06:17:26.313110,,,
U001620,organico,signup,2024-01-02 16:57:57.359525,,,
U001620,organico,login,2024-01-04 00:46:19.524503,,,
U001620,organico,view_service,2024-01-04 07:57:55.207880,,,
U001621,organico,signup,2024-02-07 17:20:26.952022,,,
U001621,organico,login,2024-02-09 15:16:21.754333,,,
U001621,organico,view_service,2024-02-09 21:16:39.841457,,,
U001621,organico,start_application,2024-02-12 14:46:07.750871,,,
U001621,organico,complete_kyc,2024-02-14 21:41:31.192647,,,kyc_approved
U001621,organico,first_transaction,2024-02-16 07:31:26.192643,25.36,False,
U001621,organico,repeat_transaction,2024-02-21 08:28:39.193379,49.19,False,
U001621,organico,repeat_transaction,2024-02-29 03:23:16.282435,77.32,False,
U001621,organico,repeat_transaction,2024-03-04 00:07:43.654025,39.2,False,
U001621,organico,repeat_transaction,2024-03-13 00:40:14.173291,188.01,False,
U001621,organico,repeat_transaction,2024-03-17 04:41:15.389365,28.09,False,
U001621,organico,repeat_transaction,2024-03-25 01:43:58.213716,45.92,False,
U001621,organico,repeat_transaction,2024-04-01 20:34:30.256630,20.92,False,
U001621,organico,repeat_transaction,2024-04-10 04:38:52.863318,28.62,False,
U001621,organico,repeat_transaction,2024-04-18 04:53:13.421418,43.56,False,
U001621,organico,repeat_transaction,2024-04-19 08:24:03.678765,66.18,False,
U001621,organico,repeat_transaction,2024-04-23 22:49:27.515377,45.76,False,
U001621,organico,repeat_transaction,2024-05-02 12:21:02.672789,88.36,False,
U001621,organico,repeat_transaction,2024-05-08 10:27:22.183256,34.24,False,
U001622,referido,signup,2024-02-23 07:03:28.287150,,,
U001622,referido,login,2024-02-25 04:08:21.546060,,,
U001622,referido,view_service,2024-02-25 07:50:10.279308,,,
U001622,referido,start_application,2024-02-25 17:04:47.769692,,,
U001622,referido,complete_kyc,2024-02-27 10:26:35.502307,,,kyc_approved
U001622,referido,first_transaction,2024-02-28 15:29:24.272733,29.01,False,
U001622,referido,repeat_transaction,2024-03-05 21:54:59.131220,242.93,False,
U001622,referido,repeat_transaction,2024-03-12 03:30:55.510191,48.23,False,
U001622,referido,repeat_transaction,2024-03-17 12:11:21.924256,22.12,False,
U001622,referido,repeat_transaction,2024-03-26 11:52:54.961360,22.51,False,
U001622,referido,repeat_transaction,2024-03-28 17:01:04.216929,18.92,False,
U001623,organico,signup,2024-02-25 19:43:27.794055,,,
U001623,organico,login,2024-02-27 01:31:00.349509,,,
U001623,organico,view_service,2024-02-27 11:33:10.026926,,,
U001623,organico,start_application,2024-02-28 20:16:27.003412,,,
U001623,organico,complete_kyc,2024-03-03 13:43:27.899076,,,kyc_approved
U001623,organico,first_transaction,2024-03-05 08:34:37.552430,70.5,False,
U001624,referido,signup,2024-03-27 23:25:07.139186,,,
U001624,referido,login,2024-03-29 04:24:43.374068,,,
U001625,pagado,signup,2024-01-22 03:09:43.850647,,,
U001625,pagado,login,2024-01-22 22:24:48.336782,,,
U001625,pagado,view_service,2024-01-23 15:28:14.500632,,,
U001626,organico,signup,2024-03-24 21:45:33.385328,,,
U001626,organico,login,2024-03-25 23:00:57.470899,,,
U001626,organico,view_service,2024-03-26 21:45:33.258930,,,
U001627,referido,signup,2024-03-15 06:35:17.484429,,,
U001627,referido,login,2024-03-15 15:46:12.004037,,,
U001628,organico,signup,2024-03-31 14:18:35.310587,,,
U001628,organico,login,2024-04-01 04:16:52.704115,,,
U001628,organico,view_service,2024-04-02 03:46:32.490642,,,
U001629,referido,signup,2024-01-15 19:52:54.526332,,,
U001629,referido,login,2024-01-17 09:56:17.610965,,,
U001629,referido,view_service,2024-01-18 01:49:37.912789,,,
U001630,referido,signup,2024-03-08 08:41:21.121847,,,
U001630,referido,login,2024-03-08 18:34:00.478973,,,
U001631,organico,signup,2024-01-16 08:14:02.520655,,,
U001631,organico,login,2024-01-17 12:39:49.869678,,,
U001631,organico,view_service,2024-01-18 04:08:52.398075,,,
U001632,organico,signup,2024-01-17 03:57:45.097422,,,
U001632,organico,login,2024-01-18 23:35:02.479754,,,
U001632,organico,view_service,2024-01-19 22:51:23.201776,,,
U001633,organico,signup,2024-01-18 18:36:40.134419,,,
U001633,organico,login,2024-01-19 17:55:03.738595,,,
U001633,organico,view_service,2024-01-20 08:32:39.921358,,,
U001634,pagado,signup,2024-01-26 09:32:18.317809,,,
U001634,pagado,login,2024-01-27 12:51:50.633133,,,
U001635,pagado,signup,2024-03-25 21:19:28.626688,,,
U001636,organico,signup,2024-02-19 22:25:56.059007,,,
U001636,organico,login,2024-02-20 10:18:57.143800,,,
U001637,organico,signup,2024-02-07 20:45:10.983378,,,
U001637,organico,login,2024-02-09 19:42:26.747276,,,
U001637,organico,view_service,2024-02-10 14:04:00.323335,,,
U001638,pagado,signup,2024-03-12 06:16:36.713793,,,
U001638,pagado,login,2024-03-14 03:22:22.799689,,,
U001638,pagado,view_service,2024-03-14 06:18:33.687284,,,
U001638,pagado,start_application,2024-03-14 22:37:32.026181,,,
U001638,pagado,complete_kyc,2024-03-15 06:03:12.173858,,,kyc_approved
U001638,pagado,first_transaction,2024-03-15 21:16:39.852343,28.36,False,
U001638,pagado,repeat_transaction,2024-03-21 07:09:33.139794,40.01,False,
U001638,pagado,repeat_transaction,2024-03-23 19:47:01.646550,35.01,False,
U001638,pagado,repeat_transaction,2024-04-02 13:27:03.666741,61.07,False,
U001638,pagado,repeat_transaction,2024-04-07 07:57:52.057939,20.23,False,
U001638,pagado,repeat_transaction,2024-04-15 04:30:43.969063,17.24,False,
U001638,pagado,repeat_transaction,2024-04-16 14:13:47.031822,42.82,False,
U001638,pagado,repeat_transaction,2024-04-25 02:13:41.319102,55.74,False,
U001638,pagado,repeat_transaction,2024-05-01 08:20:06.475333,46.19,False,
U001639,pagado,signup,2024-01-19 19:41:50.185021,,,
U001639,pagado,login,2024-01-20 10:40:14.338701,,,
U001640,organico,signup,2024-02-26 14:00:37.318075,,,
U001640,organico,login,2024-02-28 02:01:31.521534,,,
U001640,organico,view_service,2024-02-28 22:48:58.159528,,,
U001641,organico,signup,2024-01-08 21:08:11.066952,,,
U001641,organico,login,2024-01-09 17:02:41.706804,,,
U001641,organico,view_service,2024-01-10 11:13:35.039998,,,
U001641,organico,start_application,2024-01-11 21:12:24.849232,,,
U001641,organico,complete_kyc,2024-01-12 00:57:53.940199,,,kyc_rejected
U001642,pagado,signup,2024-03-12 16:04:19.424869,,,
U001642,pagado,login,2024-03-13 23:39:43.195764,,,
U001643,pagado,signup,2024-01-09 09:54:26.372789,,,
U001643,pagado,login,2024-01-10 14:59:15.771082,,,
U001643,pagado,view_service,2024-01-11 10:04:22.207917,,,
U001644,organico,signup,2024-02-20 02:15:10.121696,,,
U001644,organico,login,2024-02-21 21:13:57.985372,,,
U001644,organico,view_service,2024-02-22 03:46:45.031893,,,
U001645,organico,signup,2024-02-04 12:27:53.087567,,,
U001645,organico,login,2024-02-05 19:32:14.940445,,,
U001646,organico,signup,2024-03-14 19:42:29.047924,,,
U001646,organico,login,2024-03-15 21:39:13.575085,,,
U001647,referido,signup,2024-01-25 07:13:37.712295,,,
U001647,referido,login,2024-01-25 11:13:40.347153,,,
U001647,referido,view_service,2024-01-26 03:35:13.806657,,,
U001648,organico,signup,2024-01-17 08:50:34.023289,,,
U001648,organico,login,2024-01-18 02:44:58.028669,,,
U001649,pagado,signup,2024-01-03 12:17:18.859438,,,
U001649,pagado,login,2024-01-03 16:43:32.098501,,,
U001650,organico,signup,2024-03-07 08:33:03.260124,,,
U001650,organico,login,2024-03-09 05:19:10.559377,,,
U001650,organico,view_service,2024-03-09 16:35:17.968915,,,
U001650,organico,start_application,2024-03-09 18:10:26.903598,,,
U001650,organico,complete_kyc,2024-03-13 09:22:37.099381,,,kyc_rejected
U001651,pagado,signup,2024-03-18 03:01:45.958579,,,
U001652,pagado,signup,2024-03-31 08:36:21.199273,,,
U001653,pagado,signup,2024-03-07 18:03:34.019447,,,
U001653,pagado,login,2024-03-08 04:48:37.407935,,,
U001653,pagado,view_service,2024-03-08 21:09:51.626375,,,
U001654,pagado,signup,2024-02-05 04:01:34.198339,,,
U001654,pagado,login,2024-02-06 06:59:31.864732,,,
U001654,pagado,view_service,2024-02-07 02:12:37.394714,,,
U001654,pagado,start_application,2024-02-09 01:37:50.247429,,,
U001654,pagado,complete_kyc,2024-02-09 12:46:22.763545,,,kyc_approved
U001654,pagado,first_transaction,2024-02-11 12:29:41.748530,20.77,False,
U001655,organico,signup,2024-01-03 20:29:40.567387,,,
U001655,organico,login,2024-01-04 19:23:50.421334,,,
U001656,organico,signup,2024-03-13 23:02:13.916453,,,
U001656,organico,login,2024-03-14 05:43:39.356262,,,
U001656,organico,view_service,2024-03-14 10:29:17.650824,,,
U001657,organico,signup,2024-02-06 05:01:46.388825,,,
U001657,organico,login,2024-02-06 16:48:41.205152,,,
U001657,organico,view_service,2024-02-07 13:51:04.346326,,,
U001658,organico,signup,2024-02-08 14:36:09.658814,,,
U001658,organico,login,2024-02-10 03:03:21.984294,,,
U001658,organico,view_service,2024-02-10 03:10:21.333552,,,
U001658,organico,start_application,2024-02-10 04:15:03.999115,,,
U001658,organico,complete_kyc,2024-02-13 04:17:04.054608,,,kyc_approved
U001658,organico,first_transaction,2024-02-13 05:10:19.637168,58.81,False,
U001659,referido,signup,2024-01-03 10:35:23.041715,,,
U001659,referido,login,2024-01-05 07:08:49.150561,,,
U001659,referido,view_service,2024-01-05 12:51:40.528331,,,
U001659,referido,start_application,2024-01-06 06:07:27.190247,,,
U001659,referido,complete_kyc,2024-01-09 13:48:58.196901,,,kyc_approved
U001659,referido,first_transaction,2024-01-10 15:20:46.909074,21.74,False,
U001659,referido,repeat_transaction,2024-01-14 00:47:54.425999,25.4,True,
U001659,referido,repeat_transaction,2024-01-19 22:31:20.937898,18.9,False,
U001659,referido,repeat_transaction,2024-01-28 16:11:31.206719,91.0,False,
U001659,referido,repeat_transaction,2024-02-04 00:08:34.379449,57.02,False,
U001659,referido,repeat_transaction,2024-02-05 12:49:21.255897,55.9,False,
U001659,referido,repeat_transaction,2024-02-12 06:52:01.169580,87.62,False,
U001659,referido,repeat_transaction,2024-02-14 12:04:55.933943,262.13,False,
U001660,organico,signup,2024-03-04 17:42:21.884602,,,
U001660,organico,login,2024-03-05 16:11:56.015703,,,
U001660,organico,view_service,2024-03-05 21:47:15.702627,,,
U001660,organico,start_application,2024-03-07 20:34:12.040827,,,
U001660,organico,complete_kyc,2024-03-08 14:53:50.195251,,,kyc_approved
U001660,organico,first_transaction,2024-03-10 01:19:22.049101,11.06,False,
U001660,organico,repeat_transaction,2024-03-14 04:40:02.053805,21.83,False,
U001660,organico,repeat_transaction,2024-03-19 15:09:16.275842,23.78,False,
U001660,organico,repeat_transaction,2024-03-23 12:38:15.208801,20.17,False,
U001660,organico,repeat_transaction,2024-04-02 08:38:15.956819,17.21,False,
U001660,organico,repeat_transaction,2024-04-04 14:14:35.523337,29.67,False,
U001660,organico,repeat_transaction,2024-04-12 07:37:52.283474,15.62,False,
U001660,organico,repeat_transaction,2024-04-15 20:26:19.036883,46.27,False,
U001660,organico,repeat_transaction,2024-04-19 19:35:03.111359,37.95,False,
U001661,organico,signup,2024-01-04 00:39:06.481983,,,
U001661,organico,login,2024-01-04 17:24:51.593701,,,
U001661,organico,view_service,2024-01-04 22:31:35.171289,,,
U001662,pagado,signup,2024-03-10 23:40:03.569359,,,
U001662,pagado,login,2024-03-12 04:22:10.591480,,,
U001662,pagado,view_service,2024-03-12 07:59:52.554262,,,
U001663,organico,signup,2024-01-30 17:57:21.075464,,,
U001664,organico,signup,2024-03-15 19:37:34.707774,,,
U001664,organico,login,2024-03-16 17:10:06.602786,,,
U001664,organico,view_service,2024-03-17 13:54:14.191078,,,
U001664,organico,start_application,2024-03-18 20:19:00.972653,,,
U001664,organico,complete_kyc,2024-03-22 12:49:14.588801,,,kyc_approved
U001664,organico,first_transaction,2024-03-24 03:13:48.133586,51.25,False,
U001664,organico,repeat_transaction,2024-03-25 18:34:02.598370,52.22,False,
U001665,pagado,signup,2024-01-08 08:05:20.140994,,,
U001666,organico,signup,2024-03-15 02:56:43.959622,,,
U001666,organico,login,2024-03-16 06:26:53.712626,,,
U001666,organico,view_service,2024-03-16 10:47:28.021625,,,
U001666,organico,start_application,2024-03-17 01:55:54.455990,,,
U001666,organico,complete_kyc,2024-03-19 10:50:47.642249,,,kyc_approved
U001666,organico,first_transaction,2024-03-19 13:39:30.230117,55.82,False,
U001666,organico,repeat_transaction,2024-03-23 20:34:39.502644,28.18,False,
U001666,organico,repeat_transaction,2024-04-01 03:53:38.921478,161.55,False,
U001666,organico,repeat_transaction,2024-04-11 01:11:49.787425,43.12,False,
U001666,organico,repeat_transaction,2024-04-12 12:57:02.298454,9.94,False,
U001666,organico,repeat_transaction,2024-04-14 15:32:31.267626,18.14,False,
U001666,organico,repeat_transaction,2024-04-16 08:48:41.878920,10.82,False,
U001666,organico,repeat_transaction,2024-04-22 02:08:58.585621,37.05,False,
U001666,organico,repeat_transaction,2024-04-26 16:05:14.232943,33.61,False,
U001666,organico,repeat_transaction,2024-05-06 02:25:15.022966,26.37,False,
U001666,organico,repeat_transaction,2024-05-10 17:49:04.218015,149.55,False,
U001666,organico,repeat_transaction,2024-05-14 17:07:08.207358,53.75,False,
U001666,organico,repeat_transaction,2024-05-20 16:43:27.859956,60.84,False,
U001667,organico,signup,2024-02-12 22:44:22.686349,,,
U001667,organico,login,2024-02-13 01:11:42.600645,,,
U001667,organico,view_service,2024-02-13 07:03:44.350992,,,
U001668,organico,signup,2024-02-14 09:29:17.259238,,,
U001668,organico,login,2024-02-14 09:52:28.307561,,,
U001668,organico,view_service,2024-02-14 23:25:27.240824,,,
U001668,organico,start_application,2024-02-16 18:54:49.413780,,,
U001668,organico,complete_kyc,2024-02-18 12:42:58.323885,,,kyc_approved
U001668,organico,first_transaction,2024-02-20 03:58:07.281789,19.07,False,
U001668,organico,repeat_transaction,2024-02-23 01:54:43.914390,18.19,False,
U001668,organico,repeat_transaction,2024-02-25 23:20:39.093781,37.55,False,
U001668,organico,repeat_transaction,2024-03-01 14:47:47.956788,41.31,False,
U001668,organico,repeat_transaction,2024-03-04 06:58:55.225900,9.98,False,
U001668,organico,repeat_transaction,2024-03-06 11:47:24.826737,32.26,False,
U001668,organico,repeat_transaction,2024-03-08 23:11:06.730542,36.96,False,
U001668,organico,repeat_transaction,2024-03-17 04:49:34.952113,31.48,False,
U001668,organico,repeat_transaction,2024-03-21 14:03:20.811922,20.71,False,
U001669,pagado,signup,2024-01-25 16:26:37.258056,,,
U001669,pagado,login,2024-01-27 02:30:35.947561,,,
U001669,pagado,view_service,2024-01-27 15:22:16.533351,,,
U001669,pagado,start_application,2024-01-28 01:35:13.083736,,,
U001669,pagado,complete_kyc,2024-01-28 15:08:17.026191,,,kyc_approved
U001669,pagado,first_transaction,2024-01-28 19:44:12.717205,25.09,False,
U001669,pagado,repeat_transaction,2024-02-04 08:58:33.207000,32.34,False,
U001669,pagado,repeat_transaction,2024-02-12 13:25:30.577905,39.0,False,
U001669,pagado,repeat_transaction,2024-02-16 04:47:07.937028,55.89,False,
U001669,pagado,repeat_transaction,2024-02-19 20:55:14.821770,77.99,False,
U001669,pagado,repeat_transaction,2024-02-26 07:31:30.629070,29.78,False,
U001669,pagado,repeat_transaction,2024-03-06 07:38:53.162319,26.59,True,
U001669,pagado,repeat_transaction,2024-03-13 08:56:39.682234,49.72,False,
U001670,organico,signup,2024-01-10 09:53:23.250740,,,
U001670,organico,login,2024-01-11 04:37:23.104347,,,
U001671,organico,signup,2024-01-21 02:46:58.435506,,,
U001671,organico,login,2024-01-22 18:45:06.847898,,,
U001672,referido,signup,2024-01-22 14:09:52.169145,,,
U001672,referido,login,2024-01-23 23:47:13.169995,,,
U001672,referido,view_service,2024-01-24 09:22:45.439098,,,
U001673,pagado,signup,2024-01-05 08:20:32.516717,,,
U001673,pagado,login,2024-01-05 10:57:01.466124,,,
U001673,pagado,view_service,2024-01-05 11:49:40.643244,,,
U001674,organico,signup,2024-02-16 14:41:46.004913,,,
U001674,organico,login,2024-02-18 06:16:12.357618,,,
U001674,organico,view_service,2024-02-19 01:15:59.741234,,,
U001674,organico,start_application,2024-02-19 05:13:25.406104,,,
U001674,organico,complete_kyc,2024-02-22 19:27:51.403455,,,kyc_approved
U001674,organico,first_transaction,2024-02-24 13:10:02.812301,56.13,False,
U001675,pagado,signup,2024-02-09 22:37:32.302804,,,
U001675,pagado,login,2024-02-11 15:03:02.185663,,,
U001675,pagado,view_service,2024-02-11 18:55:48.852510,,,
U001676,organico,signup,2024-02-08 05:45:59.096375,,,
U001676,organico,login,2024-02-09 22:26:07.070947,,,
U001677,organico,signup,2024-03-28 05:31:40.504434,,,
U001677,organico,login,2024-03-29 09:06:25.296810,,,
U001677,organico,view_service,2024-03-29 23:24:27.283942,,,
U001678,organico,signup,2024-03-11 23:39:59.910497,,,
U001678,organico,login,2024-03-13 09:40:59.063975,,,
U001679,pagado,signup,2024-01-09 13:31:31.119429,,,
U001679,pagado,login,2024-01-10 17:51:06.098804,,,
U001679,pagado,view_service,2024-01-11 01:26:44.887137,,,
U001679,pagado,start_application,2024-01-13 15:52:01.034388,,,
U001679,pagado,complete_kyc,2024-01-16 01:24:03.685290,,,kyc_approved
U001679,pagado,first_transaction,2024-01-17 16:56:55.967029,27.01,False,
U001679,pagado,repeat_transaction,2024-01-19 20:30:05.833644,63.64,False,
U001679,pagado,repeat_transaction,2024-01-29 15:10:45.511299,72.65,False,
U001679,pagado,repeat_transaction,2024-02-03 01:28:35.790960,90.39,False,
U001679,pagado,repeat_transaction,2024-02-05 11:22:38.925068,127.08,False,
U001680,pagado,signup,2024-03-22 01:15:26.503024,,,
U001680,pagado,login,2024-03-22 06:21:17.063858,,,
U001680,pagado,view_service,2024-03-22 19:52:25.888261,,,
U001680,pagado,start_application,2024-03-23 14:03:18.409839,,,
U001680,pagado,complete_kyc,2024-03-23 14:56:42.410910,,,kyc_approved
U001680,pagado,first_transaction,2024-03-24 11:58:27.893128,19.96,False,
U001681,organico,signup,2024-03-05 14:12:37.180305,,,
U001681,organico,login,2024-03-07 08:55:03.199962,,,
U001681,organico,view_service,2024-03-07 17:08:04.905487,,,
U001682,pagado,signup,2024-03-04 17:04:51.740076,,,
U001682,pagado,login,2024-03-04 23:57:05.067782,,,
U001683,organico,signup,2024-02-01 05:32:51.879039,,,
U001683,organico,login,2024-02-02 06:39:32.553555,,,
U001683,organico,view_service,2024-02-02 08:33:14.508885,,,
U001684,pagado,signup,2024-01-25 15:07:15.312975,,,
U001684,pagado,login,2024-01-27 14:08:27.508288,,,
U001684,pagado,view_service,2024-01-28 13:28:53.572284,,,
U001685,organico,signup,2024-03-10 02:21:08.779921,,,
U001685,organico,login,2024-03-10 15:21:13.688205,,,
U001686,organico,signup,2024-03-22 01:33:39.601005,,,
U001686,organico,login,2024-03-23 18:45:46.926324,,,
U001686,organico,view_service,2024-03-23 23:38:05.651739,,,
U001687,organico,signup,2024-02-20 10:39:40.805683,,,
U001687,organico,login,2024-02-21 05:57:30.633224,,,
U001687,organico,view_service,2024-02-21 16:02:10.487022,,,
U001687,organico,start_application,2024-02-22 15:02:51.379832,,,
U001687,organico,complete_kyc,2024-02-24 10:29:10.251248,,,kyc_approved
U001688,organico,signup,2024-03-02 10:02:47.978827,,,
U001688,organico,login,2024-03-03 22:29:09.416536,,,
U001689,organico,signup,2024-01-26 17:17:39.296544,,,
U001689,organico,login,2024-01-27 18:21:03.902019,,,
U001690,pagado,signup,2024-03-19 07:35:38.628224,,,
U001690,pagado,login,2024-03-20 02:01:16.675768,,,
U001690,pagado,view_service,2024-03-20 04:37:20.086774,,,
U001690,pagado,start_application,2024-03-20 23:10:41.159896,,,
U001690,pagado,complete_kyc,2024-03-22 04:34:13.238291,,,kyc_approved
U001690,pagado,first_transaction,2024-03-23 09:58:01.395376,36.96,False,
U001690,pagado,repeat_transaction,2024-04-01 01:08:29.592652,36.89,False,
U001690,pagado,repeat_transaction,2024-04-06 19:28:00.573005,34.17,False,
U001690,pagado,repeat_transaction,2024-04-16 19:03:32.113672,23.23,False,
U001690,pagado,repeat_transaction,2024-04-24 18:34:25.409874,12.94,False,
U001690,pagado,repeat_transaction,2024-05-03 03:49:10.157265,39.05,False,
U001690,pagado,repeat_transaction,2024-05-10 17:32:25.717349,21.37,False,
U001690,pagado,repeat_transaction,2024-05-20 08:32:24.278101,38.87,False,
U001690,pagado,repeat_transaction,2024-05-21 18:23:08.739358,20.99,False,
U001690,pagado,repeat_transaction,2024-05-30 01:19:19.442092,16.95,False,
U001690,pagado,repeat_transaction,2024-06-08 07:14:39.739346,43.12,False,
U001690,pagado,repeat_transaction,2024-06-13 00:03:58.374170,40.68,False,
U001691,organico,signup,2024-01-05 08:15:58.322119,,,
U001691,organico,login,2024-01-05 18:32:57.542753,,,
U001691,organico,view_service,2024-01-05 18:53:22.183368,,,
U001692,pagado,signup,2024-03-18 20:07:09.575278,,,
U001692,pagado,login,2024-03-20 12:29:19.820765,,,
U001692,pagado,view_service,2024-03-20 16:11:59.114243,,,
U001692,pagado,start_application,2024-03-21 07:22:49.488836,,,
U001692,pagado,complete_kyc,2024-03-22 21:03:10.406173,,,kyc_approved
U001692,pagado,first_transaction,2024-03-23 12:22:27.212915,54.9,False,
U001692,pagado,repeat_transaction,2024-03-31 10:42:36.759404,169.03,False,
U001692,pagado,repeat_transaction,2024-04-05 21:00:47.138754,44.44,False,
U001692,pagado,repeat_transaction,2024-04-15 15:19:42.795827,51.4,True,
U001692,pagado,repeat_transaction,2024-04-19 12:51:07.409534,17.21,False,
U001692,pagado,repeat_transaction,2024-04-29 02:46:25.227416,14.87,False,
U001692,pagado,repeat_transaction,2024-05-06 04:58:08.688338,110.83,False,
U001692,pagado,repeat_transaction,2024-05-12 11:12:58.767247,19.17,False,
U001692,pagado,repeat_transaction,2024-05-18 09:41:37.658152,17.62,False,
U001692,pagado,repeat_transaction,2024-05-28 05:56:00.447903,35.61,True,
U001692,pagado,repeat_transaction,2024-06-04 16:51:16.210707,34.36,False,
U001692,pagado,repeat_transaction,2024-06-07 00:38:11.400763,19.46,False,
U001692,pagado,repeat_transaction,2024-06-15 17:39:54.013753,29.56,False,
U001693,organico,signup,2024-02-19 17:09:45.769432,,,
U001693,organico,login,2024-02-20 22:30:24.558405,,,
U001694,organico,signup,2024-03-18 03:33:18.177140,,,
U001694,organico,login,2024-03-19 00:43:54.967687,,,
U001694,organico,view_service,2024-03-19 07:37:28.259142,,,
U001695,organico,signup,2024-01-08 21:38:34.321715,,,
U001696,pagado,signup,2024-03-07 03:33:56.766300,,,
U001696,pagado,login,2024-03-07 09:51:05.054348,,,
U001696,pagado,view_service,2024-03-08 04:44:35.006084,,,
U001697,organico,signup,2024-02-18 05:23:44.922562,,,
U001697,organico,login,2024-02-18 17:12:59.709131,,,
U001698,organico,signup,2024-03-22 06:23:15.248037,,,
U001698,organico,login,2024-03-23 00:32:00.961554,,,
U001698,organico,view_service,2024-03-23 07:17:18.326492,,,
U001699,pagado,signup,2024-01-28 20:16:09.402311,,,
U001700,organico,signup,2024-01-02 15:02:32.135155,,,
U001700,organico,login,2024-01-04 13:26:33.747607,,,
U001701,organico,signup,2024-01-11 02:47:46.337440,,,
U001701,organico,login,2024-01-11 07:13:22.513863,,,
U001701,organico,view_service,2024-01-11 10:51:19.419368,,,
U001702,referido,signup,2024-02-08 20:06:00.932412,,,
U001702,referido,login,2024-02-10 16:38:39.567859,,,
U001702,referido,view_service,2024-02-11 03:42:55.270335,,,
U001702,referido,start_application,2024-02-13 02:49:15.383538,,,
U001702,referido,complete_kyc,2024-02-13 14:41:23.782059,,,kyc_approved
U001703,organico,signup,2024-01-15 19:21:35.120359,,,
U001703,organico,login,2024-01-15 22:10:17.641837,,,
U001703,organico,view_service,2024-01-16 17:17:58.427681,,,
U001704,organico,signup,2024-02-28 10:54:05.600362,,,
U001704,organico,login,2024-02-29 09:19:25.304653,,,
U001704,organico,view_service,2024-02-29 17:06:30.982191,,,
U001704,organico,start_application,2024-03-02 14:17:54.698321,,,
U001704,organico,complete_kyc,2024-03-04 09:18:44.153150,,,kyc_approved
U001704,organico,first_transaction,2024-03-05 13:50:01.154284,86.54,False,
U001705,referido,signup,2024-02-20 08:33:05.422544,,,
U001705,referido,login,2024-02-21 06:49:05.293160,,,
U001705,referido,view_service,2024-02-21 20:50:07.549059,,,
U001705,referido,start_application,2024-02-23 16:15:25.938701,,,
U001705,referido,complete_kyc,2024-02-25 22:01:46.638511,,,kyc_approved
U001705,referido,first_transaction,2024-02-27 03:16:40.603214,20.82,False,
U001705,referido,repeat_transaction,2024-03-06 13:51:40.243479,13.8,False,
U001705,referido,repeat_transaction,2024-03-09 22:47:35.809451,70.8,False,
U001705,referido,repeat_transaction,2024-03-14 15:34:28.783139,51.66,False,
U001705,referido,repeat_transaction,2024-03-23 09:36:12.547549,23.7,False,
U001705,referido,repeat_transaction,2024-03-30 13:37:01.269539,12.09,False,
U001705,referido,repeat_transaction,2024-04-01 22:13:10.408108,21.73,False,
U001705,referido,repeat_transaction,2024-04-09 01:22:17.220820,35.22,False,
U001706,referido,signup,2024-03-13 08:58:54.457415,,,
U001706,referido,login,2024-03-13 13:18:26.383925,,,
U001707,pagado,signup,2024-01-16 11:43:55.738050,,,
U001707,pagado,login,2024-01-17 06:22:04.250824,,,
U001707,pagado,view_service,2024-01-18 00:40:39.925871,,,
U001708,organico,signup,2024-03-15 09:45:46.454927,,,
U001708,organico,login,2024-03-16 04:26:57.308381,,,
U001709,referido,signup,2024-01-05 10:00:05.936667,,,
U001709,referido,login,2024-01-06 09:08:37.791039,,,
U001709,referido,view_service,2024-01-06 22:28:55.832421,,,
U001709,referido,start_application,2024-01-08 18:12:12.865355,,,
U001709,referido,complete_kyc,2024-01-09 16:45:39.584408,,,kyc_approved
U001709,referido,first_transaction,2024-01-11 00:36:24.818422,82.76,False,
U001710,pagado,signup,2024-02-27 03:19:48.934051,,,
U001710,pagado,login,2024-02-29 03:09:52.933158,,,
U001710,pagado,view_service,2024-02-29 11:42:01.820465,,,
U001711,pagado,signup,2024-03-18 05:54:13.617415,,,
U001711,pagado,login,2024-03-18 21:46:32.866891,,,
U001711,pagado,view_service,2024-03-19 14:08:38.480944,,,
U001712,organico,signup,2024-01-27 06:12:41.570775,,,
U001712,organico,login,2024-01-27 16:20:02.326274,,,
U001713,organico,signup,2024-01-30 06:06:36.317528,,,
U001713,organico,login,2024-01-30 11:06:54.644278,,,
U001713,organico,view_service,2024-01-30 16:35:51.213656,,,
U001714,organico,signup,2024-01-12 20:56:29.231117,,,
U001714,organico,login,2024-01-13 22:36:40.292453,,,
U001714,organico,view_service,2024-01-13 23:33:31.342773,,,
U001715,referido,signup,2024-02-11 23:26:08.823505,,,
U001715,referido,login,2024-02-12 10:39:15.728143,,,
U001716,pagado,signup,2024-02-27 20:06:29.031752,,,
U001716,pagado,login,2024-02-29 18:58:26.809202,,,
U001716,pagado,view_service,2024-03-01 02:03:07.590100,,,
U001717,referido,signup,2024-03-28 15:42:28.746493,,,
U001717,referido,login,2024-03-28 22:15:38.580181,,,
U001717,referido,view_service,2024-03-29 03:32:48.840721,,,
U001718,pagado,signup,2024-03-20 12:42:22.843770,,,
U001718,pagado,login,2024-03-21 22:38:37.645837,,,
U001718,pagado,view_service,2024-03-22 20:29:18.884081,,,
U001719,pagado,signup,2024-01-23 12:37:23.998801,,,
U001719,pagado,login,2024-01-23 22:42:16.581618,,,
U001719,pagado,view_service,2024-01-24 12:17:05.266180,,,
U001719,pagado,start_application,2024-01-26 04:35:31.334341,,,
U001719,pagado,complete_kyc,2024-01-29 21:07:14.711675,,,kyc_approved
U001719,pagado,first_transaction,2024-01-31 20:55:32.841014,17.71,False,
U001719,pagado,repeat_transaction,2024-02-05 06:07:24.551459,34.5,False,
U001719,pagado,repeat_transaction,2024-02-09 14:39:31.380005,58.71,False,
U001720,pagado,signup,2024-01-25 03:12:13.793139,,,
U001720,pagado,login,2024-01-27 00:39:08.642599,,,
U001721,organico,signup,2024-03-14 08:53:21.100411,,,
U001721,organico,login,2024-03-15 19:49:11.783280,,,
U001721,organico,view_service,2024-03-16 11:00:39.162752,,,
U001721,organico,start_application,2024-03-17 07:29:23.593698,,,
U001721,organico,complete_kyc,2024-03-17 15:51:09.020078,,,kyc_approved
U001721,organico,first_transaction,2024-03-19 12:35:24.349290,6.91,False,
U001721,organico,repeat_transaction,2024-03-24 12:03:07.352370,75.46,False,
U001721,organico,repeat_transaction,2024-04-03 00:53:08.999467,16.0,False,
U001722,organico,signup,2024-03-01 00:58:21.855628,,,
U001722,organico,login,2024-03-02 14:48:18.989258,,,
U001722,organico,view_service,2024-03-02 21:24:16.487400,,,
U001723,pagado,signup,2024-01-20 19:01:08.805058,,,
U001723,pagado,login,2024-01-22 18:50:17.639845,,,
U001723,pagado,view_service,2024-01-23 12:06:26.850355,,,
U001723,pagado,start_application,2024-01-24 17:19:54.675857,,,
U001723,pagado,complete_kyc,2024-01-27 09:17:08.431773,,,kyc_rejected
U001724,referido,signup,2024-03-11 09:17:35.806234,,,
U001725,pagado,signup,2024-03-29 23:32:46.961493,,,
U001725,pagado,login,2024-03-30 18:03:45.110676,,,
U001726,organico,signup,2024-03-22 13:52:07.884233,,,
U001726,organico,login,2024-03-24 01:42:52.076864,,,
U001727,organico,signup,2024-03-27 17:32:10.811005,,,
U001727,organico,login,2024-03-29 13:28:40.074301,,,
U001727,organico,view_service,2024-03-30 08:57:31.026602,,,
U001728,organico,signup,2024-03-18 12:58:34.109818,,,
U001729,organico,signup,2024-02-23 23:51:29.946876,,,
U001729,organico,login,2024-02-24 20:55:30.060004,,,
U001729,organico,view_service,2024-02-25 02:15:39.435401,,,
U001730,organico,signup,2024-03-08 17:26:55.638639,,,
U001730,organico,login,2024-03-09 09:13:52.120772,,,
U001730,organico,view_service,2024-03-09 15:53:35.581287,,,
U001731,organico,signup,2024-01-04 14:02:55.507271,,,
U001731,organico,login,2024-01-04 17:09:01.824148,,,
U001731,organico,view_service,2024-01-05 02:40:17.772633,,,
U001731,organico,start_application,2024-01-07 18:09:52.365520,,,
U001731,organico,complete_kyc,2024-01-08 08:02:43.041622,,,kyc_approved
U001731,organico,first_transaction,2024-01-08 13:24:58.972310,46.17,False,
U001731,organico,repeat_transaction,2024-01-12 23:24:43.745922,43.5,False,
U001731,organico,repeat_transaction,2024-01-19 05:40:34.894601,78.2,False,
U001731,organico,repeat_transaction,2024-01-26 20:27:00.741474,53.82,False,
U001732,referido,signup,2024-02-28 09:20:55.050908,,,
U001732,referido,login,2024-02-29 08:43:35.304535,,,
U001732,referido,view_service,2024-03-01 05:09:11.958190,,,
U001732,referido,start_application,2024-03-01 11:55:01.651036,,,
U001732,referido,complete_kyc,2024-03-03 22:28:02.527888,,,kyc_approved
U001733,referido,signup,2024-03-25 06:42:48.614426,,,
U001733,referido,login,2024-03-26 21:12:33.348326,,,
U001733,referido,view_service,2024-03-27 14:42:33.875071,,,
U001734,pagado,signup,2024-03-12 15:11:02.565031,,,
U001734,pagado,login,2024-03-14 09:11:48.398273,,,
U001734,pagado,view_service,2024-03-14 12:36:57.986675,,,
U001735,pagado,signup,2024-02-22 20:10:06.427207,,,
U001736,organico,signup,2024-03-25 12:57:03.422597,,,
U001736,organico,login,2024-03-26 06:57:20.005488,,,
U001736,organico,view_service,2024-03-26 20:54:09.991841,,,
U001736,organico,start_application,2024-03-27 22:42:50.687080,,,
U001736,organico,complete_kyc,2024-03-28 10:08:40.903184,,,kyc_approved
U001736,organico,first_transaction,2024-03-29 11:26:21.435203,6.93,False,
U001737,organico,signup,2024-01-14 17:59:06.550920,,,
U001737,organico,login,2024-01-15 07:45:23.496056,,,
U001737,organico,view_service,2024-01-15 23:23:20.943177,,,
U001738,pagado,signup,2024-01-07 04:29:52.553109,,,
U001738,pagado,login,2024-01-07 09:23:00.218341,,,
U001738,pagado,view_service,2024-01-07 20:56:22.312158,,,
U001738,pagado,start_application,2024-01-08 19:28:25.529839,,,
U001738,pagado,complete_kyc,2024-01-11 03:34:59.273591,,,kyc_approved
U001739,organico,signup,2024-02-10 12:24:23.167593,,,
U001739,organico,login,2024-02-12 02:50:07.542222,,,
U001739,organico,view_service,2024-02-12 16:01:19.500185,,,
U001740,organico,signup,2024-02-26 18:25:50.060427,,,
U001740,organico,login,2024-02-27 00:42:13.078665,,,
U001741,pagado,signup,2024-02-08 03:17:22.801962,,,
U001741,pagado,login,2024-02-08 23:52:55.005384,,,
U001741,pagado,view_service,2024-02-09 04:40:19.891669,,,
U001742,pagado,signup,2024-01-20 01:26:30.769115,,,
U001742,pagado,login,2024-01-20 10:24:15.529168,,,
U001742,pagado,view_service,2024-01-21 07:23:35.840983,,,
U001743,pagado,signup,2024-02-01 20:35:07.310717,,,
U001743,pagado,login,2024-02-02 03:18:02.206093,,,
U001743,pagado,view_service,2024-02-02 05:38:22.806409,,,
U001743,pagado,start_application,2024-02-02 16:46:09.519167,,,
U001743,pagado,complete_kyc,2024-02-04 07:49:27.018828,,,kyc_approved
U001743,pagado,first_transaction,2024-02-04 11:32:06.902650,21.13,False,
U001743,pagado,repeat_transaction,2024-02-05 15:39:33.862865,40.32,False,
U001743,pagado,repeat_transaction,2024-02-10 06:26:49.917909,31.93,False,
U001743,pagado,repeat_transaction,2024-02-13 02:54:05.179832,51.13,False,
U001744,organico,signup,2024-01-14 08:21:19.314804,,,
U001745,organico,signup,2024-01-11 06:25:35.847614,,,
U001745,organico,login,2024-01-11 10:08:39.490655,,,
U001746,organico,signup,2024-01-29 19:56:28.306584,,,
U001746,organico,login,2024-01-30 04:23:26.205036,,,
U001746,organico,view_service,2024-01-30 13:30:49.137734,,,
U001747,pagado,signup,2024-01-16 23:34:12.154356,,,
U001747,pagado,login,2024-01-17 19:23:29.226582,,,
U001747,pagado,view_service,2024-01-17 22:27:53.675506,,,
U001747,pagado,start_application,2024-01-19 10:33:28.280929,,,
U001747,pagado,complete_kyc,2024-01-20 15:33:18.556306,,,kyc_approved
U001747,pagado,first_transaction,2024-01-21 12:09:56.811419,63.6,True,
U001747,pagado,repeat_transaction,2024-01-26 09:03:22.471890,56.03,False,
U001747,pagado,repeat_transaction,2024-01-28 22:36:41.949518,31.5,False,
U001747,pagado,repeat_transaction,2024-02-06 05:37:24.432437,10.05,False,
U001747,pagado,repeat_transaction,2024-02-09 11:05:13.819974,26.61,False,
U001747,pagado,repeat_transaction,2024-02-16 04:36:18.613795,48.98,False,
U001747,pagado,repeat_transaction,2024-02-25 08:03:57.201171,17.06,False,
U001747,pagado,repeat_transaction,2024-02-28 19:50:20.825768,56.93,False,
U001747,pagado,repeat_transaction,2024-03-06 13:25:33.549426,69.12,False,
U001747,pagado,repeat_transaction,2024-03-13 03:44:28.914714,40.0,False,
U001748,organico,signup,2024-04-01 17:41:10.715432,,,
U001748,organico,login,2024-04-02 20:44:26.247237,,,
U001748,organico,view_service,2024-04-03 08:28:35.165681,,,
U001749,referido,signup,2024-01-08 08:50:12.721225,,,
U001749,referido,login,2024-01-09 07:34:50.718254,,,
U001750,organico,signup,2024-02-07 23:17:21.307852,,,
U001750,organico,login,2024-02-08 20:32:18.990728,,,
U001751,organico,signup,2024-03-11 06:08:26.223712,,,
U001751,organico,login,2024-03-11 16:13:18.982352,,,
U001751,organico,view_service,2024-03-12 08:46:59.030449,,,
U001752,organico,signup,2024-02-28 19:22:05.255982,,,
U001752,organico,login,2024-02-29 07:26:07.949506,,,
U001752,organico,view_service,2024-03-01 04:29:59.940872,,,
U001753,referido,signup,2024-02-16 00:56:32.382189,,,
U001753,referido,login,2024-02-16 04:57:37.321530,,,
U001753,referido,view_service,2024-02-17 01:41:20.642935,,,
U001754,organico,signup,2024-01-31 08:54:00.905023,,,
U001754,organico,login,2024-02-01 00:44:11.517580,,,
U001754,organico,view_service,2024-02-01 06:41:11.901544,,,
U001755,organico,signup,2024-01-11 20:16:35.684010,,,
U001755,organico,login,2024-01-13 00:38:56.273724,,,
U001755,organico,view_service,2024-01-13 15:16:14.118084,,,
U001756,pagado,signup,2024-03-01 13:40:35.223940,,,
U001756,pagado,login,2024-03-03 11:06:22.187052,,,
U001756,pagado,view_service,2024-03-03 20:35:02.812922,,,
U001757,pagado,signup,2024-03-04 14:32:23.091088,,,
U001757,pagado,login,2024-03-05 00:36:48.419603,,,
U001757,pagado,view_service,2024-03-05 02:04:29.427003,,,
U001758,pagado,signup,2024-03-12 12:53:15.657073,,,
U001758,pagado,login,2024-03-14 04:00:11.182243,,,
U001759,referido,signup,2024-01-04 14:45:48.632209,,,
U001759,referido,login,2024-01-05 00:49:37.260579,,,
U001759,referido,view_service,2024-01-05 03:48:38.011431,,,
U001759,referido,start_application,2024-01-07 12:15:44.985513,,,
U001759,referido,complete_kyc,2024-01-09 21:18:47.275233,,,kyc_approved
U001759,referido,first_transaction,2024-01-10 16:25:21.913396,5.0,False,
U001759,referido,repeat_transaction,2024-01-18 10:08:04.015797,14.96,False,
U001759,referido,repeat_transaction,2024-01-25 02:49:36.241038,137.05,False,
U001759,referido,repeat_transaction,2024-02-01 10:34:24.558839,24.96,False,
U001760,organico,signup,2024-03-24 17:39:29.066927,,,
U001760,organico,login,2024-03-26 14:20:27.205390,,,
U001761,pagado,signup,2024-03-22 22:42:48.427949,,,
U001761,pagado,login,2024-03-23 23:01:58.766704,,,
U001761,pagado,view_service,2024-03-24 22:52:36.254657,,,
U001761,pagado,start_application,2024-03-26 21:08:19.592037,,,
U001761,pagado,complete_kyc,2024-03-29 16:43:44.550591,,,kyc_approved
U001761,pagado,first_transaction,2024-03-30 14:52:15.331607,9.13,False,
U001761,pagado,repeat_transaction,2024-03-31 20:23:42.306873,86.89,False,
U001761,pagado,repeat_transaction,2024-04-06 19:20:49.676694,36.94,False,
U001761,pagado,repeat_transaction,2024-04-09 19:00:45.499215,79.32,False,
U001761,pagado,repeat_transaction,2024-04-11 17:39:59.611585,44.43,False,
U001761,pagado,repeat_transaction,2024-04-14 06:20:42.517441,50.45,False,
U001761,pagado,repeat_transaction,2024-04-20 09:43:42.572074,47.19,False,
U001761,pagado,repeat_transaction,2024-04-28 09:21:35.117092,59.63,False,
U001761,pagado,repeat_transaction,2024-05-04 19:18:44.126342,180.22,False,
U001761,pagado,repeat_transaction,2024-05-06 02:37:54.933389,72.22,False,
U001761,pagado,repeat_transaction,2024-05-08 20:41:03.871435,12.11,False,
U001761,pagado,repeat_transaction,2024-05-18 14:38:59.915042,50.03,False,
U001762,referido,signup,2024-02-09 05:10:29.255235,,,
U001763,organico,signup,2024-03-13 19:01:01.518554,,,
U001763,organico,login,2024-03-15 04:13:58.832471,,,
U001763,organico,view_service,2024-03-15 05:46:11.054915,,,
U001763,organico,start_application,2024-03-16 13:05:09.123243,,,
U001763,organico,complete_kyc,2024-03-18 22:55:59.451891,,,kyc_approved
U001764,referido,signup,2024-01-10 14:28:31.072548,,,
U001764,referido,login,2024-01-12 00:36:08.521777,,,
U001764,referido,view_service,2024-01-12 02:38:28.056257,,,
U001764,referido,start_application,2024-01-14 15:44:33.290628,,,
U001764,referido,complete_kyc,2024-01-17 06:54:20.131644,,,kyc_rejected
U001765,referido,signup,2024-02-08 23:13:21.858003,,,
U001765,referido,login,2024-02-10 23:11:12.838057,,,
U001765,referido,view_service,2024-02-11 00:58:11.175773,,,
U001766,organico,signup,2024-02-01 04:11:52.493510,,,
U001767,organico,signup,2024-02-22 13:32:08.240505,,,
U001767,organico,login,2024-02-23 17:58:37.245230,,,
U001767,organico,view_service,2024-02-24 07:02:41.711457,,,
U001767,organico,start_application,2024-02-25 06:26:06.586211,,,
U001767,organico,complete_kyc,2024-02-27 04:49:40.508467,,,kyc_rejected
U001768,referido,signup,2024-03-13 06:43:48.140273,,,
U001768,referido,login,2024-03-13 11:30:46.057746,,,
U001768,referido,view_service,2024-03-14 09:44:44.990138,,,
U001769,referido,signup,2024-01-29 18:35:50.554565,,,
U001769,referido,login,2024-01-31 15:22:51.624777,,,
U001769,referido,view_service,2024-02-01 07:07:23.363013,,,
U001769,referido,start_application,2024-02-01 15:47:45.140520,,,
U001769,referido,complete_kyc,2024-02-05 00:33:08.727865,,,kyc_approved
U001769,referido,first_transaction,2024-02-05 15:50:31.829460,81.37,False,
U001770,organico,signup,2024-03-25 20:41:49.552421,,,
U001770,organico,login,2024-03-26 14:26:54.105763,,,
U001770,organico,view_service,2024-03-27 11:05:59.368283,,,
U001770,organico,start_application,2024-03-27 16:21:30.515866,,,
U001770,organico,complete_kyc,2024-03-29 21:46:32.756516,,,kyc_rejected
U001771,organico,signup,2024-02-28 15:29:19.103106,,,
U001771,organico,login,2024-02-29 09:44:25.383840,,,
U001772,referido,signup,2024-01-17 21:07:24.914493,,,
U001772,referido,login,2024-01-17 23:31:02.225954,,,
U001772,referido,view_service,2024-01-18 01:32:26.854894,,,
U001772,referido,start_application,2024-01-19 01:28:31.343349,,,
U001772,referido,complete_kyc,2024-01-20 17:13:20.987420,,,kyc_approved
U001773,organico,signup,2024-01-08 12:38:10.029399,,,
U001773,organico,login,2024-01-10 12:33:23.836495,,,
U001773,organico,view_service,2024-01-11 04:19:03.126057,,,
U001774,referido,signup,2024-01-02 19:32:51.967278,,,
U001774,referido,login,2024-01-02 22:45:41.356921,,,
U001774,referido,view_service,2024-01-03 12:47:32.237482,,,
U001775,pagado,signup,2024-02-18 18:26:45.178643,,,
U001775,pagado,login,2024-02-19 08:04:09.566884,,,
U001775,pagado,view_service,2024-02-20 06:51:47.367973,,,
U001775,pagado,start_application,2024-02-20 11:09:31.795883,,,
U001775,pagado,complete_kyc,2024-02-21 22:55:17.960821,,,kyc_approved
U001775,pagado,first_transaction,2024-02-23 10:00:40.027198,84.94,False,
U001775,pagado,repeat_transaction,2024-03-03 16:05:10.529447,27.15,False,
U001775,pagado,repeat_transaction,2024-03-07 22:43:24.881600,82.72,False,
U001775,pagado,repeat_transaction,2024-03-16 22:12:37.155431,70.06,False,
U001775,pagado,repeat_transaction,2024-03-19 14:00:15.500842,221.58,False,
U001775,pagado,repeat_transaction,2024-03-21 08:40:17.265228,21.65,False,
U001775,pagado,repeat_transaction,2024-03-25 23:58:48.888858,25.66,False,
U001775,pagado,repeat_transaction,2024-03-30 06:05:28.717803,29.54,False,
U001775,pagado,repeat_transaction,2024-04-02 14:01:59.770574,25.97,False,
U001775,pagado,repeat_transaction,2024-04-07 20:56:16.917874,19.63,False,
U001775,pagado,repeat_transaction,2024-04-09 14:52:00.133040,5.29,False,
U001775,pagado,repeat_transaction,2024-04-16 12:06:40.163214,27.0,False,
U001776,pagado,signup,2024-01-03 06:38:38.933754,,,
U001777,organico,signup,2024-01-18 05:50:35.037463,,,
U001777,organico,login,2024-01-19 20:38:51.160667,,,
U001778,organico,signup,2024-02-29 05:57:21.188971,,,
U001778,organico,login,2024-03-01 14:15:35.328218,,,
U001779,pagado,signup,2024-01-11 03:52:53.496535,,,
U001779,pagado,login,2024-01-11 12:03:09.727785,,,
U001779,pagado,view_service,2024-01-11 14:46:07.796412,,,
U001779,pagado,start_application,2024-01-13 23:52:01.551342,,,
U001779,pagado,complete_kyc,2024-01-14 15:46:29.474644,,,kyc_approved
U001779,pagado,first_transaction,2024-01-15 00:32:37.889089,47.4,False,
U001779,pagado,repeat_transaction,2024-01-18 12:31:51.402913,25.91,False,
U001779,pagado,repeat_transaction,2024-01-20 22:07:42.934343,141.85,False,
U001779,pagado,repeat_transaction,2024-01-30 22:06:43.623269,36.94,False,
U001779,pagado,repeat_transaction,2024-02-03 14:17:55.430338,90.35,True,
U001779,pagado,repeat_transaction,2024-02-05 10:13:44.143628,43.95,False,
U001779,pagado,repeat_transaction,2024-02-11 09:56:44.891164,65.27,False,
U001779,pagado,repeat_transaction,2024-02-19 15:17:35.149923,44.5,False,
U001779,pagado,repeat_transaction,2024-02-28 15:30:46.717892,95.41,False,
U001779,pagado,repeat_transaction,2024-03-01 16:27:09.358598,38.06,False,
U001780,pagado,signup,2024-03-17 06:56:55.679590,,,
U001780,pagado,login,2024-03-18 20:23:58.991217,,,
U001780,pagado,view_service,2024-03-18 23:56:14.252937,,,
U001781,pagado,signup,2024-01-05 13:20:03.215807,,,
U001781,pagado,login,2024-01-07 08:18:09.248989,,,
U001781,pagado,view_service,2024-01-07 15:14:34.608450,,,
U001782,referido,signup,2024-01-23 21:50:09.631459,,,
U001782,referido,login,2024-01-25 11:36:58.407622,,,
U001782,referido,view_service,2024-01-26 09:22:27.364737,,,
U001783,organico,signup,2024-02-13 16:01:36.082827,,,
U001783,organico,login,2024-02-14 22:14:47.744652,,,
U001783,organico,view_service,2024-02-15 02:29:40.918613,,,
U001784,pagado,signup,2024-03-25 14:14:57.993457,,,
U001784,pagado,login,2024-03-26 14:11:25.154537,,,
U001785,pagado,signup,2024-03-29 19:11:41.116073,,,
U001785,pagado,login,2024-03-31 08:19:36.016152,,,
U001785,pagado,view_service,2024-03-31 10:42:29.264249,,,
U001786,pagado,signup,2024-03-24 04:03:53.981718,,,
U001786,pagado,login,2024-03-24 19:26:31.391017,,,
U001786,pagado,view_service,2024-03-25 03:13:54.495449,,,
U001786,pagado,start_application,2024-03-26 14:46:39.190187,,,
U001786,pagado,complete_kyc,2024-03-28 02:48:40.809968,,,kyc_approved
U001786,pagado,first_transaction,2024-03-28 03:54:37.196265,51.79,False,
U001786,pagado,repeat_transaction,2024-04-04 19:00:34.631305,47.3,False,
U001786,pagado,repeat_transaction,2024-04-11 05:12:07.460281,29.91,False,
U001786,pagado,repeat_transaction,2024-04-17 22:55:50.704325,48.59,False,
U001786,pagado,repeat_transaction,2024-04-22 04:32:11.580609,174.87,False,
U001786,pagado,repeat_transaction,2024-04-28 15:48:27.787452,30.29,False,
U001786,pagado,repeat_transaction,2024-04-29 18:59:55.022442,49.09,False,
U001786,pagado,repeat_transaction,2024-05-01 05:28:06.025083,88.27,False,
U001786,pagado,repeat_transaction,2024-05-06 08:45:46.993565,81.3,False,
U001786,pagado,repeat_transaction,2024-05-14 04:05:26.141224,36.9,False,
U001786,pagado,repeat_transaction,2024-05-23 05:07:31.627443,6.9,False,
U001786,pagado,repeat_transaction,2024-05-27 01:53:18.562214,52.55,False,
U001786,pagado,repeat_transaction,2024-05-28 22:01:36.870303,7.74,False,
U001786,pagado,repeat_transaction,2024-06-04 21:25:31.628564,102.41,False,
U001786,pagado,repeat_transaction,2024-06-11 04:22:42.832059,41.21,False,
U001786,pagado,repeat_transaction,2024-06-13 10:37:17.263024,73.68,False,
U001787,organico,signup,2024-01-27 17:03:21.908255,,,
U001787,organico,login,2024-01-28 23:49:08.983726,,,
U001788,organico,signup,2024-01-29 21:22:04.529672,,,
U001788,organico,login,2024-01-30 12:56:41.383868,,,
U001789,organico,signup,2024-03-23 06:14:22.317599,,,
U001789,organico,login,2024-03-23 07:52:04.832484,,,
U001789,organico,view_service,2024-03-24 00:54:32.580447,,,
U001789,organico,start_application,2024-03-26 04:47:15.245108,,,
U001789,organico,complete_kyc,2024-03-27 13:56:57.599424,,,kyc_rejected
U001790,organico,signup,2024-01-12 06:08:11.624981,,,
U001790,organico,login,2024-01-14 04:03:42.900900,,,
U001791,organico,signup,2024-03-17 15:09:45.049471,,,
U001791,organico,login,2024-03-17 23:08:38.710454,,,
U001791,organico,view_service,2024-03-18 04:55:19.243790,,,
U001792,organico,signup,2024-01-15 18:58:39.081739,,,
U001792,organico,login,2024-01-16 03:45:39.546086,,,
U001792,organico,view_service,2024-01-16 05:47:18.463302,,,
U001793,referido,signup,2024-01-14 22:10:18.850106,,,
U001793,referido,login,2024-01-16 13:56:23.195914,,,
U001793,referido,view_service,2024-01-16 23:23:08.163030,,,
U001794,pagado,signup,2024-02-25 10:49:35.258363,,,
U001794,pagado,login,2024-02-25 18:26:43.908839,,,
U001794,pagado,view_service,2024-02-25 21:38:00.622383,,,
U001794,pagado,start_application,2024-02-27 03:00:58.623268,,,
U001794,pagado,complete_kyc,2024-02-29 07:14:11.800595,,,kyc_approved
U001795,organico,signup,2024-01-23 20:13:12.549224,,,
U001795,organico,login,2024-01-24 19:03:53.796807,,,
U001796,organico,signup,2024-01-22 01:01:01.023202,,,
U001796,organico,login,2024-01-22 11:26:13.020293,,,
U001797,pagado,signup,2024-02-16 07:29:27.221644,,,
U001797,pagado,login,2024-02-16 07:57:16.029205,,,
U001797,pagado,view_service,2024-02-16 18:00:54.855254,,,
U001798,organico,signup,2024-02-23 12:34:22.118631,,,
U001798,organico,login,2024-02-24 12:06:55.811167,,,
U001798,organico,view_service,2024-02-25 02:37:27.067777,,,
U001798,organico,start_application,2024-02-27 01:10:50.748396,,,
U001798,organico,complete_kyc,2024-02-27 19:14:03.637974,,,kyc_approved
U001798,organico,first_transaction,2024-02-28 00:05:52.798964,19.46,False,
U001799,organico,signup,2024-03-06 21:29:32.856451,,,
U001799,organico,login,2024-03-07 15:14:31.170735,,,
U001800,organico,signup,2024-03-08 00:25:41.058116,,,
U001800,organico,login,2024-03-08 11:23:48.469502,,,
U001800,organico,view_service,2024-03-09 06:07:08.690405,,,
U001801,referido,signup,2024-03-01 01:10:14.933931,,,
U001801,referido,login,2024-03-01 04:53:08.767911,,,
U001801,referido,view_service,2024-03-01 11:52:20.261729,,,
U001802,pagado,signup,2024-02-11 17:40:57.918339,,,
U001802,pagado,login,2024-02-13 06:02:24.133300,,,
U001802,pagado,view_service,2024-02-13 20:48:07.251311,,,
U001803,referido,signup,2024-03-03 06:44:58.772485,,,
U001803,referido,login,2024-03-04 03:21:05.006491,,,
U001803,referido,view_service,2024-03-04 07:38:08.283877,,,
U001804,referido,signup,2024-02-08 18:04:33.425061,,,
U001804,referido,login,2024-02-08 22:19:16.475988,,,
U001804,referido,view_service,2024-02-09 06:03:46.216649,,,
U001805,organico,signup,2024-01-09 09:32:22.322110,,,
U001805,organico,login,2024-01-09 12:57:23.356585,,,
U001805,organico,view_service,2024-01-10 00:27:56.214714,,,
U001806,referido,signup,2024-01-04 19:01:41.077395,,,
U001806,referido,login,2024-01-05 11:11:20.146502,,,
U001806,referido,view_service,2024-01-05 15:59:28.134805,,,
U001807,pagado,signup,2024-02-23 18:59:23.712618,,,
U001807,pagado,login,2024-02-24 19:50:43.590088,,,
U001807,pagado,view_service,2024-02-25 08:10:22.441064,,,
U001808,referido,signup,2024-01-09 19:50:52.029630,,,
U001808,referido,login,2024-01-09 20:58:52.154829,,,
U001808,referido,view_service,2024-01-10 14:54:31.733678,,,
U001809,organico,signup,2024-03-23 20:33:00.009008,,,
U001809,organico,login,2024-03-24 06:34:25.969225,,,
U001809,organico,view_service,2024-03-24 14:52:35.623347,,,
U001810,pagado,signup,2024-02-05 19:42:57.527809,,,
U001810,pagado,login,2024-02-07 18:00:45.864543,,,
U001810,pagado,view_service,2024-02-07 20:32:10.795612,,,
U001811,organico,signup,2024-03-21 18:07:50.511765,,,
U001811,organico,login,2024-03-21 20:12:22.647836,,,
U001811,organico,view_service,2024-03-22 02:50:15.118845,,,
U001812,pagado,signup,2024-03-14 12:11:50.959719,,,
U001812,pagado,login,2024-03-15 08:56:46.839785,,,
U001813,referido,signup,2024-03-20 19:18:03.678277,,,
U001813,referido,login,2024-03-22 18:59:09.575442,,,
U001813,referido,view_service,2024-03-23 03:18:32.223989,,,
U001814,referido,signup,2024-02-15 20:17:07.703758,,,
U001814,referido,login,2024-02-17 08:22:34.107282,,,
U001814,referido,view_service,2024-02-18 07:50:07.934646,,,
U001814,referido,start_application,2024-02-19 15:39:50.615394,,,
U001814,referido,complete_kyc,2024-02-20 20:11:37.694159,,,kyc_approved
U001814,referido,first_transaction,2024-02-22 11:17:29.015524,12.34,False,
U001815,pagado,signup,2024-01-04 08:35:32.590854,,,
U001815,pagado,login,2024-01-05 04:29:17.856528,,,
U001815,pagado,view_service,2024-01-05 18:07:46.208335,,,
U001815,pagado,start_application,2024-01-07 08:36:43.251887,,,
U001815,pagado,complete_kyc,2024-01-08 16:59:24.668469,,,kyc_approved
U001815,pagado,first_transaction,2024-01-08 19:41:17.231165,43.93,False,
U001815,pagado,repeat_transaction,2024-01-17 16:51:51.786089,35.75,False,
U001815,pagado,repeat_transaction,2024-01-20 07:35:53.443349,25.94,False,
U001815,pagado,repeat_transaction,2024-01-27 23:22:20.333323,38.83,False,
U001815,pagado,repeat_transaction,2024-02-03 11:58:20.382741,253.97,False,
U001815,pagado,repeat_transaction,2024-02-06 10:31:21.629035,65.64,False,
U001815,pagado,repeat_transaction,2024-02-09 20:41:22.221852,76.3,False,
U001815,pagado,repeat_transaction,2024-02-12 00:59:00.366728,66.07,False,
U001815,pagado,repeat_transaction,2024-02-16 23:23:38.619975,103.09,False,
U001816,organico,signup,2024-01-02 12:58:34.487013,,,
U001816,organico,login,2024-01-03 11:10:50.215284,,,
U001817,pagado,signup,2024-03-19 13:58:27.943364,,,
U001817,pagado,login,2024-03-20 06:35:40.588366,,,
U001817,pagado,view_service,2024-03-20 20:13:47.822946,,,
U001818,organico,signup,2024-01-12 23:30:13.079129,,,
U001818,organico,login,2024-01-13 00:45:50.843788,,,
U001818,organico,view_service,2024-01-13 15:26:48.171148,,,
U001818,organico,start_application,2024-01-14 12:35:06.034212,,,
U001818,organico,complete_kyc,2024-01-16 18:08:07.130876,,,kyc_approved
U001819,referido,signup,2024-03-11 20:50:36.818708,,,
U001819,referido,login,2024-03-13 06:09:29.390208,,,
U001820,pagado,signup,2024-01-26 08:08:43.151490,,,
U001820,pagado,login,2024-01-27 20:56:01.378903,,,
U001820,pagado,view_service,2024-01-28 06:27:14.849237,,,
U001821,organico,signup,2024-01-15 12:27:32.096236,,,
U001821,organico,login,2024-01-15 22:09:39.633514,,,
U001821,organico,view_service,2024-01-16 21:53:02.888606,,,
U001822,pagado,signup,2024-01-05 09:14:36.545988,,,
U001822,pagado,login,2024-01-06 17:43:06.851004,,,
U001822,pagado,view_service,2024-01-07 15:45:25.938045,,,
U001822,pagado,start_application,2024-01-10 02:36:25.856417,,,
U001822,pagado,complete_kyc,2024-01-13 04:57:03.990642,,,kyc_rejected
U001823,organico,signup,2024-01-09 22:16:45.359620,,,
U001823,organico,login,2024-01-11 06:48:58.002858,,,
U001823,organico,view_service,2024-01-11 13:43:00.396052,,,
U001824,referido,signup,2024-01-14 12:56:58.173146,,,
U001824,referido,login,2024-01-15 16:16:08.798557,,,
U001825,organico,signup,2024-01-19 03:55:09.183562,,,
U001825,organico,login,2024-01-20 23:31:01.390954,,,
U001826,organico,signup,2024-01-09 20:51:21.333139,,,
U001826,organico,login,2024-01-10 13:28:49.790952,,,
U001827,pagado,signup,2024-02-23 16:39:44.816128,,,
U001827,pagado,login,2024-02-24 23:19:31.429696,,,
U001827,pagado,view_service,2024-02-25 00:50:48.427441,,,
U001827,pagado,start_application,2024-02-26 02:00:32.533007,,,
U001827,pagado,complete_kyc,2024-02-27 15:16:22.496495,,,kyc_approved
U001827,pagado,first_transaction,2024-02-28 01:36:11.693999,32.04,False,
U001827,pagado,repeat_transaction,2024-02-29 23:51:26.128878,8.69,False,
U001827,pagado,repeat_transaction,2024-03-03 22:46:53.107227,32.07,False,
U001827,pagado,repeat_transaction,2024-03-07 19:50:26.431144,64.6,False,
U001827,pagado,repeat_transaction,2024-03-10 14:24:39.722041,18.56,False,
U001827,pagado,repeat_transaction,2024-03-11 17:00:28.223772,32.35,False,
U001827,pagado,repeat_transaction,2024-03-17 08:31:58.363836,22.55,False,
U001827,pagado,repeat_transaction,2024-03-20 21:24:31.110864,104.73,False,
U001827,pagado,repeat_transaction,2024-03-29 11:01:13.251891,61.84,False,
U001827,pagado,repeat_transaction,2024-04-01 19:40:09.766215,57.75,False,
U001827,pagado,repeat_transaction,2024-04-11 03:55:54.920972,56.55,False,
U001827,pagado,repeat_transaction,2024-04-20 03:51:52.595294,35.66,False,
U001828,pagado,signup,2024-02-08 00:54:57.853638,,,
U001828,pagado,login,2024-02-08 10:47:51.124869,,,
U001828,pagado,view_service,2024-02-08 21:17:17.134688,,,
U001828,pagado,start_application,2024-02-10 10:29:07.416879,,,
U001828,pagado,complete_kyc,2024-02-12 00:09:35.769805,,,kyc_rejected
U001829,pagado,signup,2024-02-09 02:25:04.752767,,,
U001829,pagado,login,2024-02-09 20:58:39.698496,,,
U001829,pagado,view_service,2024-02-10 14:39:04.095503,,,
U001830,pagado,signup,2024-01-16 10:48:42.816502,,,
U001830,pagado,login,2024-01-18 04:20:15.398457,,,
U001830,pagado,view_service,2024-01-19 03:50:08.294139,,,
U001830,pagado,start_application,2024-01-19 17:34:02.109550,,,
U001830,pagado,complete_kyc,2024-01-21 04:06:59.554627,,,kyc_approved
U001830,pagado,first_transaction,2024-01-22 00:25:46.133315,42.03,False,
U001830,pagado,repeat_transaction,2024-01-25 05:45:46.252730,15.96,False,
U001830,pagado,repeat_transaction,2024-02-04 03:02:19.852315,7.92,False,
U001830,pagado,repeat_transaction,2024-02-10 11:11:04.276921,40.65,False,
U001830,pagado,repeat_transaction,2024-02-12 22:24:46.537196,45.92,False,
U001830,pagado,repeat_transaction,2024-02-17 12:51:06.303976,85.33,False,
U001830,pagado,repeat_transaction,2024-02-22 17:57:59.973658,109.94,False,
U001831,organico,signup,2024-02-21 10:14:32.202388,,,
U001831,organico,login,2024-02-23 06:50:34.228839,,,
U001831,organico,view_service,2024-02-23 18:30:20.358664,,,
U001832,organico,signup,2024-03-20 22:47:50.707935,,,
U001832,organico,login,2024-03-21 08:41:36.162580,,,
U001833,organico,signup,2024-02-14 11:50:24.177759,,,
U001833,organico,login,2024-02-14 22:34:22.162273,,,
U001833,organico,view_service,2024-02-15 13:54:08.051585,,,
U001834,pagado,signup,2024-01-16 22:34:07.811438,,,
U001834,pagado,login,2024-01-17 19:05:48.143610,,,
U001835,organico,signup,2024-02-20 19:28:20.603062,,,
U001835,organico,login,2024-02-22 15:27:12.454019,,,
U001836,organico,signup,2024-03-06 23:50:29.791193,,,
U001836,organico,login,2024-03-08 02:33:12.262362,,,
U001836,organico,view_service,2024-03-08 06:36:03.865660,,,
U001837,organico,signup,2024-02-12 18:37:38.883092,,,
U001837,organico,login,2024-02-14 07:07:45.599118,,,
U001837,organico,view_service,2024-02-14 14:49:13.177932,,,
U001838,organico,signup,2024-02-16 17:53:59.202206,,,
U001838,organico,login,2024-02-16 18:24:45.657653,,,
U001839,organico,signup,2024-01-14 23:14:21.904748,,,
U001839,organico,login,2024-01-16 07:48:23.546905,,,
U001839,organico,view_service,2024-01-17 01:33:08.002240,,,
U001840,pagado,signup,2024-03-02 14:02:08.230428,,,
U001840,pagado,login,2024-03-04 10:34:58.698207,,,
U001840,pagado,view_service,2024-03-04 20:51:51.294763,,,
U001840,pagado,start_application,2024-03-06 14:38:21.121183,,,
U001840,pagado,complete_kyc,2024-03-09 03:23:23.447110,,,kyc_approved
U001840,pagado,first_transaction,2024-03-10 08:42:16.999385,109.84,False,
U001840,pagado,repeat_transaction,2024-03-15 11:02:26.361721,18.2,False,
U001840,pagado,repeat_transaction,2024-03-21 22:12:28.360672,28.6,False,
U001840,pagado,repeat_transaction,2024-03-26 07:46:31.634701,51.23,False,
U001840,pagado,repeat_transaction,2024-03-29 01:50:45.849271,215.36,False,
U001840,pagado,repeat_transaction,2024-03-30 05:19:07.924711,103.14,False,
U001840,pagado,repeat_transaction,2024-04-03 12:30:51.460650,80.12,False,
U001840,pagado,repeat_transaction,2024-04-11 22:31:27.223867,27.9,False,
U001840,pagado,repeat_transaction,2024-04-14 04:25:14.580627,19.72,False,
U001840,pagado,repeat_transaction,2024-04-21 07:45:55.020594,63.58,False,
U001840,pagado,repeat_transaction,2024-04-29 08:19:00.658509,16.94,False,
U001840,pagado,repeat_transaction,2024-05-08 23:04:10.024515,30.97,False,
U001840,pagado,repeat_transaction,2024-05-17 12:01:54.420478,33.77,False,
U001840,pagado,repeat_transaction,2024-05-25 08:14:36.307093,111.61,False,
U001841,pagado,signup,2024-01-03 05:12:21.766388,,,
U001841,pagado,login,2024-01-03 16:57:27.220917,,,
U001841,pagado,view_service,2024-01-03 19:44:17.823599,,,
U001842,pagado,signup,2024-01-13 04:39:14.562837,,,
U001842,pagado,login,2024-01-13 09:21:40.312221,,,
U001842,pagado,view_service,2024-01-14 02:23:16.426688,,,
U001843,organico,signup,2024-01-04 19:09:41.516961,,,
U001843,organico,login,2024-01-06 05:38:33.397500,,,
U001843,organico,view_service,2024-01-07 01:55:23.042615,,,
U001844,pagado,signup,2024-03-20 15:14:28.120286,,,
U001844,pagado,login,2024-03-21 15:39:18.680690,,,
U001844,pagado,view_service,2024-03-22 00:16:58.945550,,,
U001845,pagado,signup,2024-01-12 06:31:56.430360,,,
U001845,pagado,login,2024-01-12 18:42:37.022532,,,
U001845,pagado,view_service,2024-01-13 16:13:31.396888,,,
U001846,organico,signup,2024-02-28 20:59:07.373864,,,
U001846,organico,login,2024-02-29 04:32:47.719952,,,
U001847,organico,signup,2024-04-01 00:53:30.998905,,,
U001847,organico,login,2024-04-01 21:16:01.853649,,,
U001847,organico,view_service,2024-04-02 09:44:02.412262,,,
U001847,organico,start_application,2024-04-04 00:34:06.262827,,,
U001847,organico,complete_kyc,2024-04-05 02:16:04.643239,,,kyc_rejected
U001848,referido,signup,2024-03-31 11:06:58.323449,,,
U001848,referido,login,2024-04-02 02:03:20.263570,,,
U001848,referido,view_service,2024-04-02 19:42:00.704016,,,
U001849,organico,signup,2024-02-06 06:01:00.218287,,,
U001849,organico,login,2024-02-07 19:57:12.426513,,,
U001849,organico,view_service,2024-02-08 10:06:55.688178,,,
U001850,organico,signup,2024-02-07 17:01:57.875637,,,
U001850,organico,login,2024-02-09 02:28:28.876101,,,
U001850,organico,view_service,2024-02-09 08:08:25.032798,,,
U001851,pagado,signup,2024-03-17 03:14:50.950562,,,
U001851,pagado,login,2024-03-17 06:04:16.651745,,,
U001851,pagado,view_service,2024-03-17 07:22:35.894445,,,
U001852,pagado,signup,2024-01-08 09:07:42.425040,,,
U001852,pagado,login,2024-01-10 06:16:44.385642,,,
U001853,pagado,signup,2024-01-23 10:57:39.500432,,,
U001853,pagado,login,2024-01-25 05:15:01.404668,,,
U001853,pagado,view_service,2024-01-25 09:36:16.048229,,,
U001854,pagado,signup,2024-01-23 15:12:42.411929,,,
U001854,pagado,login,2024-01-24 11:17:37.320463,,,
U001854,pagado,view_service,2024-01-25 05:47:33.830475,,,
U001854,pagado,start_application,2024-01-26 20:16:19.927789,,,
U001854,pagado,complete_kyc,2024-01-29 10:08:59.227835,,,kyc_approved
U001854,pagado,first_transaction,2024-01-29 16:58:17.824530,28.55,False,
U001854,pagado,repeat_transaction,2024-01-31 07:23:45.816224,6.64,False,
U001854,pagado,repeat_transaction,2024-02-09 02:16:58.577405,52.1,False,
U001854,pagado,repeat_transaction,2024-02-17 02:43:18.676904,22.44,False,
U001854,pagado,repeat_transaction,2024-02-26 22:42:09.650775,37.71,False,
U001854,pagado,repeat_transaction,2024-03-06 13:36:44.580582,34.44,False,
U001854,pagado,repeat_transaction,2024-03-15 18:27:58.563427,30.22,False,
U001854,pagado,repeat_transaction,2024-03-25 17:03:50.519324,63.64,False,
U001854,pagado,repeat_transaction,2024-03-27 12:07:54.672009,12.52,False,
U001854,pagado,repeat_transaction,2024-04-03 15:12:07.469309,25.48,False,
U001855,pagado,signup,2024-03-08 18:14:00.999256,,,
U001855,pagado,login,2024-03-09 04:02:52.348207,,,
U001855,pagado,view_service,2024-03-09 16:09:53.275760,,,
U001856,organico,signup,2024-02-23 17:34:43.798924,,,
U001856,organico,login,2024-02-24 22:43:32.125372,,,
U001856,organico,view_service,2024-02-25 08:33:06.429273,,,
U001857,pagado,signup,2024-02-10 03:11:09.682770,,,
U001857,pagado,login,2024-02-10 22:21:22.957645,,,
U001858,pagado,signup,2024-02-20 19:12:47.007598,,,
U001858,pagado,login,2024-02-21 21:24:23.171093,,,
U001859,pagado,signup,2024-01-04 22:34:14.121852,,,
U001859,pagado,login,2024-01-06 05:19:15.079632,,,
U001859,pagado,view_service,2024-01-06 14:59:13.972166,,,
U001860,organico,signup,2024-03-31 09:08:21.934884,,,
U001860,organico,login,2024-04-01 14:05:09.854691,,,
U001861,pagado,signup,2024-02-26 06:59:41.708420,,,
U001861,pagado,login,2024-02-26 22:19:36.094474,,,
U001861,pagado,view_service,2024-02-27 01:37:25.720980,,,
U001861,pagado,start_application,2024-02-28 11:59:34.350266,,,
U001861,pagado,complete_kyc,2024-03-01 08:53:10.874777,,,kyc_approved
U001862,pagado,signup,2024-02-05 05:47:29.257566,,,
U001862,pagado,login,2024-02-05 23:35:01.266780,,,
U001862,pagado,view_service,2024-02-06 00:13:25.446534,,,
U001862,pagado,start_application,2024-02-06 05:31:55.775061,,,
U001862,pagado,complete_kyc,2024-02-09 01:53:34.034039,,,kyc_rejected
U001863,organico,signup,2024-02-01 05:18:11.432501,,,
U001863,organico,login,2024-02-02 20:49:23.487057,,,
U001863,organico,view_service,2024-02-03 19:36:06.702591,,,
U001863,organico,start_application,2024-02-05 00:12:32.026558,,,
U001863,organico,complete_kyc,2024-02-08 05:14:44.481117,,,kyc_approved
U001863,organico,first_transaction,2024-02-09 12:23:55.119511,59.08,False,
U001863,organico,repeat_transaction,2024-02-10 20:54:15.297987,23.81,False,
U001863,organico,repeat_transaction,2024-02-15 02:53:36.318172,11.87,False,
U001863,organico,repeat_transaction,2024-02-22 14:04:03.629846,58.44,False,
U001863,organico,repeat_transaction,2024-02-26 00:20:16.556544,80.33,False,
U001863,organico,repeat_transaction,2024-02-28 15:25:20.974418,35.46,False,
U001863,organico,repeat_transaction,2024-03-05 16:38:13.095394,9.28,False,
U001863,organico,repeat_transaction,2024-03-09 20:08:47.101784,59.99,False,
U001864,organico,signup,2024-01-22 23:29:42.987674,,,
U001864,organico,login,2024-01-23 05:30:37.808673,,,
U001864,organico,view_service,2024-01-23 09:09:04.384230,,,
U001865,organico,signup,2024-02-17 11:33:15.871974,,,
U001865,organico,login,2024-02-18 15:02:06.139215,,,
U001866,organico,signup,2024-02-29 05:25:39.125700,,,
U001866,organico,login,2024-03-01 22:17:22.474088,,,
U001866,organico,view_service,2024-03-02 03:23:19.427423,,,
U001866,organico,start_application,2024-03-03 19:48:35.208417,,,
U001866,organico,complete_kyc,2024-03-05 09:01:26.292146,,,kyc_rejected
U001867,organico,signup,2024-03-28 08:08:30.502734,,,
U001867,organico,login,2024-03-28 20:46:34.469245,,,
U001867,organico,view_service,2024-03-29 06:02:40.091241,,,
U001868,organico,signup,2024-03-05 17:33:32.774424,,,
U001868,organico,login,2024-03-07 07:37:29.585035,,,
U001868,organico,view_service,2024-03-08 07:29:04.536203,,,
U001869,organico,signup,2024-03-22 06:17:20.424669,,,
U001869,organico,login,2024-03-22 21:00:07.648916,,,
U001870,referido,signup,2024-02-15 16:38:04.029551,,,
U001870,referido,login,2024-02-17 06:31:36.745667,,,
U001870,referido,view_service,2024-02-17 13:51:21.494026,,,
U001871,organico,signup,2024-01-31 19:02:08.641206,,,
U001871,organico,login,2024-02-01 21:25:53.559692,,,
U001871,organico,view_service,2024-02-02 17:11:08.586809,,,
U001871,organico,start_application,2024-02-05 08:07:34.334575,,,
U001871,organico,complete_kyc,2024-02-06 03:35:42.176801,,,kyc_approved
U001871,organico,first_transaction,2024-02-06 13:11:36.881468,11.45,False,
U001872,organico,signup,2024-03-26 22:23:53.379623,,,
U001872,organico,login,2024-03-27 06:09:47.422450,,,
U001872,organico,view_service,2024-03-27 18:03:25.231941,,,
U001873,organico,signup,2024-01-29 06:53:52.154232,,,
U001873,organico,login,2024-01-30 21:51:50.667817,,,
U001873,organico,view_service,2024-01-31 10:28:35.206053,,,
U001873,organico,start_application,2024-02-01 23:05:38.111327,,,
U001873,organico,complete_kyc,2024-02-04 09:44:54.367795,,,kyc_approved
U001873,organico,first_transaction,2024-02-05 17:00:16.996084,45.43,False,
U001873,organico,repeat_transaction,2024-02-12 14:53:32.496088,19.66,False,
U001873,organico,repeat_transaction,2024-02-16 07:51:28.167028,16.25,False,
U001873,organico,repeat_transaction,2024-02-23 21:16:43.199192,26.86,False,
U001873,organico,repeat_transaction,2024-03-02 02:25:42.859668,32.19,False,
U001874,organico,signup,2024-01-04 20:44:25.793987,,,
U001874,organico,login,2024-01-05 14:08:27.354556,,,
U001874,organico,view_service,2024-01-06 04:27:44.189449,,,
U001875,organico,signup,2024-01-17 16:32:42.311386,,,
U001875,organico,login,2024-01-18 00:53:39.123660,,,
U001876,pagado,signup,2024-01-19 16:46:56.964101,,,
U001876,pagado,login,2024-01-21 04:14:50.112332,,,
U001877,pagado,signup,2024-02-02 17:04:12.032802,,,
U001877,pagado,login,2024-02-04 13:29:43.890494,,,
U001877,pagado,view_service,2024-02-04 16:50:37.010945,,,
U001878,organico,signup,2024-02-28 13:00:47.532454,,,
U001878,organico,login,2024-03-01 11:04:10.166455,,,
U001878,organico,view_service,2024-03-01 16:08:32.028558,,,
U001878,organico,start_application,2024-03-01 20:53:46.789211,,,
U001878,organico,complete_kyc,2024-03-05 12:11:31.384840,,,kyc_approved
U001878,organico,first_transaction,2024-03-06 21:10:59.822249,23.31,False,
U001879,pagado,signup,2024-02-27 16:07:48.100418,,,
U001879,pagado,login,2024-02-29 02:47:32.307153,,,
U001880,organico,signup,2024-01-23 20:42:12.752481,,,
U001881,organico,signup,2024-01-15 20:13:52.879841,,,
U001881,organico,login,2024-01-17 10:56:40.963944,,,
U001881,organico,view_service,2024-01-18 03:33:56.643644,,,
U001882,organico,signup,2024-02-19 02:55:13.267158,,,
U001882,organico,login,2024-02-19 19:24:45.944869,,,
U001882,organico,view_service,2024-02-20 10:35:50.151559,,,
U001883,organico,signup,2024-02-26 05:39:00.523761,,,
U001883,organico,login,2024-02-26 10:14:29.701871,,,
U001883,organico,view_service,2024-02-27 07:53:29.544550,,,
U001883,organico,start_application,2024-02-29 19:34:55.446898,,,
U001883,organico,complete_kyc,2024-03-02 01:56:29.499282,,,kyc_approved
U001883,organico,first_transaction,2024-03-03 11:30:05.327441,55.26,False,
U001883,organico,repeat_transaction,2024-03-06 03:46:49.826880,26.78,False,
U001883,organico,repeat_transaction,2024-03-10 21:34:43.910464,72.68,False,
U001883,organico,repeat_transaction,2024-03-15 21:06:26.728281,44.56,False,
U001883,organico,repeat_transaction,2024-03-25 20:36:28.524454,22.46,False,
U001883,organico,repeat_transaction,2024-03-27 15:22:17.823248,19.96,False,
U001883,organico,repeat_transaction,2024-04-01 22:06:25.923386,11.55,False,
U001883,organico,repeat_transaction,2024-04-09 09:26:30.582524,44.86,False,
U001883,organico,repeat_transaction,2024-04-17 02:49:44.976624,28.55,False,
U001884,organico,signup,2024-01-11 21:19:33.760886,,,
U001884,organico,login,2024-01-12 03:06:12.778859,,,
U001885,pagado,signup,2024-02-06 07:36:34.309811,,,
U001885,pagado,login,2024-02-07 11:03:40.987294,,,
U001885,pagado,view_service,2024-02-08 07:02:38.278839,,,
U001885,pagado,start_application,2024-02-10 15:57:07.662463,,,
U001885,pagado,complete_kyc,2024-02-11 14:52:56.440159,,,kyc_approved
U001885,pagado,first_transaction,2024-02-11 18:30:54.518410,6.96,False,
U001886,organico,signup,2024-01-05 06:05:17.945941,,,
U001886,organico,login,2024-01-05 13:01:49.046401,,,
U001887,referido,signup,2024-03-05 18:28:19.175052,,,
U001887,referido,login,2024-03-07 15:57:50.706681,,,
U001888,organico,signup,2024-03-13 04:13:09.172668,,,
U001888,organico,login,2024-03-15 02:10:20.764645,,,
U001888,organico,view_service,2024-03-15 10:27:53.920951,,,
U001889,pagado,signup,2024-02-29 13:49:56.176717,,,
U001889,pagado,login,2024-03-01 09:07:39.413559,,,
U001889,pagado,view_service,2024-03-02 05:45:04.205307,,,
U001889,pagado,start_application,2024-03-02 18:29:03.488653,,,
U001889,pagado,complete_kyc,2024-03-05 15:58:08.034483,,,kyc_approved
U001889,pagado,first_transaction,2024-03-06 14:38:52.914406,25.15,False,
U001889,pagado,repeat_transaction,2024-03-09 06:33:57.562718,19.48,False,
U001889,pagado,repeat_transaction,2024-03-11 06:22:08.393820,110.27,False,
U001889,pagado,repeat_transaction,2024-03-17 13:54:37.924753,11.11,False,
U001889,pagado,repeat_transaction,2024-03-24 05:42:43.431905,13.34,False,
U001889,pagado,repeat_transaction,2024-03-26 00:05:22.330633,79.6,False,
U001889,pagado,repeat_transaction,2024-03-28 19:57:50.990272,94.61,False,
U001889,pagado,repeat_transaction,2024-04-02 18:06:50.227331,21.73,False,
U001889,pagado,repeat_transaction,2024-04-05 18:43:08.784809,23.51,False,
U001890,referido,signup,2024-03-04 13:35:53.570043,,,
U001890,referido,login,2024-03-05 12:51:53.163601,,,
U001890,referido,view_service,2024-03-05 15:28:56.211545,,,
U001890,referido,start_application,2024-03-06 02:09:25.720390,,,
U001890,referido,complete_kyc,2024-03-08 10:28:52.830078,,,kyc_rejected
U001891,referido,signup,2024-02-01 15:21:45.824475,,,
U001891,referido,login,2024-02-02 15:51:18.071981,,,
U001892,organico,signup,2024-02-27 00:54:58.069455,,,
U001892,organico,login,2024-02-28 16:17:55.585264,,,
U001892,organico,view_service,2024-02-28 18:41:40.853623,,,
U001893,organico,signup,2024-03-23 18:39:08.248534,,,
U001893,organico,login,2024-03-24 15:35:45.423879,,,
U001893,organico,view_service,2024-03-25 10:09:22.797276,,,
U001893,organico,start_application,2024-03-27 02:52:16.348666,,,
U001893,organico,complete_kyc,2024-03-29 20:32:40.816883,,,kyc_approved
U001893,organico,first_transaction,2024-03-30 10:37:56.317101,56.34,False,
U001894,pagado,signup,2024-01-10 03:37:39.595730,,,
U001894,pagado,login,2024-01-10 06:10:34.459697,,,
U001895,organico,signup,2024-01-05 07:01:04.216105,,,
U001895,organico,login,2024-01-07 01:17:37.250095,,,
U001895,organico,view_service,2024-01-07 08:55:00.735440,,,
U001895,organico,start_application,2024-01-09 15:44:58.141791,,,
U001895,organico,complete_kyc,2024-01-09 20:45:36.123029,,,kyc_approved
U001895,organico,first_transaction,2024-01-09 21:16:03.384099,7.18,False,
U001896,organico,signup,2024-03-04 02:17:05.878703,,,
U001896,organico,login,2024-03-05 04:04:54.673218,,,
U001896,organico,view_service,2024-03-05 09:52:55.544238,,,
U001897,pagado,signup,2024-03-02 07:10:48.974462,,,
U001897,pagado,login,2024-03-02 22:18:01.342599,,,
U001897,pagado,view_service,2024-03-03 05:04:33.408526,,,
U001897,pagado,start_application,2024-03-04 20:23:48.574060,,,
U001897,pagado,complete_kyc,2024-03-05 12:08:47.616839,,,kyc_approved
U001897,pagado,first_transaction,2024-03-06 19:44:32.768216,9.95,False,
U001898,organico,signup,2024-03-12 03:00:49.528414,,,
U001898,organico,login,2024-03-13 15:08:49.400337,,,
U001898,organico,view_service,2024-03-13 18:06:30.172944,,,
U001899,organico,signup,2024-02-08 09:20:32.979471,,,
U001899,organico,login,2024-02-09 18:01:30.325877,,,
U001899,organico,view_service,2024-02-10 10:52:26.219766,,,
U001900,pagado,signup,2024-03-06 05:26:34.796665,,,
U001900,pagado,login,2024-03-06 07:35:25.183325,,,
U001900,pagado,view_service,2024-03-06 09:34:31.112975,,,
U001901,organico,signup,2024-01-07 00:08:17.568591,,,
U001901,organico,login,2024-01-07 11:48:12.204263,,,
U001901,organico,view_service,2024-01-08 08:43:20.994719,,,
U001901,organico,start_application,2024-01-10 07:51:36.903654,,,
U001901,organico,complete_kyc,2024-01-12 11:16:28.005632,,,kyc_approved
U001901,organico,first_transaction,2024-01-12 21:45:14.302862,30.07,True,
U001901,organico,repeat_transaction,2024-01-14 21:32:30.756452,108.3,False,
U001901,organico,repeat_transaction,2024-01-22 16:17:32.803337,26.98,False,
U001901,organico,repeat_transaction,2024-01-30 20:46:43.365365,39.28,False,
U001901,organico,repeat_transaction,2024-02-03 04:50:23.000783,80.94,False,
U001901,organico,repeat_transaction,2024-02-09 15:37:45.960326,159.94,False,
U001901,organico,repeat_transaction,2024-02-14 05:02:30.683885,24.44,False,
U001901,organico,repeat_transaction,2024-02-22 14:44:44.215930,36.17,False,
U001901,organico,repeat_transaction,2024-02-27 16:42:20.999605,131.03,False,
U001901,organico,repeat_transaction,2024-03-01 19:45:09.166999,12.61,False,
U001901,organico,repeat_transaction,2024-03-08 23:34:23.873192,75.14,False,
U001901,organico,repeat_transaction,2024-03-16 18:42:25.291783,17.94,False,
U001901,organico,repeat_transaction,2024-03-21 12:24:22.110694,39.32,False,
U001901,organico,repeat_transaction,2024-03-26 08:20:53.033251,30.88,False,
U001902,organico,signup,2024-03-25 13:41:41.065546,,,
U001902,organico,login,2024-03-26 07:12:15.490065,,,
U001902,organico,view_service,2024-03-26 09:36:43.468047,,,
U001903,referido,signup,2024-02-14 06:58:58.828743,,,
U001903,referido,login,2024-02-14 13:46:44.191958,,,
U001903,referido,view_service,2024-02-15 12:02:44.392546,,,
U001904,organico,signup,2024-02-05 08:08:19.587497,,,
U001904,organico,login,2024-02-06 02:30:04.621031,,,
U001904,organico,view_service,2024-02-06 07:27:21.918816,,,
U001904,organico,start_application,2024-02-07 04:54:00.349733,,,
U001904,organico,complete_kyc,2024-02-09 22:20:16.352880,,,kyc_approved
U001904,organico,first_transaction,2024-02-11 11:45:30.441861,18.72,False,
U001904,organico,repeat_transaction,2024-02-13 09:50:52.559953,18.39,False,
U001904,organico,repeat_transaction,2024-02-19 00:18:05.081132,44.41,False,
U001904,organico,repeat_transaction,2024-02-23 14:00:22.865366,73.47,False,
U001904,organico,repeat_transaction,2024-02-28 09:02:59.868276,33.42,False,
U001904,organico,repeat_transaction,2024-03-04 02:49:55.678996,38.44,False,
U001904,organico,repeat_transaction,2024-03-12 16:38:36.306514,54.59,False,
U001904,organico,repeat_transaction,2024-03-17 02:05:55.235688,18.54,False,
U001904,organico,repeat_transaction,2024-03-21 13:47:54.598355,61.42,False,
U001904,organico,repeat_transaction,2024-03-26 22:08:03.597423,64.94,False,
U001904,organico,repeat_transaction,2024-03-31 07:39:13.302002,226.45,False,
U001904,organico,repeat_transaction,2024-04-09 23:17:33.329974,28.13,True,
U001905,organico,signup,2024-01-22 11:21:02.930162,,,
U001905,organico,login,2024-01-23 22:22:00.740660,,,
U001905,organico,view_service,2024-01-24 00:18:11.249602,,,
U001905,organico,start_application,2024-01-26 22:32:37.326777,,,
U001905,organico,complete_kyc,2024-01-29 22:21:54.033369,,,kyc_approved
U001906,referido,signup,2024-02-25 02:36:26.636268,,,
U001906,referido,login,2024-02-25 21:04:03.194286,,,
U001906,referido,view_service,2024-02-26 03:49:38.550549,,,
U001906,referido,start_application,2024-02-26 22:55:29.882033,,,
U001906,referido,complete_kyc,2024-02-28 11:26:23.866517,,,kyc_rejected
U001907,organico,signup,2024-01-11 00:28:58.351997,,,
U001907,organico,login,2024-01-11 14:01:53.608738,,,
U001907,organico,view_service,2024-01-11 18:41:37.817128,,,
U001907,organico,start_application,2024-01-12 03:00:20.634987,,,
U001907,organico,complete_kyc,2024-01-14 22:01:25.347469,,,kyc_approved
U001908,pagado,signup,2024-03-18 19:10:22.100486,,,
U001908,pagado,login,2024-03-20 06:11:47.817088,,,
U001909,pagado,signup,2024-01-25 06:15:10.814075,,,
U001909,pagado,login,2024-01-26 03:51:01.143856,,,
U001909,pagado,view_service,2024-01-26 11:27:42.852493,,,
U001910,organico,signup,2024-02-15 05:46:02.426887,,,
U001910,organico,login,2024-02-15 21:56:59.441866,,,
U001910,organico,view_service,2024-02-16 10:22:36.534829,,,
U001910,organico,start_application,2024-02-18 07:02:28.428196,,,
U001910,organico,complete_kyc,2024-02-20 22:50:56.742837,,,kyc_rejected
U001911,referido,signup,2024-01-02 22:10:46.865837,,,
U001911,referido,login,2024-01-04 15:11:37.517843,,,
U001912,organico,signup,2024-03-19 15:15:55.878709,,,
U001912,organico,login,2024-03-19 23:25:13.899752,,,
U001912,organico,view_service,2024-03-20 22:20:41.247267,,,
U001913,organico,signup,2024-01-18 21:17:59.703362,,,
U001913,organico,login,2024-01-19 12:00:49.128713,,,
U001913,organico,view_service,2024-01-19 23:45:04.795550,,,
U001914,organico,signup,2024-02-23 13:09:00.584252,,,
U001914,organico,login,2024-02-24 17:30:36.292824,,,
U001914,organico,view_service,2024-02-25 07:34:36.325391,,,
U001914,organico,start_application,2024-02-28 05:59:49.557426,,,
U001914,organico,complete_kyc,2024-02-28 22:24:57.463178,,,kyc_approved
U001914,organico,first_transaction,2024-03-01 05:18:56.718144,26.56,True,
U001914,organico,repeat_transaction,2024-03-05 08:29:47.408123,62.69,False,
U001914,organico,repeat_transaction,2024-03-12 14:44:51.678122,64.93,False,
U001914,organico,repeat_transaction,2024-03-15 14:39:25.998438,25.16,False,
U001914,organico,repeat_transaction,2024-03-18 08:39:45.834851,27.6,False,
U001914,organico,repeat_transaction,2024-03-26 13:57:57.979639,53.45,False,
U001914,organico,repeat_transaction,2024-03-31 19:31:50.510547,20.51,False,
U001914,organico,repeat_transaction,2024-04-04 18:41:09.775423,27.46,False,
U001914,organico,repeat_transaction,2024-04-12 13:37:03.545608,38.97,False,
U001915,pagado,signup,2024-02-25 20:58:01.519821,,,
U001915,pagado,login,2024-02-26 21:11:08.878409,,,
U001915,pagado,view_service,2024-02-27 07:19:15.945450,,,
U001916,referido,signup,2024-03-04 02:59:16.166082,,,
U001916,referido,login,2024-03-04 10:25:25.109822,,,
U001917,referido,signup,2024-01-22 05:40:39.712746,,,
U001917,referido,login,2024-01-24 03:48:47.327660,,,
U001917,referido,view_service,2024-01-24 14:21:06.976986,,,
U001917,referido,start_application,2024-01-27 02:23:22.952370,,,
U001917,referido,complete_kyc,2024-01-29 21:47:36.815460,,,kyc_approved
U001917,referido,first_transaction,2024-01-31 15:57:28.013267,73.49,False,
U001918,referido,signup,2024-03-23 17:27:21.346751,,,
U001918,referido,login,2024-03-24 02:16:59.424820,,,
U001918,referido,view_service,2024-03-24 21:45:32.302276,,,
U001918,referido,start_application,2024-03-26 12:49:43.581927,,,
U001918,referido,complete_kyc,2024-03-27 11:36:22.141335,,,kyc_approved
U001918,referido,first_transaction,2024-03-27 16:23:03.991683,23.97,False,
U001919,organico,signup,2024-01-23 08:26:37.843945,,,
U001919,organico,login,2024-01-23 20:09:10.649601,,,
U001920,pagado,signup,2024-03-12 09:17:22.754198,,,
U001920,pagado,login,2024-03-13 17:04:49.374846,,,
U001920,pagado,view_service,2024-03-14 12:00:33.145819,,,
U001921,organico,signup,2024-03-10 00:55:35.036511,,,
U001921,organico,login,2024-03-11 00:11:02.044906,,,
U001922,organico,signup,2024-03-01 08:05:14.846088,,,
U001922,organico,login,2024-03-01 11:16:15.138967,,,
U001923,organico,signup,2024-02-27 03:28:57.862407,,,
U001923,organico,login,2024-02-28 12:44:57.143137,,,
U001923,organico,view_service,2024-02-29 04:31:51.812385,,,
U001924,referido,signup,2024-03-05 18:02:10.297484,,,
U001924,referido,login,2024-03-06 02:18:52.014258,,,
U001925,organico,signup,2024-03-04 11:25:52.309403,,,
U001925,organico,login,2024-03-06 02:21:59.488419,,,
U001925,organico,view_service,2024-03-06 18:33:06.708976,,,
U001925,organico,start_application,2024-03-08 23:23:30.933964,,,
U001925,organico,complete_kyc,2024-03-10 17:19:38.707593,,,kyc_approved
U001925,organico,first_transaction,2024-03-12 12:07:59.329370,10.08,False,
U001926,organico,signup,2024-01-17 21:33:42.571631,,,
U001926,organico,login,2024-01-18 05:06:02.735548,,,
U001927,organico,signup,2024-03-04 15:01:35.351864,,,
U001927,organico,login,2024-03-06 00:32:47.888167,,,
U001927,organico,view_service,2024-03-06 10:26:54.721526,,,
U001928,referido,signup,2024-01-13 08:34:23.674662,,,
U001928,referido,login,2024-01-14 00:47:06.116515,,,
U001929,organico,signup,2024-03-14 12:41:11.166762,,,
U001929,organico,login,2024-03-15 18:31:55.917841,,,
U001929,organico,view_service,2024-03-15 20:08:16.219982,,,
U001929,organico,start_application,2024-03-15 23:02:13.224067,,,
U001929,organico,complete_kyc,2024-03-17 05:14:30.862964,,,kyc_approved
U001929,organico,first_transaction,2024-03-17 20:53:57.294826,9.57,False,
U001929,organico,repeat_transaction,2024-03-23 10:45:02.004560,15.16,False,
U001930,organico,signup,2024-01-09 18:00:18.498158,,,
U001930,organico,login,2024-01-10 03:40:03.385641,,,
U001930,organico,view_service,2024-01-10 18:28:58.265502,,,
U001930,organico,start_application,2024-01-12 12:08:03.765564,,,
U001930,organico,complete_kyc,2024-01-16 11:11:12.091365,,,kyc_approved
U001931,organico,signup,2024-02-05 18:46:39.323981,,,
U001931,organico,login,2024-02-06 15:09:34.995801,,,
U001931,organico,view_service,2024-02-06 19:13:49.691879,,,
U001931,organico,start_application,2024-02-07 11:59:26.234907,,,
U001931,organico,complete_kyc,2024-02-09 01:08:10.327442,,,kyc_approved
U001931,organico,first_transaction,2024-02-09 04:22:12.214147,14.6,False,
U001932,organico,signup,2024-03-12 19:34:01.222163,,,
U001932,organico,login,2024-03-13 02:47:39.653531,,,
U001932,organico,view_service,2024-03-13 13:00:52.101904,,,
U001932,organico,start_application,2024-03-15 18:39:25.031643,,,
U001932,organico,complete_kyc,2024-03-16 20:57:25.663136,,,kyc_approved
U001932,organico,first_transaction,2024-03-18 05:22:04.344498,32.84,False,
U001932,organico,repeat_transaction,2024-03-21 12:57:23.023681,15.92,False,
U001932,organico,repeat_transaction,2024-03-23 11:06:08.499402,22.38,False,
U001932,organico,repeat_transaction,2024-03-29 04:53:36.066022,21.29,False,
U001932,organico,repeat_transaction,2024-04-04 17:08:55.913482,26.89,False,
U001933,pagado,signup,2024-03-12 04:56:48.763797,,,
U001933,pagado,login,2024-03-13 15:53:31.688879,,,
U001933,pagado,view_service,2024-03-14 14:32:44.109020,,,
U001934,pagado,signup,2024-02-02 08:48:33.438055,,,
U001934,pagado,login,2024-02-02 09:56:56.916072,,,
U001935,organico,signup,2024-02-18 16:43:42.812429,,,
U001935,organico,login,2024-02-20 16:02:03.038815,,,
U001935,organico,view_service,2024-02-21 07:12:35.734464,,,
U001935,organico,start_application,2024-02-23 00:14:38.063357,,,
U001935,organico,complete_kyc,2024-02-26 05:46:50.728455,,,kyc_approved
U001936,organico,signup,2024-02-13 15:46:31.281891,,,
U001936,organico,login,2024-02-14 18:11:38.081275,,,
U001936,organico,view_service,2024-02-14 19:08:43.021447,,,
U001937,pagado,signup,2024-01-21 09:05:24.843040,,,
U001937,pagado,login,2024-01-22 16:05:18.335203,,,
U001937,pagado,view_service,2024-01-23 04:30:17.584529,,,
U001938,organico,signup,2024-02-20 01:54:58.367748,,,
U001938,organico,login,2024-02-20 07:07:01.799622,,,
U001938,organico,view_service,2024-02-21 03:38:51.692088,,,
U001938,organico,start_application,2024-02-23 17:49:05.774932,,,
U001938,organico,complete_kyc,2024-02-27 03:58:54.324623,,,kyc_approved
U001938,organico,first_transaction,2024-02-27 16:34:37.411148,92.37,False,
U001938,organico,repeat_transaction,2024-03-08 08:39:57.000319,58.17,False,
U001939,pagado,signup,2024-03-14 14:26:25.757595,,,
U001939,pagado,login,2024-03-15 06:40:10.159126,,,
U001939,pagado,view_service,2024-03-15 15:18:19.734867,,,
U001940,organico,signup,2024-02-29 19:29:43.150380,,,
U001940,organico,login,2024-02-29 20:33:12.433619,,,
U001940,organico,view_service,2024-03-01 08:22:20.492026,,,
U001940,organico,start_application,2024-03-03 00:57:00.972781,,,
U001940,organico,complete_kyc,2024-03-05 22:30:58.681965,,,kyc_approved
U001940,organico,first_transaction,2024-03-06 08:33:17.770103,37.01,False,
U001940,organico,repeat_transaction,2024-03-16 04:57:56.178981,26.5,False,
U001940,organico,repeat_transaction,2024-03-20 03:44:29.428338,27.02,False,
U001940,organico,repeat_transaction,2024-03-30 02:03:18.912136,46.04,False,
U001940,organico,repeat_transaction,2024-04-06 22:06:01.834136,55.09,False,
U001940,organico,repeat_transaction,2024-04-10 22:29:14.047407,19.39,False,
U001940,organico,repeat_transaction,2024-04-19 15:34:17.817041,37.54,False,
U001940,organico,repeat_transaction,2024-04-29 04:25:27.185588,8.83,False,
U001940,organico,repeat_transaction,2024-05-02 23:34:17.107527,42.44,False,
U001940,organico,repeat_transaction,2024-05-10 09:20:56.260476,62.4,False,
U001940,organico,repeat_transaction,2024-05-19 12:01:01.301342,30.08,False,
U001940,organico,repeat_transaction,2024-05-24 09:53:52.317833,130.53,False,
U001941,pagado,signup,2024-02-01 17:16:30.214840,,,
U001941,pagado,login,2024-02-02 08:52:53.547680,,,
U001941,pagado,view_service,2024-02-02 20:40:44.659932,,,
U001942,pagado,signup,2024-03-21 00:14:10.934220,,,
U001942,pagado,login,2024-03-21 20:02:10.696312,,,
U001943,pagado,signup,2024-03-20 05:15:04.257237,,,
U001943,pagado,login,2024-03-21 05:52:59.218172,,,
U001943,pagado,view_service,2024-03-21 23:10:45.414000,,,
U001943,pagado,start_application,2024-03-24 06:37:35.395362,,,
U001943,pagado,complete_kyc,2024-03-27 16:18:58.300690,,,kyc_approved
U001943,pagado,first_transaction,2024-03-28 10:29:32.415928,19.75,False,
U001944,pagado,signup,2024-02-16 16:52:39.203743,,,
U001944,pagado,login,2024-02-17 16:26:07.477322,,,
U001944,pagado,view_service,2024-02-18 01:29:30.322122,,,
U001945,referido,signup,2024-02-06 06:30:28.815911,,,
U001945,referido,login,2024-02-07 02:50:38.167571,,,
U001945,referido,view_service,2024-02-07 19:10:48.011191,,,
U001945,referido,start_application,2024-02-09 14:04:12.350964,,,
U001945,referido,complete_kyc,2024-02-11 05:03:12.178383,,,kyc_approved
U001945,referido,first_transaction,2024-02-12 16:32:22.147646,42.62,False,
U001945,referido,repeat_transaction,2024-02-19 18:10:50.794683,35.69,False,
U001945,referido,repeat_transaction,2024-02-22 18:12:30.401199,34.12,False,
U001946,organico,signup,2024-02-14 18:03:11.226488,,,
U001946,organico,login,2024-02-15 04:41:00.581929,,,
U001946,organico,view_service,2024-02-15 15:25:37.863802,,,
U001946,organico,start_application,2024-02-16 17:13:08.655183,,,
U001946,organico,complete_kyc,2024-02-18 13:47:49.825739,,,kyc_approved
U001946,organico,first_transaction,2024-02-20 08:32:14.566868,33.78,False,
U001947,organico,signup,2024-01-30 05:25:00.051917,,,
U001947,organico,login,2024-02-01 01:20:13.357391,,,
U001947,organico,view_service,2024-02-01 20:52:32.065088,,,
U001947,organico,start_application,2024-02-03 08:37:23.711374,,,
U001947,organico,complete_kyc,2024-02-06 10:58:52.873161,,,kyc_approved
U001947,organico,first_transaction,2024-02-07 00:49:18.032812,39.45,False,
U001947,organico,repeat_transaction,2024-02-14 10:47:59.630131,66.26,False,
U001947,organico,repeat_transaction,2024-02-18 15:17:40.137747,96.01,False,
U001947,organico,repeat_transaction,2024-02-26 09:16:25.936347,36.54,False,
U001947,organico,repeat_transaction,2024-03-06 06:57:36.847222,64.76,False,
U001947,organico,repeat_transaction,2024-03-15 22:49:03.714746,22.39,False,
U001947,organico,repeat_transaction,2024-03-21 05:40:35.434531,62.56,False,
U001947,organico,repeat_transaction,2024-03-27 06:06:43.928315,21.47,False,
U001947,organico,repeat_transaction,2024-03-30 15:22:55.566802,78.53,False,
U001947,organico,repeat_transaction,2024-04-09 06:22:27.770404,171.99,False,
U001948,organico,signup,2024-01-09 20:14:22.087626,,,
U001948,organico,login,2024-01-09 23:58:52.933958,,,
U001949,pagado,signup,2024-02-29 20:45:03.493729,,,
U001949,pagado,login,2024-02-29 22:23:56.447049,,,
U001949,pagado,view_service,2024-03-01 12:07:25.944058,,,
U001949,pagado,start_application,2024-03-01 14:37:56.343334,,,
U001949,pagado,complete_kyc,2024-03-03 06:11:44.702387,,,kyc_approved
U001949,pagado,first_transaction,2024-03-03 13:28:53.311826,33.6,False,
U001950,organico,signup,2024-02-19 05:43:37.405957,,,
U001950,organico,login,2024-02-19 23:19:56.809783,,,
U001950,organico,view_service,2024-02-20 03:42:01.705698,,,
U001950,organico,start_application,2024-02-22 04:27:53.415205,,,
U001950,organico,complete_kyc,2024-02-25 22:52:36.505767,,,kyc_approved
U001950,organico,first_transaction,2024-02-27 07:43:05.850590,7.89,False,
U001951,referido,signup,2024-01-05 18:43:24.063252,,,
U001951,referido,login,2024-01-05 22:35:31.879148,,,
U001951,referido,view_service,2024-01-06 04:31:20.169167,,,
U001951,referido,start_application,2024-01-09 03:46:28.227622,,,
U001951,referido,complete_kyc,2024-01-11 19:50:47.242097,,,kyc_approved
U001951,referido,first_transaction,2024-01-13 00:41:12.456070,24.94,False,
U001951,referido,repeat_transaction,2024-01-20 15:34:33.675914,86.69,False,
U001951,referido,repeat_transaction,2024-01-30 14:11:51.372336,53.9,False,
U001951,referido,repeat_transaction,2024-02-01 12:11:12.853977,43.56,False,
U001951,referido,repeat_transaction,2024-02-07 00:42:05.425017,74.15,False,
U001951,referido,repeat_transaction,2024-02-12 01:25:51.820323,51.37,False,
U001951,referido,repeat_transaction,2024-02-16 16:13:06.073577,85.83,False,
U001951,referido,repeat_transaction,2024-02-24 05:56:03.338970,69.66,False,
U001951,referido,repeat_transaction,2024-02-29 01:44:42.390674,106.19,False,
U001951,referido,repeat_transaction,2024-03-06 20:35:51.822830,47.05,False,
U001951,referido,repeat_transaction,2024-03-12 11:00:00.080975,68.97,False,
U001952,organico,signup,2024-02-13 02:58:15.882690,,,
U001952,organico,login,2024-02-14 16:31:39.378008,,,
U001952,organico,view_service,2024-02-15 13:47:01.854254,,,
U001953,organico,signup,2024-02-04 16:34:55.694522,,,
U001954,pagado,signup,2024-01-04 03:38:29.622734,,,
U001954,pagado,login,2024-01-05 13:20:16.217122,,,
U001954,pagado,view_service,2024-01-05 13:28:27.376076,,,
U001954,pagado,start_application,2024-01-07 16:13:06.942940,,,
U001954,pagado,complete_kyc,2024-01-09 16:07:22.247589,,,kyc_rejected
U001955,referido,signup,2024-01-31 05:41:42.070906,,,
U001955,referido,login,2024-02-01 02:01:28.833545,,,
U001956,organico,signup,2024-02-19 06:00:14.469768,,,
U001956,organico,login,2024-02-20 23:39:45.976169,,,
U001956,organico,view_service,2024-02-21 13:51:43.094892,,,
U001956,organico,start_application,2024-02-22 22:35:20.274015,,,
U001956,organico,complete_kyc,2024-02-25 21:49:15.583299,,,kyc_approved
U001956,organico,first_transaction,2024-02-26 12:15:15.197789,29.52,False,
U001956,organico,repeat_transaction,2024-03-01 10:57:14.849135,24.02,False,
U001956,organico,repeat_transaction,2024-03-03 09:13:34.431231,120.87,False,
U001956,organico,repeat_transaction,2024-03-11 02:25:40.813256,42.58,False,
U001956,organico,repeat_transaction,2024-03-20 08:21:14.288046,64.29,False,
U001957,pagado,signup,2024-02-29 21:37:15.686874,,,
U001957,pagado,login,2024-03-02 09:32:12.323379,,,
U001957,pagado,view_service,2024-03-03 06:10:09.921760,,,
U001958,referido,signup,2024-03-20 06:52:37.468787,,,
U001958,referido,login,2024-03-20 16:43:38.625699,,,
U001958,referido,view_service,2024-03-21 04:53:01.329406,,,
U001958,referido,start_application,2024-03-21 15:08:49.461696,,,
U001958,referido,complete_kyc,2024-03-23 16:44:42.793333,,,kyc_approved
U001959,referido,signup,2024-03-12 01:18:42.152434,,,
U001959,referido,login,2024-03-13 07:12:19.964920,,,
U001959,referido,view_service,2024-03-13 20:08:23.250896,,,
U001960,pagado,signup,2024-02-15 14:36:28.159973,,,
U001960,pagado,login,2024-02-16 20:23:59.701646,,,
U001961,pagado,signup,2024-03-06 04:57:45.816948,,,
U001961,pagado,login,2024-03-08 03:34:46.715879,,,
U001961,pagado,view_service,2024-03-08 12:36:48.537799,,,
U001961,pagado,start_application,2024-03-10 02:01:02.298332,,,
U001961,pagado,complete_kyc,2024-03-13 15:14:06.913225,,,kyc_rejected
U001962,organico,signup,2024-02-02 16:26:58.484437,,,
U001962,organico,login,2024-02-04 09:26:50.270659,,,
U001962,organico,view_service,2024-02-04 16:56:48.913805,,,
U001963,pagado,signup,2024-02-21 00:17:44.920237,,,
U001963,pagado,login,2024-02-21 09:47:16.610929,,,
U001963,pagado,view_service,2024-02-22 05:27:21.502783,,,
U001964,organico,signup,2024-01-30 05:09:44.051074,,,
U001964,organico,login,2024-01-31 08:46:04.838237,,,
U001964,organico,view_service,2024-01-31 14:37:04.106602,,,
U001965,organico,signup,2024-02-24 19:26:55.042997,,,
U001965,organico,login,2024-02-25 02:57:38.001633,,,
U001966,organico,signup,2024-03-31 09:48:47.587302,,,
U001966,organico,login,2024-03-31 13:55:46.242987,,,
U001967,organico,signup,2024-01-19 16:10:26.897281,,,
U001967,organico,login,2024-01-20 01:21:57.614334,,,
U001968,organico,signup,2024-02-12 00:18:47.221582,,,
U001968,organico,login,2024-02-12 02:41:09.953652,,,
U001969,pagado,signup,2024-01-30 14:44:27.417288,,,
U001969,pagado,login,2024-01-31 02:12:41.375419,,,
U001970,organico,signup,2024-03-21 21:22:40.764523,,,
U001971,pagado,signup,2024-01-11 06:02:40.399958,,,
U001971,pagado,login,2024-01-11 18:55:44.752536,,,
U001971,pagado,view_service,2024-01-12 04:57:56.427082,,,
U001972,referido,signup,2024-03-25 08:47:18.106818,,,
U001973,referido,signup,2024-03-10 07:42:46.945950,,,
U001973,referido,login,2024-03-10 08:38:24.874126,,,
U001974,referido,signup,2024-03-19 05:03:27.087394,,,
U001974,referido,login,2024-03-19 17:08:07.212903,,,
U001975,organico,signup,2024-02-19 14:47:58.882881,,,
U001975,organico,login,2024-02-20 23:48:27.591044,,,
U001975,organico,view_service,2024-02-21 11:48:50.455834,,,
U001976,organico,signup,2024-02-29 21:58:22.935081,,,
U001976,organico,login,2024-03-02 19:47:54.756499,,,
U001976,organico,view_service,2024-03-03 00:29:02.874140,,,
U001976,organico,start_application,2024-03-04 17:46:41.425096,,,
U001976,organico,complete_kyc,2024-03-08 11:19:20.102265,,,kyc_approved
U001976,organico,first_transaction,2024-03-09 03:57:37.198927,39.91,False,
U001977,pagado,signup,2024-03-25 23:17:50.373463,,,
U001977,pagado,login,2024-03-26 05:45:07.854103,,,
U001977,pagado,view_service,2024-03-26 06:58:46.111446,,,
U001977,pagado,start_application,2024-03-26 17:33:36.508208,,,
U001977,pagado,complete_kyc,2024-03-26 22:30:46.686268,,,kyc_approved
U001977,pagado,first_transaction,2024-03-28 15:06:07.663858,24.27,False,
U001977,pagado,repeat_transaction,2024-03-30 18:55:36.447779,36.88,False,
U001977,pagado,repeat_transaction,2024-04-05 19:07:51.704249,100.0,False,
U001977,pagado,repeat_transaction,2024-04-08 02:23:47.789126,53.98,False,
U001977,pagado,repeat_transaction,2024-04-11 18:10:07.643217,11.04,False,
U001977,pagado,repeat_transaction,2024-04-19 05:05:16.675018,31.48,False,
U001977,pagado,repeat_transaction,2024-04-26 07:17:47.440318,127.43,False,
U001977,pagado,repeat_transaction,2024-05-05 15:12:20.472747,31.51,False,
U001977,pagado,repeat_transaction,2024-05-12 23:48:32.573265,10.38,False,
U001977,pagado,repeat_transaction,2024-05-19 16:16:03.095600,137.71,False,
U001977,pagado,repeat_transaction,2024-05-20 19:42:34.616884,59.01,False,
U001977,pagado,repeat_transaction,2024-05-24 09:55:31.509266,34.85,False,
U001977,pagado,repeat_transaction,2024-06-01 12:50:42.436711,28.22,False,
U001978,organico,signup,2024-02-09 00:35:10.345316,,,
U001978,organico,login,2024-02-09 22:17:47.545480,,,
U001979,pagado,signup,2024-01-04 23:12:34.405765,,,
U001980,pagado,signup,2024-02-01 03:15:09.280554,,,
U001980,pagado,login,2024-02-01 07:50:38.696120,,,
U001980,pagado,view_service,2024-02-01 22:54:39.066126,,,
U001980,pagado,start_application,2024-02-04 08:54:32.341755,,,
U001980,pagado,complete_kyc,2024-02-05 06:28:20.038359,,,kyc_approved
U001980,pagado,first_transaction,2024-02-07 02:57:48.130107,78.07,False,
U001981,organico,signup,2024-03-05 15:56:48.392475,,,
U001981,organico,login,2024-03-05 19:35:40.831963,,,
U001981,organico,view_service,2024-03-06 18:36:44.224556,,,
U001982,organico,signup,2024-03-26 07:35:36.342584,,,
U001982,organico,login,2024-03-26 12:22:21.474223,,,
U001982,organico,view_service,2024-03-26 17:03:27.602337,,,
U001982,organico,start_application,2024-03-29 11:27:25.237784,,,
U001982,organico,complete_kyc,2024-03-31 09:59:14.913923,,,kyc_approved
U001982,organico,first_transaction,2024-04-01 07:30:32.930200,25.04,False,
U001983,pagado,signup,2024-01-21 07:19:45.799034,,,
U001983,pagado,login,2024-01-22 18:24:34.640940,,,
U001984,pagado,signup,2024-03-14 13:16:01.893230,,,
U001984,pagado,login,2024-03-16 10:54:27.226456,,,
U001984,pagado,view_service,2024-03-16 18:20:06.410293,,,
U001985,pagado,signup,2024-01-26 04:10:57.158757,,,
U001986,organico,signup,2024-03-22 09:37:05.642390,,,
U001986,organico,login,2024-03-22 12:24:53.230333,,,
U001986,organico,view_service,2024-03-23 05:55:02.852343,,,
U001986,organico,start_application,2024-03-25 10:30:55.841237,,,
U001986,organico,complete_kyc,2024-03-27 10:08:15.147652,,,kyc_approved
U001986,organico,first_transaction,2024-03-28 10:41:31.440738,81.76,False,
U001987,pagado,signup,2024-03-12 03:42:51.080191,,,
U001987,pagado,login,2024-03-12 10:57:47.702255,,,
U001988,organico,signup,2024-03-20 16:42:34.690741,,,
U001988,organico,login,2024-03-22 11:58:15.227022,,,
U001989,organico,signup,2024-01-21 21:29:32.097252,,,
U001989,organico,login,2024-01-22 22:01:08.434285,,,
U001989,organico,view_service,2024-01-23 10:53:11.466986,,,
U001989,organico,start_application,2024-01-26 06:43:30.255062,,,
U001989,organico,complete_kyc,2024-01-27 23:33:53.199312,,,kyc_rejected
U001990,pagado,signup,2024-02-16 19:48:15.207489,,,
U001990,pagado,login,2024-02-17 22:19:44.158595,,,
U001990,pagado,view_service,2024-02-18 04:49:00.165545,,,
U001990,pagado,start_application,2024-02-19 04:19:00.623716,,,
U001990,pagado,complete_kyc,2024-02-21 11:42:51.119594,,,kyc_approved
U001990,pagado,first_transaction,2024-02-22 04:56:03.626500,53.49,False,
U001991,organico,signup,2024-02-02 19:15:32.090962,,,
U001991,organico,login,2024-02-04 15:36:26.261175,,,
U001991,organico,view_service,2024-02-05 03:21:28.586246,,,
U001992,organico,signup,2024-01-27 20:18:17.609398,,,
U001992,organico,login,2024-01-29 18:54:10.717691,,,
U001992,organico,view_service,2024-01-30 16:12:15.670726,,,
U001993,organico,signup,2024-01-31 05:03:54.631680,,,
U001993,organico,login,2024-02-01 10:43:26.665330,,,
U001993,organico,view_service,2024-02-01 16:56:00.025399,,,
U001993,organico,start_application,2024-02-03 13:07:02.218227,,,
U001993,organico,complete_kyc,2024-02-04 23:34:34.992329,,,kyc_approved
U001993,organico,first_transaction,2024-02-06 12:58:25.351735,43.44,False,
U001994,pagado,signup,2024-02-11 06:04:04.165610,,,
U001994,pagado,login,2024-02-13 01:55:30.684521,,,
U001994,pagado,view_service,2024-02-14 00:51:26.424245,,,
U001994,pagado,start_application,2024-02-15 13:13:03.788093,,,
U001994,pagado,complete_kyc,2024-02-16 07:15:34.851683,,,kyc_approved
U001994,pagado,first_transaction,2024-02-16 16:32:26.643497,40.52,False,
U001995,organico,signup,2024-02-14 10:12:25.911719,,,
U001995,organico,login,2024-02-14 16:21:16.927277,,,
U001995,organico,view_service,2024-02-15 05:22:20.761673,,,
U001996,organico,signup,2024-03-01 19:42:19.494358,,,
U001996,organico,login,2024-03-02 22:59:58.099994,,,
U001996,organico,view_service,2024-03-03 05:08:01.408761,,,
U001997,organico,signup,2024-01-10 02:05:08.873712,,,
U001997,organico,login,2024-01-10 02:34:26.786557,,,
U001997,organico,view_service,2024-01-11 00:25:06.067183,,,
U001998,organico,signup,2024-03-19 18:14:55.912258,,,
U001998,organico,login,2024-03-21 08:24:29.928492,,,
U001998,organico,view_service,2024-03-21 18:02:39.063597,,,
U001999,organico,signup,2024-02-02 09:27:27.206122,,,
U001999,organico,login,2024-02-02 21:17:43.352331,,,
U001999,organico,view_service,2024-02-03 06:45:23.582159,,,
U002000,organico,signup,2024-03-19 22:51:51.604590,,,
U002000,organico,login,2024-03-21 08:31:08.436125,,,
U002000,organico,view_service,2024-03-21 09:43:13.705676,,,
U002000,organico,start_application,2024-03-22 00:38:49.138147,,,
U002000,organico,complete_kyc,2024-03-25 17:30:05.615138,,,kyc_rejected
U002001,organico,signup,2024-02-22 17:04:58.474245,,,
U002001,organico,login,2024-02-24 08:30:33.724015,,,
U002001,organico,view_service,2024-02-24 19:12:13.986228,,,
U002002,pagado,signup,2024-03-14 15:16:06.952136,,,
U002003,referido,signup,2024-03-28 09:39:35.265484,,,
U002003,referido,login,2024-03-29 16:50:50.199383,,,
U002003,referido,view_service,2024-03-30 06:14:21.878734,,,
U002004,pagado,signup,2024-02-12 17:36:35.009954,,,
U002004,pagado,login,2024-02-13 01:18:43.802310,,,
U002004,pagado,view_service,2024-02-13 07:35:05.621549,,,
U002005,organico,signup,2024-02-14 12:06:13.643510,,,
U002005,organico,login,2024-02-15 09:33:29.297520,,,
U002005,organico,view_service,2024-02-16 05:32:21.195946,,,
U002006,pagado,signup,2024-01-10 04:16:21.241447,,,
U002006,pagado,login,2024-01-10 09:09:54.710014,,,
U002006,pagado,view_service,2024-01-10 20:08:18.343944,,,
U002006,pagado,start_application,2024-01-11 01:09:54.495489,,,
U002006,pagado,complete_kyc,2024-01-13 08:20:49.776618,,,kyc_approved
U002006,pagado,first_transaction,2024-01-14 22:27:14.957995,32.38,False,
U002006,pagado,repeat_transaction,2024-01-21 23:38:45.490283,76.09,False,
U002006,pagado,repeat_transaction,2024-01-25 11:10:26.324978,19.97,False,
U002006,pagado,repeat_transaction,2024-01-31 03:29:48.800910,11.76,False,
U002006,pagado,repeat_transaction,2024-02-03 08:19:00.916749,56.27,False,
U002007,organico,signup,2024-02-22 14:31:05.066272,,,
U002007,organico,login,2024-02-24 03:59:11.021593,,,
U002007,organico,view_service,2024-02-24 04:54:55.330837,,,
U002007,organico,start_application,2024-02-25 04:27:54.350500,,,
U002007,organico,complete_kyc,2024-02-28 02:13:47.056243,,,kyc_approved
U002007,organico,first_transaction,2024-02-28 12:24:02.021917,56.93,False,
U002007,organico,repeat_transaction,2024-03-04 09:41:34.754945,51.22,False,
U002007,organico,repeat_transaction,2024-03-09 20:06:03.215833,48.69,False,
U002007,organico,repeat_transaction,2024-03-14 12:46:29.188189,29.24,False,
U002007,organico,repeat_transaction,2024-03-24 02:08:11.949296,63.51,False,
U002007,organico,repeat_transaction,2024-04-01 13:25:53.159439,35.45,False,
U002007,organico,repeat_transaction,2024-04-08 01:43:46.574805,26.02,False,
U002007,organico,repeat_transaction,2024-04-13 10:53:42.041071,29.42,False,
U002007,organico,repeat_transaction,2024-04-20 16:47:04.803021,150.57,False,
U002007,organico,repeat_transaction,2024-04-22 17:05:46.249917,10.86,False,
U002007,organico,repeat_transaction,2024-04-29 01:20:40.308400,51.93,False,
U002007,organico,repeat_transaction,2024-05-09 00:04:19.737282,11.3,False,
U002007,organico,repeat_transaction,2024-05-10 23:47:12.312467,33.93,False,
U002007,organico,repeat_transaction,2024-05-17 18:46:18.257117,27.02,False,
U002008,referido,signup,2024-03-11 14:23:20.193695,,,
U002008,referido,login,2024-03-13 05:42:07.716448,,,
U002008,referido,view_service,2024-03-13 22:22:44.605561,,,
U002009,organico,signup,2024-03-27 07:13:16.336379,,,
U002009,organico,login,2024-03-27 12:17:46.367184,,,
U002009,organico,view_service,2024-03-28 03:52:10.531842,,,
U002010,organico,signup,2024-01-11 02:30:48.530438,,,
U002010,organico,login,2024-01-11 12:51:50.117205,,,
U002010,organico,view_service,2024-01-11 16:32:45.263795,,,
U002011,pagado,signup,2024-03-29 08:32:34.526639,,,
U002011,pagado,login,2024-03-30 20:33:43.264309,,,
U002012,pagado,signup,2024-02-15 08:04:25.116953,,,
U002012,pagado,login,2024-02-16 08:11:58.453623,,,
U002012,pagado,view_service,2024-02-16 17:53:17.860550,,,
U002012,pagado,start_application,2024-02-19 10:32:57.086710,,,
U002012,pagado,complete_kyc,2024-02-21 13:45:01.554312,,,kyc_rejected
U002013,pagado,signup,2024-01-12 18:34:00.597140,,,
U002013,pagado,login,2024-01-14 05:55:27.135291,,,
U002014,pagado,signup,2024-01-25 10:52:10.930545,,,
U002014,pagado,login,2024-01-26 21:16:52.682626,,,
U002014,pagado,view_service,2024-01-27 20:46:48.316143,,,
U002015,organico,signup,2024-03-15 15:54:16.365224,,,
U002015,organico,login,2024-03-16 18:38:08.005614,,,
U002015,organico,view_service,2024-03-17 08:22:57.709065,,,
U002016,pagado,signup,2024-01-22 10:42:59.254174,,,
U002016,pagado,login,2024-01-22 12:35:33.262268,,,
U002016,pagado,view_service,2024-01-22 17:12:58.135564,,,
U002017,organico,signup,2024-01-09 08:28:11.597574,,,
U002017,organico,login,2024-01-09 10:27:10.847203,,,
U002017,organico,view_service,2024-01-10 04:27:30.383566,,,
U002018,organico,signup,2024-03-13 10:07:14.584422,,,
U002018,organico,login,2024-03-14 19:47:08.311520,,,
U002018,organico,view_service,2024-03-15 08:30:18.870233,,,
U002018,organico,start_application,2024-03-15 15:38:30.710537,,,
U002018,organico,complete_kyc,2024-03-19 06:27:39.633258,,,kyc_approved
U002018,organico,first_transaction,2024-03-20 00:03:08.728170,8.5,False,
U002018,organico,repeat_transaction,2024-03-27 22:30:46.508301,48.05,False,
U002018,organico,repeat_transaction,2024-04-01 18:08:40.379322,28.05,False,
U002018,organico,repeat_transaction,2024-04-05 00:08:30.016667,8.42,False,
U002018,organico,repeat_transaction,2024-04-13 02:54:30.244827,65.87,False,
U002018,organico,repeat_transaction,2024-04-16 06:46:53.028384,99.93,False,
U002018,organico,repeat_transaction,2024-04-24 10:37:38.859671,103.86,False,
U002018,organico,repeat_transaction,2024-04-30 19:00:22.585286,47.05,False,
U002018,organico,repeat_transaction,2024-05-02 07:29:22.360096,37.8,False,
U002018,organico,repeat_transaction,2024-05-08 02:49:44.015437,92.73,False,
U002019,pagado,signup,2024-03-29 06:20:06.396049,,,
U002019,pagado,login,2024-03-29 15:43:13.877252,,,
U002019,pagado,view_service,2024-03-29 22:17:14.766698,,,
U002019,pagado,start_application,2024-03-31 08:02:36.614430,,,
U002019,pagado,complete_kyc,2024-04-03 18:24:46.159866,,,kyc_approved
U002019,pagado,first_transaction,2024-04-05 17:14:35.291380,118.83,False,
U002019,pagado,repeat_transaction,2024-04-15 00:35:09.950830,80.92,False,
U002019,pagado,repeat_transaction,2024-04-22 10:26:09.142571,18.93,False,
U002019,pagado,repeat_transaction,2024-04-27 03:52:11.602047,42.14,False,
U002019,pagado,repeat_transaction,2024-05-06 02:54:31.315888,49.78,False,
U002019,pagado,repeat_transaction,2024-05-09 12:48:11.541709,10.31,False,
U002019,pagado,repeat_transaction,2024-05-12 07:08:34.524949,50.83,False,
U002019,pagado,repeat_transaction,2024-05-22 01:23:44.266961,179.67,False,
U002019,pagado,repeat_transaction,2024-05-29 00:51:40.816980,57.28,False,
U002019,pagado,repeat_transaction,2024-06-05 02:20:48.951955,102.66,False,
U002019,pagado,repeat_transaction,2024-06-09 09:00:54.980968,41.6,False,
U002019,pagado,repeat_transaction,2024-06-17 23:12:25.730867,34.77,False,
U002020,organico,signup,2024-02-02 19:00:32.724017,,,
U002020,organico,login,2024-02-04 06:03:00.764795,,,
U002021,referido,signup,2024-03-06 11:29:19.565887,,,
U002021,referido,login,2024-03-08 00:09:52.563737,,,
U002021,referido,view_service,2024-03-08 22:42:10.930701,,,
U002021,referido,start_application,2024-03-11 09:03:35.489175,,,
U002021,referido,complete_kyc,2024-03-14 01:45:24.430633,,,kyc_rejected
U002022,pagado,signup,2024-01-17 05:25:33.633531,,,
U002022,pagado,login,2024-01-17 13:08:43.094933,,,
U002022,pagado,view_service,2024-01-18 11:18:27.684465,,,
U002023,pagado,signup,2024-02-20 23:54:06.552913,,,
U002023,pagado,login,2024-02-22 05:38:14.539233,,,
U002023,pagado,view_service,2024-02-23 05:04:49.554175,,,
U002024,organico,signup,2024-01-26 09:34:03.334014,,,
U002024,organico,login,2024-01-26 19:57:18.296889,,,
U002024,organico,view_service,2024-01-27 15:37:10.067342,,,
U002024,organico,start_application,2024-01-30 10:11:36.533022,,,
U002024,organico,complete_kyc,2024-01-30 21:08:19.807924,,,kyc_approved
U002024,organico,first_transaction,2024-01-31 22:44:13.668326,47.79,False,
U002025,organico,signup,2024-01-22 03:59:01.682232,,,
U002026,pagado,signup,2024-01-15 04:48:58.826745,,,
U002026,pagado,login,2024-01-15 09:43:08.918019,,,
U002026,pagado,view_service,2024-01-15 20:24:58.809064,,,
U002027,organico,signup,2024-01-29 04:21:17.991979,,,
U002027,organico,login,2024-01-30 04:14:41.194619,,,
U002027,organico,view_service,2024-01-30 13:26:37.393658,,,
U002027,organico,start_application,2024-01-30 15:32:59.363936,,,
U002027,organico,complete_kyc,2024-01-30 23:09:52.741924,,,kyc_approved
U002027,organico,first_transaction,2024-01-31 10:54:04.292177,20.67,False,
U002027,organico,repeat_transaction,2024-02-02 10:56:25.031328,18.64,False,
U002027,organico,repeat_transaction,2024-02-08 07:56:53.019340,88.8,False,
U002028,organico,signup,2024-01-02 15:03:30.143531,,,
U002028,organico,login,2024-01-03 13:36:34.983655,,,
U002028,organico,view_service,2024-01-04 07:11:55.145756,,,
U002028,organico,start_application,2024-01-05 13:37:30.718127,,,
U002028,organico,complete_kyc,2024-01-08 05:38:01.889195,,,kyc_approved
U002029,organico,signup,2024-02-12 23:56:04.173761,,,
U002029,organico,login,2024-02-13 20:12:13.092608,,,
U002029,organico,view_service,2024-02-14 16:19:54.565039,,,
U002030,organico,signup,2024-01-10 14:09:45.008637,,,
U002030,organico,login,2024-01-11 14:59:09.145167,,,
U002030,organico,view_service,2024-01-12 06:45:55.913719,,,
U002030,organico,start_application,2024-01-13 10:54:05.653599,,,
U002030,organico,complete_kyc,2024-01-15 18:14:50.974739,,,kyc_approved
U002031,pagado,signup,2024-02-06 03:19:18.657453,,,
U002031,pagado,login,2024-02-07 08:52:07.575023,,,
U002031,pagado,view_service,2024-02-07 11:32:01.786419,,,
U002032,organico,signup,2024-01-31 23:12:56.642824,,,
U002032,organico,login,2024-02-01 00:17:40.137032,,,
U002033,organico,signup,2024-03-13 19:37:13.793140,,,
U002033,organico,login,2024-03-14 19:01:33.221308,,,
U002033,organico,view_service,2024-03-15 02:13:18.492964,,,
U002033,organico,start_application,2024-03-17 01:55:11.525767,,,
U002033,organico,complete_kyc,2024-03-17 13:21:14.104855,,,kyc_rejected
U002034,organico,signup,2024-02-05 05:06:08.679529,,,
U002035,organico,signup,2024-02-07 04:01:44.030970,,,
U002035,organico,login,2024-02-09 02:08:51.539390,,,
U002036,organico,signup,2024-01-25 07:24:11.626614,,,
U002036,organico,login,2024-01-25 23:50:01.269410,,,
U002036,organico,view_service,2024-01-26 18:56:42.931847,,,
U002036,organico,start_application,2024-01-27 03:10:32.973177,,,
U002036,organico,complete_kyc,2024-01-29 10:14:35.746384,,,kyc_rejected
U002037,organico,signup,2024-03-06 03:51:50.891207,,,
U002037,organico,login,2024-03-06 10:44:42.282978,,,
U002038,pagado,signup,2024-03-10 20:49:58.335421,,,
U002038,pagado,login,2024-03-12 03:31:49.273132,,,
U002038,pagado,view_service,2024-03-12 12:15:08.479777,,,
U002038,pagado,start_application,2024-03-14 22:07:10.158360,,,
U002038,pagado,complete_kyc,2024-03-18 07:55:01.266412,,,kyc_approved
U002038,pagado,first_transaction,2024-03-18 20:10:12.941619,95.64,False,
U002039,pagado,signup,2024-01-30 06:58:26.398230,,,
U002039,pagado,login,2024-01-31 09:05:15.080697,,,
U002039,pagado,view_service,2024-01-31 22:49:17.463195,,,
U002039,pagado,start_application,2024-02-03 19:20:06.950443,,,
U002039,pagado,complete_kyc,2024-02-06 03:30:10.270820,,,kyc_approved
U002039,pagado,first_transaction,2024-02-08 00:13:58.116441,18.29,False,
U002040,pagado,signup,2024-01-11 22:13:18.676986,,,
U002040,pagado,login,2024-01-11 23:36:24.500291,,,
U002040,pagado,view_service,2024-01-12 09:29:44.151555,,,
U002041,organico,signup,2024-02-22 15:43:43.288248,,,
U002041,organico,login,2024-02-23 10:07:33.099213,,,
U002041,organico,view_service,2024-02-24 09:14:38.164130,,,
U002041,organico,start_application,2024-02-26 19:31:18.904244,,,
U002041,organico,complete_kyc,2024-02-29 20:40:30.312870,,,kyc_approved
U002041,organico,first_transaction,2024-03-01 06:46:41.630138,72.07,False,
U002041,organico,repeat_transaction,2024-03-09 02:05:09.350500,34.44,False,
U002041,organico,repeat_transaction,2024-03-17 13:57:18.905179,46.43,False,
U002042,referido,signup,2024-02-10 06:18:54.311902,,,
U002042,referido,login,2024-02-10 21:57:47.888071,,,
U002043,pagado,signup,2024-03-26 14:36:42.042461,,,
U002043,pagado,login,2024-03-28 07:02:42.576666,,,
U002044,pagado,signup,2024-02-13 18:05:50.401300,,,
U002044,pagado,login,2024-02-14 21:59:10.453471,,,
U002044,pagado,view_service,2024-02-15 17:53:02.451087,,,
U002045,organico,signup,2024-01-29 11:28:56.075934,,,
U002045,organico,login,2024-01-30 02:07:06.541385,,,
U002046,organico,signup,2024-03-15 00:33:11.559291,,,
U002047,organico,signup,2024-03-19 22:12:21.032319,,,
U002047,organico,login,2024-03-21 02:46:31.003458,,,
U002048,referido,signup,2024-03-14 15:51:26.337098,,,
U002048,referido,login,2024-03-15 15:08:47.439337,,,
U002049,organico,signup,2024-01-30 01:12:15.805676,,,
U002049,organico,login,2024-01-30 21:20:32.213564,,,
U002049,organico,view_service,2024-01-31 09:38:54.097464,,,
U002050,organico,signup,2024-02-06 10:37:30.925700,,,
U002050,organico,login,2024-02-08 07:54:28.978408,,,
U002050,organico,view_service,2024-02-09 02:07:01.997276,,,
U002051,pagado,signup,2024-01-25 21:20:25.378010,,,
U002051,pagado,login,2024-01-26 17:24:29.122294,,,
U002052,organico,signup,2024-03-28 13:33:38.822782,,,
U002052,organico,login,2024-03-28 19:59:38.284475,,,
U002052,organico,view_service,2024-03-29 09:09:54.893811,,,
U002052,organico,start_application,2024-03-31 16:27:02.289759,,,
U002052,organico,complete_kyc,2024-04-02 11:14:37.319183,,,kyc_approved
U002052,organico,first_transaction,2024-04-03 15:53:56.285363,50.51,False,
U002053,organico,signup,2024-02-22 16:12:42.160710,,,
U002053,organico,login,2024-02-23 14:44:59.240082,,,
U002053,organico,view_service,2024-02-24 08:39:10.145191,,,
U002054,organico,signup,2024-03-11 07:47:08.220412,,,
U002054,organico,login,2024-03-12 03:58:36.968360,,,
U002054,organico,view_service,2024-03-12 23:01:07.167618,,,
U002055,referido,signup,2024-02-29 22:51:05.756162,,,
U002055,referido,login,2024-03-02 07:44:05.569092,,,
U002056,organico,signup,2024-01-15 11:53:36.401196,,,
U002056,organico,login,2024-01-16 06:09:05.856630,,,
U002057,pagado,signup,2024-03-22 21:33:28.601184,,,
U002057,pagado,login,2024-03-24 20:50:06.597843,,,
U002057,pagado,view_service,2024-03-25 02:18:41.099681,,,
U002058,organico,signup,2024-02-02 01:43:06.235982,,,
U002058,organico,login,2024-02-02 20:35:06.122864,,,
U002059,pagado,signup,2024-01-10 15:16:59.932272,,,
U002059,pagado,login,2024-01-10 17:42:33.644575,,,
U002060,referido,signup,2024-01-26 08:55:54.665891,,,
U002060,referido,login,2024-01-27 10:30:02.403380,,,
U002061,organico,signup,2024-01-12 13:24:48.074150,,,
U002061,organico,login,2024-01-13 14:26:05.527699,,,
U002061,organico,view_service,2024-01-13 18:28:40.004527,,,
U002061,organico,start_application,2024-01-14 16:56:23.956830,,,
U002061,organico,complete_kyc,2024-01-15 07:06:46.690167,,,kyc_approved
U002061,organico,first_transaction,2024-01-17 05:53:16.801623,73.41,False,
U002062,referido,signup,2024-03-20 07:39:02.765470,,,
U002062,referido,login,2024-03-21 05:08:39.665395,,,
U002062,referido,view_service,2024-03-21 21:27:00.244996,,,
U002062,referido,start_application,2024-03-24 01:28:10.346970,,,
U002062,referido,complete_kyc,2024-03-27 20:47:08.803020,,,kyc_approved
U002062,referido,first_transaction,2024-03-28 00:29:09.522515,38.78,False,
U002063,organico,signup,2024-03-29 17:22:10.238685,,,
U002063,organico,login,2024-03-31 01:10:16.745046,,,
U002063,organico,view_service,2024-03-31 12:31:30.458706,,,
U002064,organico,signup,2024-03-25 06:59:10.580747,,,
U002064,organico,login,2024-03-25 10:44:25.798092,,,
U002065,pagado,signup,2024-02-22 20:40:55.964050,,,
U002065,pagado,login,2024-02-23 19:28:53.461596,,,
U002065,pagado,view_service,2024-02-24 04:55:37.726019,,,
U002065,pagado,start_application,2024-02-25 11:44:10.954021,,,
U002065,pagado,complete_kyc,2024-02-26 10:37:36.508165,,,kyc_approved
U002065,pagado,first_transaction,2024-02-27 10:59:27.440536,98.21,False,
U002065,pagado,repeat_transaction,2024-03-05 18:31:59.017342,45.45,False,
U002065,pagado,repeat_transaction,2024-03-11 03:52:09.824090,56.65,False,
U002066,organico,signup,2024-03-26 15:45:51.218770,,,
U002066,organico,login,2024-03-28 03:53:31.015176,,,
U002066,organico,view_service,2024-03-29 01:11:46.693864,,,
U002066,organico,start_application,2024-03-30 03:39:10.714819,,,
U002066,organico,complete_kyc,2024-03-31 06:05:23.698318,,,kyc_approved
U002066,organico,first_transaction,2024-04-01 11:51:52.689386,20.42,False,
U002067,organico,signup,2024-03-22 07:55:05.714226,,,
U002067,organico,login,2024-03-23 15:09:52.056952,,,
U002067,organico,view_service,2024-03-23 17:33:13.613936,,,
U002067,organico,start_application,2024-03-25 18:36:49.662440,,,
U002067,organico,complete_kyc,2024-03-28 01:39:31.821641,,,kyc_approved
U002067,organico,first_transaction,2024-03-28 04:11:31.908090,165.85,False,
U002067,organico,repeat_transaction,2024-04-02 23:39:20.933577,50.85,False,
U002067,organico,repeat_transaction,2024-04-06 14:48:15.908500,60.29,False,
U002067,organico,repeat_transaction,2024-04-16 01:35:46.617905,11.87,False,
U002067,organico,repeat_transaction,2024-04-17 04:29:23.989946,20.58,False,
U002067,organico,repeat_transaction,2024-04-22 18:09:02.654163,87.05,False,
U002067,organico,repeat_transaction,2024-05-01 21:00:05.398991,44.74,False,
U002067,organico,repeat_transaction,2024-05-04 19:41:37.158236,9.59,False,
U002067,organico,repeat_transaction,2024-05-11 14:51:16.947172,75.7,False,
U002068,pagado,signup,2024-03-20 03:13:10.447090,,,
U002068,pagado,login,2024-03-20 09:45:57.795604,,,
U002068,pagado,view_service,2024-03-20 16:13:55.366213,,,
U002069,organico,signup,2024-03-05 22:53:01.884347,,,
U002069,organico,login,2024-03-06 01:06:18.357162,,,
U002069,organico,view_service,2024-03-06 11:30:30.010299,,,
U002070,pagado,signup,2024-02-14 15:17:24.790320,,,
U002070,pagado,login,2024-02-15 18:45:46.884146,,,
U002070,pagado,view_service,2024-02-16 15:07:54.705265,,,
U002070,pagado,start_application,2024-02-18 19:16:28.942949,,,
U002070,pagado,complete_kyc,2024-02-20 05:28:12.455758,,,kyc_approved
U002070,pagado,first_transaction,2024-02-22 04:00:38.446304,25.01,False,
U002070,pagado,repeat_transaction,2024-02-28 08:17:09.915957,98.29,False,
U002070,pagado,repeat_transaction,2024-03-07 03:08:22.093244,34.42,False,
U002070,pagado,repeat_transaction,2024-03-12 16:19:55.119054,42.24,False,
U002070,pagado,repeat_transaction,2024-03-14 14:36:37.269006,83.54,False,
U002070,pagado,repeat_transaction,2024-03-24 01:11:54.980538,19.53,False,
U002071,referido,signup,2024-03-15 00:39:09.497726,,,
U002071,referido,login,2024-03-16 07:41:32.708991,,,
U002071,referido,view_service,2024-03-16 22:08:57.657423,,,
U002072,referido,signup,2024-02-13 19:53:09.944756,,,
U002072,referido,login,2024-02-14 01:17:18.951908,,,
U002073,organico,signup,2024-01-19 01:52:15.185660,,,
U002073,organico,login,2024-01-19 21:42:28.296668,,,
U002073,organico,view_service,2024-01-20 06:02:25.503422,,,
U002073,organico,start_application,2024-01-23 00:41:47.515829,,,
U002073,organico,complete_kyc,2024-01-23 23:54:00.673394,,,kyc_approved
U002073,organico,first_transaction,2024-01-25 03:32:51.740397,18.27,False,
U002074,organico,signup,2024-02-12 05:13:19.128211,,,
U002074,organico,login,2024-02-13 03:24:29.139991,,,
U002074,organico,view_service,2024-02-13 21:27:23.142158,,,
U002074,organico,start_application,2024-02-15 19:14:18.788544,,,
U002074,organico,complete_kyc,2024-02-16 14:36:17.499211,,,kyc_rejected
U002075,referido,signup,2024-02-27 11:59:31.561434,,,
U002075,referido,login,2024-02-29 05:37:18.697770,,,
U002075,referido,view_service,2024-02-29 08:18:50.284908,,,
U002076,pagado,signup,2024-03-18 20:23:31.021044,,,
U002076,pagado,login,2024-03-18 22:33:07.768681,,,
U002076,pagado,view_service,2024-03-19 20:32:07.139728,,,
U002076,pagado,start_application,2024-03-22 06:35:33.075999,,,
U002076,pagado,complete_kyc,2024-03-23 08:53:51.493380,,,kyc_approved
U002076,pagado,first_transaction,2024-03-23 23:12:56.679897,31.9,False,
U002076,pagado,repeat_transaction,2024-04-02 14:47:37.089908,65.3,False,
U002076,pagado,repeat_transaction,2024-04-10 02:31:42.791772,14.42,False,
U002076,pagado,repeat_transaction,2024-04-11 04:34:37.368654,11.39,False,
U002076,pagado,repeat_transaction,2024-04-18 11:33:41.103970,65.14,False,
U002076,pagado,repeat_transaction,2024-04-23 18:47:02.344865,24.0,False,
U002076,pagado,repeat_transaction,2024-05-02 16:38:38.071230,27.81,False,
U002076,pagado,repeat_transaction,2024-05-09 22:39:39.020898,9.98,False,
U002077,pagado,signup,2024-01-13 14:12:17.266000,,,
U002077,pagado,login,2024-01-14 10:04:04.525065,,,
U002077,pagado,view_service,2024-01-14 11:23:18.611775,,,
U002078,pagado,signup,2024-01-26 23:44:00.185899,,,
U002078,pagado,login,2024-01-28 08:20:47.269407,,,
U002078,pagado,view_service,2024-01-28 14:11:08.954884,,,
U002079,organico,signup,2024-02-13 05:31:05.636298,,,
U002079,organico,login,2024-02-13 18:00:22.872953,,,
U002080,organico,signup,2024-02-23 05:31:09.327774,,,
U002080,organico,login,2024-02-24 06:36:31.854654,,,
U002080,organico,view_service,2024-02-24 21:16:38.510537,,,
U002080,organico,start_application,2024-02-27 19:45:34.767578,,,
U002080,organico,complete_kyc,2024-03-01 06:35:34.488674,,,kyc_rejected
U002081,organico,signup,2024-03-14 06:21:39.954945,,,
U002081,organico,login,2024-03-15 22:24:45.970001,,,
U002082,pagado,signup,2024-01-31 11:47:04.976026,,,
U002082,pagado,login,2024-02-02 01:36:24.343235,,,
U002083,organico,signup,2024-02-03 15:00:08.355632,,,
U002083,organico,login,2024-02-04 11:45:37.624928,,,
U002084,pagado,signup,2024-02-13 15:02:50.205995,,,
U002084,pagado,login,2024-02-15 01:37:15.775523,,,
U002084,pagado,view_service,2024-02-15 15:08:57.599506,,,
U002085,pagado,signup,2024-02-28 16:28:13.739658,,,
U002085,pagado,login,2024-03-01 09:59:16.619871,,,
U002085,pagado,view_service,2024-03-01 17:14:57.981079,,,
U002086,organico,signup,2024-03-18 11:43:51.182051,,,
U002086,organico,login,2024-03-18 14:20:43.849074,,,
U002087,organico,signup,2024-01-24 18:33:19.249418,,,
U002087,organico,login,2024-01-26 04:26:26.261677,,,
U002087,organico,view_service,2024-01-26 14:51:28.135472,,,
U002088,pagado,signup,2024-01-26 15:48:10.616466,,,
U002088,pagado,login,2024-01-27 02:58:38.342292,,,
U002088,pagado,view_service,2024-01-27 17:05:51.047230,,,
U002088,pagado,start_application,2024-01-30 06:34:35.414977,,,
U002088,pagado,complete_kyc,2024-02-02 05:41:01.100628,,,kyc_approved
U002089,pagado,signup,2024-03-04 04:11:24.094226,,,
U002089,pagado,login,2024-03-04 20:18:23.527353,,,
U002089,pagado,view_service,2024-03-05 16:10:07.770536,,,
U002090,organico,signup,2024-02-09 04:19:57.293965,,,
U002090,organico,login,2024-02-10 03:12:58.916501,,,
U002090,organico,view_service,2024-02-10 18:26:22.824704,,,
U002091,organico,signup,2024-03-15 20:40:02.938270,,,
U002091,organico,login,2024-03-16 12:17:47.411330,,,
U002091,organico,view_service,2024-03-16 13:30:03.021737,,,
U002091,organico,start_application,2024-03-16 23:05:47.764026,,,
U002091,organico,complete_kyc,2024-03-17 08:44:56.725501,,,kyc_approved
U002091,organico,first_transaction,2024-03-18 02:21:47.259117,22.75,False,
U002091,organico,repeat_transaction,2024-03-19 14:03:25.735250,36.4,False,
U002091,organico,repeat_transaction,2024-03-29 06:47:25.982972,70.19,False,
U002091,organico,repeat_transaction,2024-04-05 13:36:56.396292,21.33,False,
U002091,organico,repeat_transaction,2024-04-07 22:30:54.684351,116.76,False,
U002091,organico,repeat_transaction,2024-04-15 02:55:25.764036,22.66,False,
U002091,organico,repeat_transaction,2024-04-19 04:33:21.023282,22.69,False,
U002091,organico,repeat_transaction,2024-04-20 21:33:15.214053,107.36,False,
U002091,organico,repeat_transaction,2024-04-25 05:45:45.888171,42.44,False,
U002092,organico,signup,2024-01-31 09:03:32.790627,,,
U002092,organico,login,2024-02-01 22:04:31.396131,,,
U002092,organico,view_service,2024-02-02 00:18:28.892795,,,
U002092,organico,start_application,2024-02-04 22:40:21.256778,,,
U002092,organico,complete_kyc,2024-02-08 20:09:45.336665,,,kyc_approved
U002092,organico,first_transaction,2024-02-10 06:32:05.609811,24.87,False,
U002093,pagado,signup,2024-01-25 14:46:31.727783,,,
U002093,pagado,login,2024-01-26 13:24:35.457663,,,
U002093,pagado,view_service,2024-01-27 01:22:05.109633,,,
U002094,organico,signup,2024-03-28 08:09:00.003463,,,
U002094,organico,login,2024-03-28 16:34:08.976621,,,
U002094,organico,view_service,2024-03-29 08:10:37.068513,,,
U002095,organico,signup,2024-01-04 08:30:10.023321,,,
U002095,organico,login,2024-01-06 01:05:46.639981,,,
U002095,organico,view_service,2024-01-06 17:11:00.829824,,,
U002096,organico,signup,2024-03-27 19:06:34.035186,,,
U002096,organico,login,2024-03-29 08:31:42.692002,,,
U002096,organico,view_service,2024-03-30 07:04:50.500755,,,
U002096,organico,start_application,2024-03-31 03:58:17.133996,,,
U002096,organico,complete_kyc,2024-03-31 09:41:55.011556,,,kyc_approved
U002096,organico,first_transaction,2024-04-01 09:47:43.112964,32.83,False,
U002097,pagado,signup,2024-02-12 12:42:26.135784,,,
U002097,pagado,login,2024-02-14 10:59:59.043473,,,
U002097,pagado,view_service,2024-02-15 09:24:05.717450,,,
U002097,pagado,start_application,2024-02-17 16:32:17.870833,,,
U002097,pagado,complete_kyc,2024-02-17 20:39:42.333183,,,kyc_approved
U002098,pagado,signup,2024-02-08 16:18:59.056360,,,
U002098,pagado,login,2024-02-08 23:32:38.037859,,,
U002099,pagado,signup,2024-02-21 16:36:35.587267,,,
U002099,pagado,login,2024-02-23 15:21:19.597187,,,
U002099,pagado,view_service,2024-02-23 18:08:58.700276,,,
U002100,pagado,signup,2024-02-19 13:28:27.006828,,,
U002100,pagado,login,2024-02-21 10:14:43.948637,,,
U002101,organico,signup,2024-02-02 13:57:42.876777,,,
U002101,organico,login,2024-02-03 09:14:03.666145,,,
U002101,organico,view_service,2024-02-04 03:27:15.625968,,,
U002101,organico,start_application,2024-02-04 16:12:56.627979,,,
U002101,organico,complete_kyc,2024-02-04 19:59:20.317612,,,kyc_approved
U002101,organico,first_transaction,2024-02-05 19:28:38.483045,94.36,False,
U002102,referido,signup,2024-01-12 18:31:53.828145,,,
U002102,referido,login,2024-01-14 00:55:03.091746,,,
U002102,referido,view_service,2024-01-14 09:23:27.088105,,,
U002102,referido,start_application,2024-01-15 19:00:15.004975,,,
U002102,referido,complete_kyc,2024-01-16 16:49:37.338064,,,kyc_approved
U002102,referido,first_transaction,2024-01-18 14:53:00.987003,102.14,False,
U002103,pagado,signup,2024-03-28 05:27:29.767551,,,
U002103,pagado,login,2024-03-29 08:50:47.623658,,,
U002103,pagado,view_service,2024-03-29 15:00:39.869347,,,
U002104,pagado,signup,2024-01-20 20:37:15.743914,,,
U002104,pagado,login,2024-01-21 09:20:22.556754,,,
U002104,pagado,view_service,2024-01-21 19:48:09.418501,,,
U002105,pagado,signup,2024-03-11 13:13:04.673593,,,
U002105,pagado,login,2024-03-12 09:58:04.819893,,,
U002105,pagado,view_service,2024-03-13 00:34:13.827155,,,
U002105,pagado,start_application,2024-03-14 05:35:11.688414,,,
U002105,pagado,complete_kyc,2024-03-18 05:17:30.194487,,,kyc_approved
U002105,pagado,first_transaction,2024-03-19 05:31:22.141073,20.66,False,
U002106,organico,signup,2024-03-25 21:30:18.378652,,,
U002106,organico,login,2024-03-27 13:35:47.579874,,,
U002106,organico,view_service,2024-03-27 21:34:50.239440,,,
U002107,organico,signup,2024-02-13 18:03:02.143963,,,
U002107,organico,login,2024-02-14 03:44:00.985562,,,
U002107,organico,view_service,2024-02-14 20:14:58.341472,,,
U002108,pagado,signup,2024-01-16 21:29:42.280046,,,
U002108,pagado,login,2024-01-18 05:50:45.734910,,,
U002108,pagado,view_service,2024-01-18 08:22:29.196111,,,
U002108,pagado,start_application,2024-01-18 12:36:52.432602,,,
U002108,pagado,complete_kyc,2024-01-22 08:12:55.749274,,,kyc_rejected
U002109,organico,signup,2024-01-31 13:41:46.298288,,,
U002109,organico,login,2024-02-02 13:20:22.022558,,,
U002109,organico,view_service,2024-02-03 07:13:02.104719,,,
U002109,organico,start_application,2024-02-04 23:50:20.510437,,,
U002109,organico,complete_kyc,2024-02-08 16:02:47.347855,,,kyc_approved
U002109,organico,first_transaction,2024-02-09 15:54:13.358768,35.53,False,
U002109,organico,repeat_transaction,2024-02-14 23:13:07.502450,38.98,False,
U002109,organico,repeat_transaction,2024-02-16 20:15:23.191451,18.35,False,
U002109,organico,repeat_transaction,2024-02-19 15:55:52.267216,35.2,False,
U002109,organico,repeat_transaction,2024-02-23 04:51:52.023196,36.73,False,
U002109,organico,repeat_transaction,2024-03-02 03:42:46.812313,81.3,False,
U002109,organico,repeat_transaction,2024-03-03 10:10:23.787416,85.22,False,
U002109,organico,repeat_transaction,2024-03-06 10:25:40.895499,29.07,False,
U002109,organico,repeat_transaction,2024-03-10 04:47:10.035683,31.51,False,
U002109,organico,repeat_transaction,2024-03-20 01:44:38.169541,58.27,False,
U002110,referido,signup,2024-03-28 23:20:17.796873,,,
U002110,referido,login,2024-03-29 17:59:55.871922,,,
U002110,referido,view_service,2024-03-30 05:56:26.754180,,,
U002110,referido,start_application,2024-03-30 13:12:52.798113,,,
U002110,referido,complete_kyc,2024-04-01 23:33:10.262501,,,kyc_approved
U002110,referido,first_transaction,2024-04-02 07:05:13.449081,24.3,False,
U002110,referido,repeat_transaction,2024-04-03 07:59:21.928741,55.26,False,
U002111,organico,signup,2024-01-23 03:42:59.090085,,,
U002111,organico,login,2024-01-24 02:14:17.868619,,,
U002112,referido,signup,2024-01-11 13:07:43.659104,,,
U002112,referido,login,2024-01-13 00:30:39.313819,,,
U002113,organico,signup,2024-02-17 12:34:25.311311,,,
U002113,organico,login,2024-02-18 09:20:08.416735,,,
U002113,organico,view_service,2024-02-19 04:34:13.921904,,,
U002114,organico,signup,2024-01-13 23:10:00.181682,,,
U002114,organico,login,2024-01-15 05:40:39.856913,,,
U002114,organico,view_service,2024-01-15 19:03:53.517338,,,
U002115,organico,signup,2024-01-31 20:21:32.084481,,,
U002115,organico,login,2024-02-02 11:16:22.558392,,,
U002116,organico,signup,2024-01-29 06:41:11.116025,,,
U002117,pagado,signup,2024-01-15 23:05:56.978936,,,
U002117,pagado,login,2024-01-16 02:34:33.411048,,,
U002118,organico,signup,2024-01-09 06:42:58.064671,,,
U002118,organico,login,2024-01-10 22:50:24.400284,,,
U002118,organico,view_service,2024-01-11 11:39:20.830079,,,
U002119,organico,signup,2024-02-05 20:17:32.921080,,,
U002119,organico,login,2024-02-06 02:12:48.120622,,,
U002120,pagado,signup,2024-02-08 04:07:41.949989,,,
U002120,pagado,login,2024-02-09 17:42:38.215222,,,
U002120,pagado,view_service,2024-02-10 05:46:05.529962,,,
U002121,organico,signup,2024-01-11 18:06:17.910880,,,
U002121,organico,login,2024-01-12 09:18:33.143292,,,
U002122,referido,signup,2024-03-03 00:45:43.022946,,,
U002122,referido,login,2024-03-04 03:41:43.722503,,,
U002122,referido,view_service,2024-03-04 08:48:32.215014,,,
U002122,referido,start_application,2024-03-04 12:09:48.990929,,,
U002122,referido,complete_kyc,2024-03-05 13:40:07.393297,,,kyc_approved
U002122,referido,first_transaction,2024-03-05 17:06:36.898673,34.41,False,
U002123,referido,signup,2024-02-21 17:11:22.701368,,,
U002124,referido,signup,2024-03-04 23:57:19.119283,,,
U002124,referido,login,2024-03-06 17:54:50.000342,,,
U002124,referido,view_service,2024-03-07 01:22:53.863196,,,
U002125,pagado,signup,2024-02-08 20:07:58.351508,,,
U002125,pagado,login,2024-02-10 20:06:01.761623,,,
U002125,pagado,view_service,2024-02-10 22:32:51.305516,,,
U002126,pagado,signup,2024-02-18 11:02:45.274177,,,
U002126,pagado,login,2024-02-20 01:48:45.757254,,,
U002127,organico,signup,2024-01-30 10:45:38.898847,,,
U002127,organico,login,2024-01-31 18:32:29.397535,,,
U002127,organico,view_service,2024-02-01 01:01:44.747358,,,
U002127,organico,start_application,2024-02-03 05:18:10.415731,,,
U002127,organico,complete_kyc,2024-02-03 08:24:43.507899,,,kyc_approved
U002128,organico,signup,2024-01-25 20:55:23.369980,,,
U002129,organico,signup,2024-03-06 02:45:26.394655,,,
U002129,organico,login,2024-03-06 07:07:06.929560,,,
U002130,organico,signup,2024-01-29 01:05:45.175113,,,
U002130,organico,login,2024-01-29 21:37:52.786533,,,
U002131,organico,signup,2024-03-27 07:55:21.361310,,,
U002131,organico,login,2024-03-29 04:21:07.623830,,,
U002131,organico,view_service,2024-03-29 06:29:59.557115,,,
U002132,organico,signup,2024-04-01 06:47:42.612966,,,
U002132,organico,login,2024-04-02 20:34:59.342474,,,
U002132,organico,view_service,2024-04-03 02:02:32.940508,,,
U002132,organico,start_application,2024-04-05 21:04:58.406406,,,
U002132,organico,complete_kyc,2024-04-05 23:37:07.643762,,,kyc_approved
U002132,organico,first_transaction,2024-04-07 00:40:38.135593,18.57,False,
U002132,organico,repeat_transaction,2024-04-11 10:26:54.964128,18.73,False,
U002132,organico,repeat_transaction,2024-04-17 16:33:58.648877,100.78,False,
U002132,organico,repeat_transaction,2024-04-21 03:14:13.374863,32.8,False,
U002132,organico,repeat_transaction,2024-04-22 18:12:49.344391,115.38,True,
U002132,organico,repeat_transaction,2024-04-29 14:32:02.730886,25.55,False,
U002132,organico,repeat_transaction,2024-05-01 13:32:35.542818,44.87,False,
U002132,organico,repeat_transaction,2024-05-10 20:33:19.772034,195.37,False,
U002132,organico,repeat_transaction,2024-05-16 01:45:32.830295,17.46,False,
U002132,organico,repeat_transaction,2024-05-21 01:46:28.303341,9.69,False,
U002133,pagado,signup,2024-01-22 10:53:10.145047,,,
U002133,pagado,login,2024-01-22 20:26:07.502826,,,
U002133,pagado,view_service,2024-01-23 20:12:05.169488,,,
U002133,pagado,start_application,2024-01-25 10:15:02.252670,,,
U002133,pagado,complete_kyc,2024-01-25 21:19:03.060080,,,kyc_rejected
U002134,organico,signup,2024-02-23 09:28:46.880023,,,
U002135,organico,signup,2024-01-05 01:09:29.527439,,,
U002135,organico,login,2024-01-06 22:30:53.111643,,,
U002136,organico,signup,2024-02-24 17:17:19.606622,,,
U002136,organico,login,2024-02-26 01:05:51.342668,,,
U002136,organico,view_service,2024-02-26 14:40:15.002901,,,
U002137,pagado,signup,2024-02-02 18:14:24.682704,,,
U002138,organico,signup,2024-02-23 21:21:45.079807,,,
U002139,organico,signup,2024-02-05 20:15:37.375967,,,
U002139,organico,login,2024-02-07 12:11:16.359751,,,
U002139,organico,view_service,2024-02-08 12:03:17.805247,,,
U002139,organico,start_application,2024-02-10 04:59:19.515515,,,
U002139,organico,complete_kyc,2024-02-11 10:28:01.699238,,,kyc_approved
U002140,organico,signup,2024-02-16 07:12:57.740240,,,
U002140,organico,login,2024-02-17 19:03:40.792546,,,
U002140,organico,view_service,2024-02-18 03:28:11.226153,,,
U002141,referido,signup,2024-03-29 12:30:14.634357,,,
U002141,referido,login,2024-03-30 20:09:47.258610,,,
U002141,referido,view_service,2024-03-31 07:04:05.182696,,,
U002141,referido,start_application,2024-04-02 09:35:28.477925,,,
U002141,referido,complete_kyc,2024-04-06 08:44:05.608705,,,kyc_rejected
U002142,organico,signup,2024-01-11 23:41:03.559555,,,
U002142,organico,login,2024-01-12 05:47:09.497305,,,
U002143,organico,signup,2024-02-04 15:39:33.611364,,,
U002143,organico,login,2024-02-05 20:08:29.419250,,,
U002143,organico,view_service,2024-02-06 06:55:03.944651,,,
U002143,organico,start_application,2024-02-07 04:17:52.984737,,,
U002143,organico,complete_kyc,2024-02-11 02:07:07.574223,,,kyc_approved
U002143,organico,first_transaction,2024-02-11 02:27:12.976015,90.07,False,
U002143,organico,repeat_transaction,2024-02-14 08:34:10.870157,20.52,False,
U002143,organico,repeat_transaction,2024-02-21 14:49:17.368758,36.07,False,
U002143,organico,repeat_transaction,2024-02-29 03:16:11.960439,24.28,False,
U002143,organico,repeat_transaction,2024-03-04 17:08:13.435200,44.16,False,
U002144,referido,signup,2024-02-29 16:32:52.894304,,,
U002144,referido,login,2024-03-02 15:49:31.127464,,,
U002144,referido,view_service,2024-03-03 07:50:43.414919,,,
U002145,pagado,signup,2024-01-12 18:26:34.252338,,,
U002145,pagado,login,2024-01-13 14:51:31.642077,,,
U002145,pagado,view_service,2024-01-14 11:10:21.347213,,,
U002146,pagado,signup,2024-03-13 20:50:17.652395,,,
U002146,pagado,login,2024-03-14 00:51:40.604303,,,
U002147,referido,signup,2024-01-02 18:44:59.563525,,,
U002147,referido,login,2024-01-04 07:26:06.047408,,,
U002147,referido,view_service,2024-01-04 14:44:26.854411,,,
U002148,pagado,signup,2024-02-27 23:14:44.900853,,,
U002148,pagado,login,2024-02-29 09:18:05.090261,,,
U002148,pagado,view_service,2024-02-29 19:02:53.758273,,,
U002148,pagado,start_application,2024-03-02 19:35:54.073728,,,
U002148,pagado,complete_kyc,2024-03-03 16:55:20.105545,,,kyc_approved
U002148,pagado,first_transaction,2024-03-04 18:22:19.717252,18.81,False,
U002149,referido,signup,2024-03-27 15:02:43.027984,,,
U002149,referido,login,2024-03-29 12:06:30.561051,,,
U002150,pagado,signup,2024-01-08 10:58:18.515291,,,
U002150,pagado,login,2024-01-09 12:28:24.532143,,,
U002150,pagado,view_service,2024-01-09 15:52:10.253339,,,
U002151,pagado,signup,2024-02-19 08:21:31.817854,,,
U002151,pagado,login,2024-02-20 02:52:18.872150,,,
U002151,pagado,view_service,2024-02-20 17:56:51.443278,,,
U002152,pagado,signup,2024-01-16 09:53:27.126969,,,
U002152,pagado,login,2024-01-17 06:53:33.381746,,,
U002152,pagado,view_service,2024-01-17 19:04:44.758099,,,
U002152,pagado,start_application,2024-01-19 16:09:54.696189,,,
U002152,pagado,complete_kyc,2024-01-22 01:06:39.379172,,,kyc_approved
U002152,pagado,first_transaction,2024-01-22 14:19:53.290829,32.27,False,
U002152,pagado,repeat_transaction,2024-01-28 19:03:03.554576,50.14,False,
U002152,pagado,repeat_transaction,2024-02-03 22:30:32.632001,18.07,False,
U002152,pagado,repeat_transaction,2024-02-06 13:19:15.586740,22.42,False,
U002152,pagado,repeat_transaction,2024-02-14 15:36:50.734784,28.7,False,
U002152,pagado,repeat_transaction,2024-02-23 14:53:04.235239,13.46,False,
U002152,pagado,repeat_transaction,2024-02-28 05:47:07.279297,27.23,False,
U002152,pagado,repeat_transaction,2024-03-01 03:45:08.383778,39.77,False,
U002152,pagado,repeat_transaction,2024-03-07 13:53:34.684523,27.67,False,
U002152,pagado,repeat_transaction,2024-03-10 22:03:39.242920,30.27,False,
U002152,pagado,repeat_transaction,2024-03-17 00:40:39.797986,36.09,False,
U002152,pagado,repeat_transaction,2024-03-19 12:24:27.153526,23.13,False,
U002152,pagado,repeat_transaction,2024-03-22 04:22:10.222998,59.37,False,
U002152,pagado,repeat_transaction,2024-03-30 00:52:38.410643,100.0,False,
U002153,pagado,signup,2024-02-20 07:10:22.130397,,,
U002153,pagado,login,2024-02-20 10:50:09.167948,,,
U002154,organico,signup,2024-01-09 23:59:17.188081,,,
U002154,organico,login,2024-01-11 07:41:54.839615,,,
U002154,organico,view_service,2024-01-12 02:12:43.857367,,,
U002155,pagado,signup,2024-01-17 12:03:30.190600,,,
U002155,pagado,login,2024-01-17 20:23:03.386950,,,
U002155,pagado,view_service,2024-01-17 22:46:50.269693,,,
U002155,pagado,start_application,2024-01-20 02:09:45.128877,,,
U002155,pagado,complete_kyc,2024-01-21 04:06:29.484479,,,kyc_approved
U002155,pagado,first_transaction,2024-01-21 12:16:10.937973,26.44,False,
U002156,referido,signup,2024-02-06 14:19:20.824948,,,
U002156,referido,login,2024-02-07 04:38:48.041487,,,
U002156,referido,view_service,2024-02-07 04:51:26.877824,,,
U002157,organico,signup,2024-02-27 07:09:36.377750,,,
U002157,organico,login,2024-02-28 17:49:09.066102,,,
U002158,pagado,signup,2024-03-19 01:26:40.433261,,,
U002158,pagado,login,2024-03-20 08:22:05.357223,,,
U002158,pagado,view_service,2024-03-21 01:39:27.518457,,,
U002158,pagado,start_application,2024-03-21 07:53:36.511676,,,
U002158,pagado,complete_kyc,2024-03-21 14:32:34.001091,,,kyc_approved
U002159,referido,signup,2024-02-12 06:18:33.053083,,,
U002159,referido,login,2024-02-12 23:25:14.491204,,,
U002160,organico,signup,2024-02-09 21:38:00.142789,,,
U002160,organico,login,2024-02-11 08:42:50.198289,,,
U002160,organico,view_service,2024-02-11 13:44:43.465324,,,
U002161,pagado,signup,2024-02-04 11:46:34.570653,,,
U002161,pagado,login,2024-02-05 21:22:43.476418,,,
U002161,pagado,view_service,2024-02-06 01:24:27.061428,,,
U002161,pagado,start_application,2024-02-07 23:20:35.962615,,,
U002161,pagado,complete_kyc,2024-02-08 13:08:52.592135,,,kyc_approved
U002162,pagado,signup,2024-01-17 12:37:39.417547,,,
U002162,pagado,login,2024-01-18 13:43:01.785447,,,
U002162,pagado,view_service,2024-01-18 17:52:51.349349,,,
U002163,pagado,signup,2024-03-31 02:32:02.553586,,,
U002163,pagado,login,2024-03-31 11:26:32.890792,,,
U002163,pagado,view_service,2024-03-31 11:39:00.519938,,,
U002164,pagado,signup,2024-02-20 16:11:52.525448,,,
U002164,pagado,login,2024-02-20 19:37:12.059137,,,
U002164,pagado,view_service,2024-02-20 23:30:21.551658,,,
U002165,organico,signup,2024-03-22 13:13:55.257205,,,
U002165,organico,login,2024-03-24 00:21:52.515001,,,
U002165,organico,view_service,2024-03-24 08:21:59.013478,,,
U002166,organico,signup,2024-03-29 00:20:57.728870,,,
U002166,organico,login,2024-03-29 14:59:26.129808,,,
U002166,organico,view_service,2024-03-29 21:10:12.658248,,,
U002166,organico,start_application,2024-03-31 04:08:06.050155,,,
U002166,organico,complete_kyc,2024-03-31 21:08:55.333140,,,kyc_approved
U002166,organico,first_transaction,2024-04-01 17:17:14.155986,51.4,False,
U002166,organico,repeat_transaction,2024-04-05 14:53:27.043557,30.95,False,
U002166,organico,repeat_transaction,2024-04-12 12:11:48.090418,47.27,False,
U002166,organico,repeat_transaction,2024-04-19 20:33:38.901074,109.51,False,
U002166,organico,repeat_transaction,2024-04-23 07:15:05.700098,52.25,False,
U002167,pagado,signup,2024-01-27 17:09:34.871355,,,
U002167,pagado,login,2024-01-27 22:45:18.572149,,,
U002167,pagado,view_service,2024-01-28 12:31:53.618285,,,
U002168,pagado,signup,2024-03-19 21:56:13.872458,,,
U002168,pagado,login,2024-03-20 03:58:30.892688,,,
U002169,pagado,signup,2024-02-26 22:27:17.256166,,,
U002169,pagado,login,2024-02-26 22:59:52.281539,,,
U002169,pagado,view_service,2024-02-26 23:04:56.005835,,,
U002169,pagado,start_application,2024-02-29 16:36:09.765257,,,
U002169,pagado,complete_kyc,2024-02-29 23:14:28.408004,,,kyc_approved
U002169,pagado,first_transaction,2024-03-01 18:04:06.190641,10.58,False,
U002169,pagado,repeat_transaction,2024-03-07 16:07:58.863853,50.29,False,
U002169,pagado,repeat_transaction,2024-03-15 06:45:33.367377,86.75,False,
U002169,pagado,repeat_transaction,2024-03-17 04:19:38.576618,31.34,False,
U002169,pagado,repeat_transaction,2024-03-19 00:50:37.896401,73.47,False,
U002169,pagado,repeat_transaction,2024-03-21 07:40:02.411705,22.58,False,
U002169,pagado,repeat_transaction,2024-03-29 18:58:35.810983,12.94,False,
U002169,pagado,repeat_transaction,2024-03-30 19:45:09.677319,40.4,False,
U002169,pagado,repeat_transaction,2024-04-01 16:27:55.793292,10.7,False,
U002169,pagado,repeat_transaction,2024-04-05 13:07:16.833760,30.94,False,
U002169,pagado,repeat_transaction,2024-04-12 00:50:48.033767,90.09,False,
U002169,pagado,repeat_transaction,2024-04-18 13:44:44.981429,9.61,False,
U002170,organico,signup,2024-03-08 13:05:35.218979,,,
U002170,organico,login,2024-03-09 23:07:22.797098,,,
U002170,organico,view_service,2024-03-10 15:53:35.642654,,,
U002171,organico,signup,2024-03-13 22:32:24.622415,,,
U002171,organico,login,2024-03-15 00:54:04.529701,,,
U002172,pagado,signup,2024-02-28 11:18:57.903823,,,
U002172,pagado,login,2024-03-01 09:08:37.230341,,,
U002173,organico,signup,2024-03-31 17:30:39.225066,,,
U002173,organico,login,2024-04-01 03:07:04.649818,,,
U002173,organico,view_service,2024-04-01 21:38:50.992742,,,
U002173,organico,start_application,2024-04-04 15:30:35.231236,,,
U002173,organico,complete_kyc,2024-04-07 18:08:44.934815,,,kyc_approved
U002173,organico,first_transaction,2024-04-09 03:05:48.280642,14.94,False,
U002173,organico,repeat_transaction,2024-04-15 00:26:56.703274,17.77,False,
U002173,organico,repeat_transaction,2024-04-19 15:15:07.661769,35.01,False,
U002173,organico,repeat_transaction,2024-04-29 11:37:03.833324,28.33,False,
U002173,organico,repeat_transaction,2024-05-05 18:31:51.316385,97.46,False,
U002173,organico,repeat_transaction,2024-05-06 22:49:23.821613,71.38,False,
U002173,organico,repeat_transaction,2024-05-11 04:18:43.458372,51.76,False,
U002173,organico,repeat_transaction,2024-05-20 04:44:42.663065,40.53,False,
U002173,organico,repeat_transaction,2024-05-27 13:23:31.542433,48.2,False,
U002173,organico,repeat_transaction,2024-05-29 14:49:20.648300,20.02,False,
U002173,organico,repeat_transaction,2024-05-31 05:22:56.304896,66.69,False,
U002173,organico,repeat_transaction,2024-06-08 19:33:19.988091,16.8,False,
U002173,organico,repeat_transaction,2024-06-10 23:54:17.122464,65.68,False,
U002174,referido,signup,2024-03-11 19:05:57.601729,,,
U002174,referido,login,2024-03-11 21:21:51.126597,,,
U002174,referido,view_service,2024-03-12 05:51:34.405422,,,
U002175,organico,signup,2024-02-16 05:46:23.663857,,,
U002175,organico,login,2024-02-16 14:53:45.653939,,,
U002175,organico,view_service,2024-02-17 05:08:03.608086,,,
U002176,organico,signup,2024-01-29 19:43:29.872246,,,
U002176,organico,login,2024-01-31 13:41:30.897621,,,
U002176,organico,view_service,2024-02-01 10:31:48.311891,,,
U002176,organico,start_application,2024-02-04 10:20:14.711138,,,
U002176,organico,complete_kyc,2024-02-04 10:53:28.045045,,,kyc_approved
U002177,organico,signup,2024-02-19 05:15:54.128212,,,
U002177,organico,login,2024-02-19 10:35:15.216438,,,
U002177,organico,view_service,2024-02-20 08:52:18.977085,,,
U002177,organico,start_application,2024-02-20 17:19:58.370226,,,
U002177,organico,complete_kyc,2024-02-21 13:25:13.820409,,,kyc_approved
U002177,organico,first_transaction,2024-02-23 02:43:54.220330,83.96,False,
U002178,organico,signup,2024-02-12 22:42:43.270652,,,
U002178,organico,login,2024-02-14 05:15:29.553011,,,
U002179,pagado,signup,2024-03-06 22:38:50.736299,,,
U002179,pagado,login,2024-03-07 17:26:54.051306,,,
U002179,pagado,view_service,2024-03-07 20:17:47.304515,,,
U002179,pagado,start_application,2024-03-10 08:35:02.666681,,,
U002179,pagado,complete_kyc,2024-03-12 18:47:40.301561,,,kyc_approved
U002179,pagado,first_transaction,2024-03-14 12:06:10.439275,42.42,False,
U002179,pagado,repeat_transaction,2024-03-23 15:52:38.309962,32.35,False,
U002179,pagado,repeat_transaction,2024-03-28 04:58:11.715247,48.43,False,
U002179,pagado,repeat_transaction,2024-04-05 06:07:45.859708,5.0,False,
U002179,pagado,repeat_transaction,2024-04-08 03:45:28.937958,45.22,False,
U002179,pagado,repeat_transaction,2024-04-15 21:21:44.591546,33.81,False,
U002179,pagado,repeat_transaction,2024-04-22 23:30:49.067214,35.32,False,
U002179,pagado,repeat_transaction,2024-04-25 06:56:56.153166,60.01,False,
U002179,pagado,repeat_transaction,2024-05-02 01:46:26.232518,34.73,False,
U002179,pagado,repeat_transaction,2024-05-10 19:42:08.978976,16.48,False,
U002179,pagado,repeat_transaction,2024-05-16 10:24:31.939201,33.15,False,
U002179,pagado,repeat_transaction,2024-05-24 09:22:11.937055,38.37,False,
U002180,organico,signup,2024-02-23 04:19:25.882507,,,
U002180,organico,login,2024-02-24 23:22:06.113380,,,
U002180,organico,view_service,2024-02-24 23:30:57.273092,,,
U002180,organico,start_application,2024-02-26 17:50:56.139797,,,
U002180,organico,complete_kyc,2024-02-29 05:07:36.971038,,,kyc_rejected
U002181,pagado,signup,2024-03-27 11:47:02.741110,,,
U002181,pagado,login,2024-03-28 10:02:25.691275,,,
U002182,pagado,signup,2024-03-20 13:39:26.287670,,,
U002183,organico,signup,2024-03-17 17:23:19.238161,,,
U002183,organico,login,2024-03-19 14:21:20.813162,,,
U002183,organico,view_service,2024-03-19 20:22:51.466052,,,
U002184,referido,signup,2024-01-21 10:45:10.754841,,,
U002184,referido,login,2024-01-22 20:53:33.248740,,,
U002184,referido,view_service,2024-01-22 22:14:25.525817,,,
U002185,pagado,signup,2024-02-22 22:28:20.149930,,,
U002185,pagado,login,2024-02-23 22:52:33.299208,,,
U002185,pagado,view_service,2024-02-24 15:01:07.197932,,,
U002185,pagado,start_application,2024-02-26 15:00:12.865899,,,
U002185,pagado,complete_kyc,2024-02-29 19:39:08.056565,,,kyc_approved
U002185,pagado,first_transaction,2024-03-01 10:34:26.171445,39.66,False,
U002186,pagado,signup,2024-02-15 22:44:46.380634,,,
U002187,pagado,signup,2024-01-11 11:51:44.047374,,,
U002188,organico,signup,2024-03-25 13:05:18.165097,,,
U002188,organico,login,2024-03-26 19:56:10.613072,,,
U002188,organico,view_service,2024-03-27 08:08:58.394257,,,
U002188,organico,start_application,2024-03-29 02:13:46.842812,,,
U002188,organico,complete_kyc,2024-03-29 16:55:19.725762,,,kyc_approved
U002188,organico,first_transaction,2024-03-30 08:25:27.262816,40.99,True,
U002189,organico,signup,2024-02-01 17:43:33.919609,,,
U002189,organico,login,2024-02-03 06:28:06.950598,,,
U002190,referido,signup,2024-03-03 21:30:56.746586,,,
U002190,referido,login,2024-03-04 12:38:07.373327,,,
U002190,referido,view_service,2024-03-04 20:36:47.448453,,,
U002190,referido,start_application,2024-03-06 17:30:42.612760,,,
U002190,referido,complete_kyc,2024-03-07 08:53:52.496445,,,kyc_approved
U002190,referido,first_transaction,2024-03-07 15:41:14.449399,75.76,False,
U002190,referido,repeat_transaction,2024-03-09 07:51:07.371418,17.11,False,
U002190,referido,repeat_transaction,2024-03-15 20:07:29.563937,41.39,False,
U002190,referido,repeat_transaction,2024-03-22 02:31:10.023543,90.28,False,
U002190,referido,repeat_transaction,2024-03-25 22:20:07.894700,10.87,False,
U002190,referido,repeat_transaction,2024-03-30 23:51:22.300818,41.5,False,
U002190,referido,repeat_transaction,2024-04-09 05:07:03.165348,24.29,False,
U002190,referido,repeat_transaction,2024-04-10 13:57:49.393063,28.23,False,
U002190,referido,repeat_transaction,2024-04-13 20:16:57.482374,19.43,False,
U002191,referido,signup,2024-01-26 19:48:47.826914,,,
U002191,referido,login,2024-01-27 18:25:53.123401,,,
U002191,referido,view_service,2024-01-28 12:49:35.171174,,,
U002191,referido,start_application,2024-01-30 05:27:28.056042,,,
U002191,referido,complete_kyc,2024-02-02 22:30:09.634306,,,kyc_approved
U002192,organico,signup,2024-03-03 16:27:41.512208,,,
U002192,organico,login,2024-03-03 17:58:56.724515,,,
U002192,organico,view_service,2024-03-03 20:30:29.110133,,,
U002192,organico,start_application,2024-03-06 11:06:39.648201,,,
U002192,organico,complete_kyc,2024-03-10 02:10:03.396052,,,kyc_approved
U002192,organico,first_transaction,2024-03-11 12:16:50.401091,32.5,False,
U002192,organico,repeat_transaction,2024-03-16 06:50:16.351195,132.8,False,
U002192,organico,repeat_transaction,2024-03-19 12:28:39.608949,15.1,True,
U002192,organico,repeat_transaction,2024-03-22 19:55:06.120564,16.14,False,
U002192,organico,repeat_transaction,2024-03-31 03:09:16.293139,14.71,False,
U002192,organico,repeat_transaction,2024-04-04 03:04:31.489186,122.63,False,
U002193,organico,signup,2024-03-05 22:35:07.175135,,,
U002193,organico,login,2024-03-07 00:30:00.880328,,,
U002194,organico,signup,2024-03-13 15:42:53.289520,,,
U002194,organico,login,2024-03-15 15:03:07.402840,,,
U002194,organico,view_service,2024-03-16 05:29:11.654292,,,
U002194,organico,start_application,2024-03-18 16:47:41.365520,,,
U002194,organico,complete_kyc,2024-03-18 20:40:20.075572,,,kyc_approved
U002194,organico,first_transaction,2024-03-20 12:16:50.282438,26.48,False,
U002194,organico,repeat_transaction,2024-03-30 08:37:10.636284,35.95,False,
U002194,organico,repeat_transaction,2024-04-08 21:23:46.668361,27.61,False,
U002194,organico,repeat_transaction,2024-04-18 06:05:18.915007,18.9,False,
U002194,organico,repeat_transaction,2024-04-27 18:37:44.118970,31.04,False,
U002194,organico,repeat_transaction,2024-04-29 08:02:08.871432,204.54,False,
U002194,organico,repeat_transaction,2024-05-08 20:59:51.612519,96.97,False,
U002194,organico,repeat_transaction,2024-05-13 11:29:11.260683,20.14,False,
U002194,organico,repeat_transaction,2024-05-19 22:16:21.970093,57.59,False,
U002194,organico,repeat_transaction,2024-05-29 08:59:59.268734,20.45,False,
U002194,organico,repeat_transaction,2024-06-07 15:13:12.625278,10.55,False,
U002194,organico,repeat_transaction,2024-06-11 16:49:27.848576,74.71,False,
U002195,organico,signup,2024-01-21 11:55:33.682890,,,
U002195,organico,login,2024-01-22 09:55:15.283518,,,
U002195,organico,view_service,2024-01-23 07:22:59.997292,,,
U002196,organico,signup,2024-03-08 01:57:35.322696,,,
U002196,organico,login,2024-03-09 10:55:53.599843,,,
U002196,organico,view_service,2024-03-10 04:34:38.721352,,,
U002197,organico,signup,2024-02-25 05:48:44.158709,,,
U002197,organico,login,2024-02-25 12:56:22.131210,,,
U002197,organico,view_service,2024-02-25 21:03:53.360857,,,
U002197,organico,start_application,2024-02-26 03:16:45.032631,,,
U002197,organico,complete_kyc,2024-02-26 20:19:58.061674,,,kyc_approved
U002198,referido,signup,2024-01-13 11:28:55.350681,,,
U002198,referido,login,2024-01-14 23:26:23.532673,,,
U002198,referido,view_service,2024-01-15 18:09:23.728838,,,
U002198,referido,start_application,2024-01-17 14:51:59.072972,,,
U002198,referido,complete_kyc,2024-01-18 22:19:22.006806,,,kyc_approved
U002198,referido,first_transaction,2024-01-19 19:44:01.333162,82.44,False,
U002198,referido,repeat_transaction,2024-01-21 09:09:21.013525,76.11,False,
U002198,referido,repeat_transaction,2024-01-23 19:27:07.894500,26.34,False,
U002198,referido,repeat_transaction,2024-02-01 06:51:38.403733,32.57,False,
U002199,organico,signup,2024-01-10 02:53:18.610711,,,
U002199,organico,login,2024-01-10 05:31:40.675405,,,
U002199,organico,view_service,2024-01-10 15:32:24.511211,,,
U002200,pagado,signup,2024-01-31 21:42:38.196057,,,
U002200,pagado,login,2024-02-02 14:16:08.350357,,,
U002200,pagado,view_service,2024-02-03 06:54:25.218753,,,
U002200,pagado,start_application,2024-02-04 13:40:42.986169,,,
U002200,pagado,complete_kyc,2024-02-07 21:28:25.245070,,,kyc_approved
U002200,pagado,first_transaction,2024-02-09 03:38:13.276152,61.86,False,
U002201,organico,signup,2024-02-12 22:42:07.744113,,,
U002201,organico,login,2024-02-13 22:30:14.167503,,,
U002202,organico,signup,2024-01-26 20:25:00.095539,,,
U002202,organico,login,2024-01-26 23:02:54.885797,,,
U002202,organico,view_service,2024-01-27 02:30:22.198382,,,
U002203,pagado,signup,2024-02-12 18:13:58.454011,,,
U002203,pagado,login,2024-02-13 19:21:30.193333,,,
U002204,organico,signup,2024-03-13 20:16:50.567025,,,
U002204,organico,login,2024-03-15 06:16:02.169628,,,
U002205,organico,signup,2024-02-10 09:07:57.410733,,,
U002205,organico,login,2024-02-11 16:09:02.908432,,,
U002206,organico,signup,2024-02-06 13:32:58.481253,,,
U002206,organico,login,2024-02-06 23:17:24.578087,,,
U002206,organico,view_service,2024-02-07 22:25:14.372072,,,
U002207,organico,signup,2024-02-14 08:17:26.822506,,,
U002207,organico,login,2024-02-14 15:18:17.714800,,,
U002207,organico,view_service,2024-02-14 19:55:37.816616,,,
U002207,organico,start_application,2024-02-15 08:33:07.791948,,,
U002207,organico,complete_kyc,2024-02-18 09:47:58.135330,,,kyc_approved
U002207,organico,first_transaction,2024-02-19 03:11:22.719013,48.14,False,
U002208,organico,signup,2024-03-18 06:03:57.201639,,,
U002208,organico,login,2024-03-20 04:58:09.035592,,,
U002208,organico,view_service,2024-03-20 11:17:12.054231,,,
U002208,organico,start_application,2024-03-21 19:01:19.603615,,,
U002208,organico,complete_kyc,2024-03-25 12:25:44.339748,,,kyc_approved
U002208,organico,first_transaction,2024-03-26 13:10:13.757666,27.78,False,
U002208,organico,repeat_transaction,2024-04-04 15:13:38.990596,11.78,False,
U002208,organico,repeat_transaction,2024-04-05 23:44:23.886901,39.64,False,
U002208,organico,repeat_transaction,2024-04-07 22:05:14.832399,77.89,False,
U002208,organico,repeat_transaction,2024-04-13 03:53:14.303581,15.83,False,
U002208,organico,repeat_transaction,2024-04-16 17:26:35.731278,57.23,False,
U002208,organico,repeat_transaction,2024-04-26 12:03:08.318657,46.16,False,
U002208,organico,repeat_transaction,2024-05-04 02:09:58.908628,61.87,False,
U002208,organico,repeat_transaction,2024-05-09 04:01:00.809839,67.38,False,
U002208,organico,repeat_transaction,2024-05-18 09:00:41.258451,22.51,False,
U002208,organico,repeat_transaction,2024-05-25 09:39:52.896459,11.8,False,
U002208,organico,repeat_transaction,2024-05-27 00:13:02.634310,25.19,False,
U002208,organico,repeat_transaction,2024-06-04 11:12:42.086101,68.2,False,
U002208,organico,repeat_transaction,2024-06-05 22:16:47.592181,25.04,False,
U002208,organico,repeat_transaction,2024-06-14 06:22:19.806698,22.51,False,
U002209,pagado,signup,2024-01-04 16:53:06.282176,,,
U002209,pagado,login,2024-01-06 00:50:40.225127,,,
U002209,pagado,view_service,2024-01-06 04:48:34.808111,,,
U002210,pagado,signup,2024-03-05 22:01:05.783612,,,
U002210,pagado,login,2024-03-07 06:25:50.576219,,,
U002210,pagado,view_service,2024-03-08 03:41:35.280619,,,
U002210,pagado,start_application,2024-03-10 00:41:07.288481,,,
U002210,pagado,complete_kyc,2024-03-12 10:46:34.532671,,,kyc_approved
U002210,pagado,first_transaction,2024-03-13 20:03:44.200636,10.23,False,
U002211,pagado,signup,2024-03-20 13:21:05.313377,,,
U002211,pagado,login,2024-03-21 11:04:08.346309,,,
U002211,pagado,view_service,2024-03-22 07:01:53.082148,,,
U002211,pagado,start_application,2024-03-22 18:00:47.978578,,,
U002211,pagado,complete_kyc,2024-03-25 09:50:24.031255,,,kyc_approved
U002211,pagado,first_transaction,2024-03-25 22:17:38.914863,124.82,False,
U002211,pagado,repeat_transaction,2024-03-30 13:39:29.762910,65.24,False,
U002211,pagado,repeat_transaction,2024-04-07 13:49:38.258805,62.74,False,
U002212,organico,signup,2024-03-27 11:47:11.393962,,,
U002212,organico,login,2024-03-29 06:54:14.812181,,,
U002212,organico,view_service,2024-03-29 17:56:14.093198,,,
U002213,pagado,signup,2024-01-23 02:57:40.891164,,,
U002213,pagado,login,2024-01-24 14:34:55.256280,,,
U002214,pagado,signup,2024-03-23 19:30:42.021947,,,
U002214,pagado,login,2024-03-24 12:03:56.031650,,,
U002215,pagado,signup,2024-02-12 19:13:41.025958,,,
U002215,pagado,login,2024-02-13 09:36:55.508881,,,
U002215,pagado,view_service,2024-02-13 22:01:43.234740,,,
U002215,pagado,start_application,2024-02-14 17:44:52.946326,,,
U002215,pagado,complete_kyc,2024-02-17 04:43:12.908495,,,kyc_approved
U002215,pagado,first_transaction,2024-02-18 20:04:25.302703,72.05,False,
U002215,pagado,repeat_transaction,2024-02-26 10:43:10.265986,54.8,False,
U002215,pagado,repeat_transaction,2024-03-02 10:40:06.967233,30.84,False,
U002215,pagado,repeat_transaction,2024-03-03 16:27:33.793340,32.63,False,
U002215,pagado,repeat_transaction,2024-03-09 16:57:11.017693,27.13,False,
U002215,pagado,repeat_transaction,2024-03-13 00:46:31.671781,231.44,False,
U002216,organico,signup,2024-03-30 09:33:00.506217,,,
U002216,organico,login,2024-03-30 13:59:11.356518,,,
U002217,referido,signup,2024-03-28 20:16:19.730803,,,
U002217,referido,login,2024-03-30 01:34:34.341606,,,
U002217,referido,view_service,2024-03-30 19:02:07.312612,,,
U002218,pagado,signup,2024-01-09 05:32:07.318459,,,
U002218,pagado,login,2024-01-10 13:32:13.814577,,,
U002218,pagado,view_service,2024-01-11 05:22:19.655101,,,
U002219,organico,signup,2024-03-21 00:32:22.287257,,,
U002219,organico,login,2024-03-21 20:41:24.136363,,,
U002219,organico,view_service,2024-03-22 11:29:52.869512,,,
U002220,pagado,signup,2024-01-14 10:01:51.697674,,,
U002220,pagado,login,2024-01-14 17:59:05.887863,,,
U002220,pagado,view_service,2024-01-15 14:51:54.796874,,,
U002221,referido,signup,2024-02-20 10:15:31.822062,,,
U002222,referido,signup,2024-03-14 20:43:14.959123,,,
U002222,referido,login,2024-03-15 22:40:43.655675,,,
U002222,referido,view_service,2024-03-16 07:59:16.001487,,,
U002222,referido,start_application,2024-03-18 02:04:06.104878,,,
U002222,referido,complete_kyc,2024-03-21 19:54:22.543985,,,kyc_rejected
U002223,organico,signup,2024-02-20 12:57:33.345423,,,
U002223,organico,login,2024-02-20 21:41:33.541460,,,
U002223,organico,view_service,2024-02-20 23:37:23.764201,,,
U002223,organico,start_application,2024-02-21 23:52:40.811136,,,
U002223,organico,complete_kyc,2024-02-22 04:54:23.564169,,,kyc_approved
U002223,organico,first_transaction,2024-02-23 10:46:34.120816,54.01,False,
U002223,organico,repeat_transaction,2024-03-03 22:24:28.402672,26.45,False,
U002223,organico,repeat_transaction,2024-03-13 05:00:58.292564,50.7,False,
U002223,organico,repeat_transaction,2024-03-19 18:38:47.792070,18.04,False,
U002223,organico,repeat_transaction,2024-03-25 15:39:58.949824,104.92,False,
U002223,organico,repeat_transaction,2024-03-30 21:19:26.382284,23.04,False,
U002223,organico,repeat_transaction,2024-04-03 20:28:19.594888,51.97,False,
U002223,organico,repeat_transaction,2024-04-08 22:05:11.874978,77.18,False,
U002223,organico,repeat_transaction,2024-04-10 13:02:57.166794,47.91,False,
U002223,organico,repeat_transaction,2024-04-12 14:00:26.259661,39.1,False,
U002223,organico,repeat_transaction,2024-04-22 12:57:07.977612,36.88,False,
U002223,organico,repeat_transaction,2024-04-28 18:30:03.815459,35.18,False,
U002223,organico,repeat_transaction,2024-05-01 16:30:54.998065,24.44,False,
U002223,organico,repeat_transaction,2024-05-10 22:34:26.936584,26.72,False,
U002224,organico,signup,2024-03-04 22:00:30.952581,,,
U002225,pagado,signup,2024-01-25 12:01:19.655922,,,
U002225,pagado,login,2024-01-25 19:27:35.947769,,,
U002225,pagado,view_service,2024-01-26 18:55:12.028709,,,
U002225,pagado,start_application,2024-01-27 16:12:07.837077,,,
U002225,pagado,complete_kyc,2024-01-30 02:23:17.759431,,,kyc_approved
U002225,pagado,first_transaction,2024-01-30 19:13:40.823616,103.1,False,
U002226,referido,signup,2024-02-08 15:59:34.662113,,,
U002226,referido,login,2024-02-10 12:14:14.646785,,,
U002227,organico,signup,2024-03-27 05:39:27.680989,,,
U002227,organico,login,2024-03-27 17:50:38.292174,,,
U002227,organico,view_service,2024-03-28 01:27:50.089548,,,
U002227,organico,start_application,2024-03-29 04:47:50.234043,,,
U002227,organico,complete_kyc,2024-03-29 17:50:17.936480,,,kyc_approved
U002227,organico,first_transaction,2024-03-30 08:17:05.279676,33.92,False,
U002227,organico,repeat_transaction,2024-04-08 23:41:33.868984,21.11,False,
U002227,organico,repeat_transaction,2024-04-17 22:50:32.504119,25.5,False,
U002227,organico,repeat_transaction,2024-04-25 16:56:26.948498,79.06,False,
U002227,organico,repeat_transaction,2024-05-01 12:54:37.052853,58.73,False,
U002227,organico,repeat_transaction,2024-05-03 23:53:30.202693,54.18,False,
U002227,organico,repeat_transaction,2024-05-12 20:17:16.708866,30.56,False,
U002227,organico,repeat_transaction,2024-05-15 12:54:26.735907,54.67,False,
U002227,organico,repeat_transaction,2024-05-23 19:06:28.670882,23.32,False,
U002228,organico,signup,2024-02-19 22:32:01.656220,,,
U002228,organico,login,2024-02-21 17:56:21.013510,,,
U002228,organico,view_service,2024-02-22 13:05:59.943236,,,
U002229,organico,signup,2024-01-31 14:06:00.001818,,,
U002229,organico,login,2024-02-01 06:04:14.402731,,,
U002229,organico,view_service,2024-02-01 11:40:06.989287,,,
U002230,pagado,signup,2024-01-29 04:53:06.375339,,,
U002230,pagado,login,2024-01-30 07:22:36.560864,,,
U002230,pagado,view_service,2024-01-30 15:32:09.664509,,,
U002230,pagado,start_application,2024-01-31 03:57:23.410888,,,
U002230,pagado,complete_kyc,2024-02-02 19:45:04.548725,,,kyc_approved
U002230,pagado,first_transaction,2024-02-03 23:49:29.454622,30.52,False,
U002230,pagado,repeat_transaction,2024-02-07 10:41:12.369308,72.16,False,
U002230,pagado,repeat_transaction,2024-02-14 21:04:22.963008,67.49,False,
U002230,pagado,repeat_transaction,2024-02-18 16:04:05.132485,18.41,False,
U002230,pagado,repeat_transaction,2024-02-27 16:25:45.609942,20.11,False,
U002230,pagado,repeat_transaction,2024-03-07 06:01:12.884799,39.49,False,
U002230,pagado,repeat_transaction,2024-03-12 07:00:21.136372,122.52,False,
U002230,pagado,repeat_transaction,2024-03-14 16:17:41.289990,9.57,False,
U002230,pagado,repeat_transaction,2024-03-21 16:58:55.746885,44.47,False,
U002230,pagado,repeat_transaction,2024-03-24 05:10:31.800936,13.97,False,
U002230,pagado,repeat_transaction,2024-03-30 05:09:39.128233,23.48,False,
U002231,organico,signup,2024-03-08 21:18:14.502265,,,
U002231,organico,login,2024-03-08 22:12:26.421161,,,
U002232,referido,signup,2024-02-19 01:06:18.608765,,,
U002232,referido,login,2024-02-20 19:00:26.835555,,,
U002232,referido,view_service,2024-02-21 04:22:43.569877,,,
U002233,pagado,signup,2024-02-19 08:46:07.680734,,,
U002233,pagado,login,2024-02-19 16:01:54.914593,,,
U002233,pagado,view_service,2024-02-20 13:56:33.809667,,,
U002234,organico,signup,2024-01-02 20:02:05.073296,,,
U002234,organico,login,2024-01-03 08:52:27.179335,,,
U002234,organico,view_service,2024-01-04 04:24:06.959138,,,
U002235,referido,signup,2024-02-28 15:54:48.742644,,,
U002235,referido,login,2024-02-29 00:19:24.368402,,,
U002236,organico,signup,2024-03-15 05:15:23.026921,,,
U002236,organico,login,2024-03-15 07:06:25.824676,,,
U002236,organico,view_service,2024-03-15 12:15:27.713161,,,
U002237,pagado,signup,2024-02-13 08:15:52.633046,,,
U002237,pagado,login,2024-02-14 20:04:20.455806,,,
U002237,pagado,view_service,2024-02-14 23:09:12.785670,,,
U002238,pagado,signup,2024-03-15 19:58:36.851679,,,
U002238,pagado,login,2024-03-17 09:51:13.268877,,,
U002238,pagado,view_service,2024-03-18 03:18:39.765661,,,
U002238,pagado,start_application,2024-03-19 04:00:50.402808,,,
U002238,pagado,complete_kyc,2024-03-20 08:14:34.027865,,,kyc_approved
U002238,pagado,first_transaction,2024-03-21 22:10:18.033520,28.36,False,
U002239,pagado,signup,2024-02-22 01:35:36.283558,,,
U002239,pagado,login,2024-02-22 21:52:29.701958,,,
U002240,organico,signup,2024-03-20 17:02:48.781291,,,
U002240,organico,login,2024-03-22 16:23:59.917795,,,
U002240,organico,view_service,2024-03-23 07:01:43.941603,,,
U002240,organico,start_application,2024-03-26 04:32:14.671900,,,
U002240,organico,complete_kyc,2024-03-28 06:12:37.039653,,,kyc_rejected
U002241,organico,signup,2024-03-02 21:37:33.051425,,,
U002241,organico,login,2024-03-03 06:16:01.829366,,,
U002242,referido,signup,2024-01-17 05:13:11.619086,,,
U002242,referido,login,2024-01-19 01:17:34.950667,,,
U002242,referido,view_service,2024-01-19 01:35:46.075904,,,
U002243,referido,signup,2024-01-24 03:19:37.904037,,,
U002243,referido,login,2024-01-25 07:49:24.584180,,,
U002244,referido,signup,2024-02-08 23:44:00.662585,,,
U002244,referido,login,2024-02-10 04:19:00.357905,,,
U002244,referido,view_service,2024-02-10 06:24:21.409279,,,
U002245,organico,signup,2024-03-19 14:18:01.948107,,,
U002245,organico,login,2024-03-20 01:57:35.837763,,,
U002246,organico,signup,2024-03-20 10:03:20.271624,,,
U002246,organico,login,2024-03-21 06:28:46.281691,,,
U002246,organico,view_service,2024-03-21 14:12:17.074428,,,
U002247,pagado,signup,2024-01-09 08:29:03.516397,,,
U002247,pagado,login,2024-01-10 23:47:44.536019,,,
U002247,pagado,view_service,2024-01-11 06:33:23.683517,,,
U002248,organico,signup,2024-02-12 09:12:47.103329,,,
U002248,organico,login,2024-02-13 09:48:49.089120,,,
U002248,organico,view_service,2024-02-14 09:45:55.310879,,,
U002249,organico,signup,2024-03-25 03:42:26.805882,,,
U002250,organico,signup,2024-02-02 11:07:19.120369,,,
U002250,organico,login,2024-02-03 03:37:57.634440,,,
U002251,organico,signup,2024-02-27 18:16:28.163374,,,
U002251,organico,login,2024-02-27 23:52:12.709963,,,
U002251,organico,view_service,2024-02-28 20:53:03.809696,,,
U002252,organico,signup,2024-01-08 21:53:04.405627,,,
U002252,organico,login,2024-01-09 12:58:28.231894,,,
U002252,organico,view_service,2024-01-10 04:53:55.206847,,,
U002252,organico,start_application,2024-01-12 15:09:58.089767,,,
U002252,organico,complete_kyc,2024-01-12 21:33:31.574691,,,kyc_approved
U002252,organico,first_transaction,2024-01-13 23:01:34.679516,27.27,False,
U002252,organico,repeat_transaction,2024-01-15 15:04:34.955000,25.19,False,
U002252,organico,repeat_transaction,2024-01-17 11:52:22.821929,36.78,False,
U002252,organico,repeat_transaction,2024-01-24 03:46:11.681913,25.16,False,
U002252,organico,repeat_transaction,2024-01-27 20:26:01.339702,13.15,False,
U002252,organico,repeat_transaction,2024-02-02 06:34:54.221028,63.18,False,
U002252,organico,repeat_transaction,2024-02-06 03:37:49.178737,61.99,False,
U002252,organico,repeat_transaction,2024-02-08 23:48:15.752009,66.04,False,
U002252,organico,repeat_transaction,2024-02-15 23:24:12.838713,12.45,False,
U002252,organico,repeat_transaction,2024-02-20 10:43:06.606029,45.12,False,
U002252,organico,repeat_transaction,2024-02-23 19:19:37.733152,58.74,False,
U002252,organico,repeat_transaction,2024-02-29 10:06:41.676256,17.78,False,
U002252,organico,repeat_transaction,2024-03-02 16:40:29.392605,36.83,False,
U002252,organico,repeat_transaction,2024-03-05 09:24:08.086955,33.74,False,
U002253,pagado,signup,2024-01-24 12:01:27.295890,,,
U002253,pagado,login,2024-01-26 11:38:30.610250,,,
U002254,organico,signup,2024-03-08 11:36:13.330954,,,
U002254,organico,login,2024-03-08 22:53:26.966503,,,
U002254,organico,view_service,2024-03-09 17:57:51.415140,,,
U002254,organico,start_application,2024-03-10 12:04:34.586525,,,
U002254,organico,complete_kyc,2024-03-11 05:23:12.819718,,,kyc_approved
U002254,organico,first_transaction,2024-03-13 00:39:11.994322,132.89,False,
U002255,organico,signup,2024-02-14 08:30:33.352111,,,
U002255,organico,login,2024-02-14 22:07:55.427004,,,
U002256,pagado,signup,2024-01-24 21:29:35.909108,,,
U002256,pagado,login,2024-01-25 04:57:48.092418,,,
U002256,pagado,view_service,2024-01-25 05:12:31.740396,,,
U002257,pagado,signup,2024-03-28 17:09:18.158749,,,
U002257,pagado,login,2024-03-30 15:23:37.994232,,,
U002258,organico,signup,2024-02-16 13:51:31.304927,,,
U002258,organico,login,2024-02-18 02:42:16.429096,,,
U002258,organico,view_service,2024-02-18 19:19:32.438422,,,
U002259,organico,signup,2024-02-08 15:02:18.751106,,,
U002259,organico,login,2024-02-08 20:41:37.400146,,,
U002259,organico,view_service,2024-02-08 21:21:52.215007,,,
U002259,organico,start_application,2024-02-09 03:40:13.315961,,,
U002259,organico,complete_kyc,2024-02-11 22:37:11.247803,,,kyc_approved
U002259,organico,first_transaction,2024-02-12 09:26:21.305930,140.77,False,
U002259,organico,repeat_transaction,2024-02-18 10:30:13.241249,11.42,False,
U002259,organico,repeat_transaction,2024-02-24 04:02:32.860028,209.71,False,
U002259,organico,repeat_transaction,2024-03-01 04:09:03.561690,19.29,False,
U002259,organico,repeat_transaction,2024-03-08 13:48:51.853790,72.71,False,
U002259,organico,repeat_transaction,2024-03-15 16:08:19.156116,72.19,False,
U002260,organico,signup,2024-01-19 18:25:14.870305,,,
U002260,organico,login,2024-01-20 22:47:09.852332,,,
U002260,organico,view_service,2024-01-21 00:30:54.187778,,,
U002260,organico,start_application,2024-01-21 23:41:24.599844,,,
U002260,organico,complete_kyc,2024-01-25 20:16:25.369449,,,kyc_approved
U002260,organico,first_transaction,2024-01-26 00:52:52.004589,18.23,False,
U002260,organico,repeat_transaction,2024-02-03 23:10:38.795137,51.69,False,
U002260,organico,repeat_transaction,2024-02-09 08:48:48.821088,33.94,False,
U002260,organico,repeat_transaction,2024-02-19 03:09:15.106664,53.95,False,
U002260,organico,repeat_transaction,2024-02-26 09:26:27.877028,43.01,False,
U002260,organico,repeat_transaction,2024-03-02 18:02:23.106279,84.56,True,
U002260,organico,repeat_transaction,2024-03-09 15:33:42.453935,38.58,False,
U002260,organico,repeat_transaction,2024-03-18 18:22:30.036625,32.54,False,
U002261,organico,signup,2024-02-17 07:38:57.140593,,,
U002261,organico,login,2024-02-19 01:16:09.473130,,,
U002261,organico,view_service,2024-02-19 18:36:55.570892,,,
U002262,organico,signup,2024-03-22 02:39:41.208315,,,
U002262,organico,login,2024-03-22 20:22:58.408089,,,
U002262,organico,view_service,2024-03-23 08:14:32.863374,,,
U002262,organico,start_application,2024-03-24 21:40:32.590877,,,
U002262,organico,complete_kyc,2024-03-27 23:42:20.280773,,,kyc_approved
U002262,organico,first_transaction,2024-03-28 23:33:38.706423,78.83,False,
U002263,organico,signup,2024-03-19 19:53:39.531177,,,
U002263,organico,login,2024-03-21 08:12:07.382183,,,
U002263,organico,view_service,2024-03-21 17:41:50.303172,,,
U002264,pagado,signup,2024-03-28 21:00:10.425565,,,
U002264,pagado,login,2024-03-30 13:57:03.192827,,,
U002264,pagado,view_service,2024-03-31 08:25:21.296310,,,
U002264,pagado,start_application,2024-04-03 00:25:41.609285,,,
U002264,pagado,complete_kyc,2024-04-06 01:02:05.437351,,,kyc_rejected
U002265,referido,signup,2024-03-28 15:06:08.415639,,,
U002265,referido,login,2024-03-30 04:09:23.484736,,,
U002265,referido,view_service,2024-03-30 13:45:39.865711,,,
U002266,organico,signup,2024-03-20 14:34:45.154709,,,
U002266,organico,login,2024-03-22 07:56:07.178866,,,
U002266,organico,view_service,2024-03-23 02:19:40.311620,,,
U002266,organico,start_application,2024-03-24 11:35:20.561260,,,
U002266,organico,complete_kyc,2024-03-24 14:53:06.398759,,,kyc_approved
U002266,organico,first_transaction,2024-03-25 16:01:57.853113,54.94,True,
U002266,organico,repeat_transaction,2024-04-03 11:13:43.183673,61.09,False,
U002266,organico,repeat_transaction,2024-04-10 08:55:01.070011,22.98,False,
U002266,organico,repeat_transaction,2024-04-13 03:39:48.677077,17.61,False,
U002266,organico,repeat_transaction,2024-04-16 20:05:03.594698,24.6,False,
U002266,organico,repeat_transaction,2024-04-25 00:41:09.318901,23.7,False,
U002266,organico,repeat_transaction,2024-05-04 00:49:45.233100,63.46,False,
U002266,organico,repeat_transaction,2024-05-07 16:09:00.685335,72.47,False,
U002266,organico,repeat_transaction,2024-05-13 13:09:35.431470,32.83,False,
U002267,organico,signup,2024-03-20 22:41:34.734734,,,
U002267,organico,login,2024-03-20 23:02:32.140482,,,
U002267,organico,view_service,2024-03-21 03:33:32.528209,,,
U002268,referido,signup,2024-03-25 00:55:30.390432,,,
U002268,referido,login,2024-03-26 22:19:01.129596,,,
U002268,referido,view_service,2024-03-27 06:53:41.547248,,,
U002269,organico,signup,2024-02-26 22:23:20.812710,,,
U002269,organico,login,2024-02-26 23:38:06.652754,,,
U002269,organico,view_service,2024-02-27 07:07:45.038152,,,
U002270,pagado,signup,2024-01-23 15:56:36.236720,,,
U002270,pagado,login,2024-01-25 02:04:23.592743,,,
U002270,pagado,view_service,2024-01-25 23:09:07.722108,,,
U002271,organico,signup,2024-03-28 06:54:57.356914,,,
U002271,organico,login,2024-03-29 02:42:43.742531,,,
U002271,organico,view_service,2024-03-29 15:11:21.733906,,,
U002272,referido,signup,2024-03-06 03:39:16.728515,,,
U002272,referido,login,2024-03-06 09:59:40.386604,,,
U002272,referido,view_service,2024-03-06 12:34:29.457331,,,
U002272,referido,start_application,2024-03-09 04:41:04.727238,,,
U002272,referido,complete_kyc,2024-03-11 12:06:19.778465,,,kyc_approved
U002272,referido,first_transaction,2024-03-12 00:39:59.717385,99.65,False,
U002272,referido,repeat_transaction,2024-03-14 00:37:21.888102,95.39,False,
U002272,referido,repeat_transaction,2024-03-17 07:17:02.361173,43.4,False,
U002273,organico,signup,2024-02-20 16:06:35.580634,,,
U002273,organico,login,2024-02-22 10:55:08.683419,,,
U002273,organico,view_service,2024-02-22 23:52:42.551402,,,
U002273,organico,start_application,2024-02-23 22:02:44.619763,,,
U002273,organico,complete_kyc,2024-02-27 14:09:38.057444,,,kyc_rejected
U002274,referido,signup,2024-01-09 08:49:48.082754,,,
U002274,referido,login,2024-01-09 09:59:25.090171,,,
U002274,referido,view_service,2024-01-09 18:10:41.368289,,,
U002275,organico,signup,2024-02-02 19:34:00.062463,,,
U002275,organico,login,2024-02-03 07:29:18.010496,,,
U002275,organico,view_service,2024-02-03 13:39:26.183308,,,
U002276,pagado,signup,2024-03-18 08:06:25.141879,,,
U002277,pagado,signup,2024-02-28 04:25:20.218146,,,
U002277,pagado,login,2024-02-28 21:29:13.692446,,,
U002277,pagado,view_service,2024-02-29 07:41:30.226861,,,
U002277,pagado,start_application,2024-03-03 07:09:02.772927,,,
U002277,pagado,complete_kyc,2024-03-06 16:56:34.554394,,,kyc_approved
U002278,pagado,signup,2024-01-14 21:16:38.472780,,,
U002278,pagado,login,2024-01-15 22:24:45.849683,,,
U002279,organico,signup,2024-01-26 03:51:25.997677,,,
U002279,organico,login,2024-01-28 02:13:26.712667,,,
U002279,organico,view_service,2024-01-28 23:09:55.286565,,,
U002279,organico,start_application,2024-01-31 08:37:48.844816,,,
U002279,organico,complete_kyc,2024-02-01 07:15:45.888459,,,kyc_approved
U002279,organico,first_transaction,2024-02-01 10:00:51.269467,20.59,False,
U002280,pagado,signup,2024-01-04 17:20:53.392907,,,
U002280,pagado,login,2024-01-06 03:45:03.879281,,,
U002280,pagado,view_service,2024-01-06 13:32:02.612579,,,
U002281,organico,signup,2024-02-19 23:50:17.183707,,,
U002281,organico,login,2024-02-20 12:22:26.344699,,,
U002282,pagado,signup,2024-01-04 00:12:17.971272,,,
U002282,pagado,login,2024-01-04 13:20:03.407786,,,
U002283,referido,signup,2024-03-15 04:47:26.031725,,,
U002283,referido,login,2024-03-16 04:13:06.757161,,,
U002283,referido,view_service,2024-03-16 21:20:00.937615,,,
U002284,referido,signup,2024-02-09 19:50:10.667272,,,
U002284,referido,login,2024-02-11 07:28:20.239532,,,
U002284,referido,view_service,2024-02-12 03:42:06.576505,,,
U002285,organico,signup,2024-02-10 15:15:28.042011,,,
U002285,organico,login,2024-02-10 15:55:54.016760,,,
U002285,organico,view_service,2024-02-11 14:15:37.448204,,,
U002286,referido,signup,2024-03-06 17:27:21.281315,,,
U002286,referido,login,2024-03-07 08:12:53.607348,,,
U002286,referido,view_service,2024-03-08 03:01:17.310791,,,
U002287,organico,signup,2024-01-18 21:13:19.804959,,,
U002287,organico,login,2024-01-19 07:31:05.139211,,,
U002287,organico,view_service,2024-01-19 11:27:19.179144,,,
U002287,organico,start_application,2024-01-21 16:12:23.287725,,,
U002287,organico,complete_kyc,2024-01-24 02:34:59.641488,,,kyc_approved
U002287,organico,first_transaction,2024-01-25 11:25:25.142173,110.25,False,
U002287,organico,repeat_transaction,2024-01-30 15:53:25.025991,35.07,False,
U002288,organico,signup,2024-03-04 02:25:16.903593,,,
U002288,organico,login,2024-03-04 21:55:21.260394,,,
U002288,organico,view_service,2024-03-05 15:39:29.208489,,,
U002288,organico,start_application,2024-03-06 11:12:47.182930,,,
U002288,organico,complete_kyc,2024-03-10 11:07:28.676572,,,kyc_rejected
U002289,pagado,signup,2024-02-21 10:32:28.069566,,,
U002289,pagado,login,2024-02-22 16:36:11.586546,,,
U002290,pagado,signup,2024-03-14 08:25:06.685285,,,
U002290,pagado,login,2024-03-16 08:14:55.557302,,,
U002291,pagado,signup,2024-02-29 01:47:59.954143,,,
U002291,pagado,login,2024-03-01 12:02:59.637836,,,
U002292,pagado,signup,2024-02-23 04:40:34.362309,,,
U002292,pagado,login,2024-02-23 11:24:40.942197,,,
U002293,organico,signup,2024-02-29 07:11:44.228857,,,
U002293,organico,login,2024-02-29 23:39:38.588361,,,
U002293,organico,view_service,2024-03-01 20:52:16.671196,,,
U002294,organico,signup,2024-02-19 05:01:52.540236,,,
U002294,organico,login,2024-02-20 23:46:02.463230,,,
U002295,organico,signup,2024-03-26 20:21:42.270803,,,
U002295,organico,login,2024-03-27 02:01:04.197595,,,
U002295,organico,view_service,2024-03-27 03:53:22.658608,,,
U002296,organico,signup,2024-02-06 00:19:57.286743,,,
U002297,referido,signup,2024-01-24 11:00:41.889673,,,
U002297,referido,login,2024-01-24 19:22:21.217585,,,
U002298,referido,signup,2024-02-16 00:17:31.085760,,,
U002298,referido,login,2024-02-17 20:19:41.026354,,,
U002299,pagado,signup,2024-03-29 11:46:50.470865,,,
U002299,pagado,login,2024-03-30 11:00:33.591247,,,
U002299,pagado,view_service,2024-03-31 03:13:05.413111,,,
U002300,organico,signup,2024-01-02 21:28:15.510350,,,
U002300,organico,login,2024-01-03 04:36:49.639511,,,
U002300,organico,view_service,2024-01-03 12:40:15.944009,,,
U002300,organico,start_application,2024-01-03 18:59:37.555513,,,
U002300,organico,complete_kyc,2024-01-06 09:32:59.279824,,,kyc_approved
U002300,organico,first_transaction,2024-01-07 12:01:24.983990,39.98,False,
U002300,organico,repeat_transaction,2024-01-13 15:31:18.757238,28.85,False,
U002300,organico,repeat_transaction,2024-01-20 04:15:17.627773,19.63,False,
U002300,organico,repeat_transaction,2024-01-24 21:13:58.080675,13.09,False,
U002300,organico,repeat_transaction,2024-01-30 18:07:10.573007,57.0,False,
U002300,organico,repeat_transaction,2024-02-07 05:24:26.234370,21.15,False,
U002300,organico,repeat_transaction,2024-02-17 03:50:29.270174,311.58,False,
U002300,organico,repeat_transaction,2024-02-23 23:30:15.494620,17.11,False,
U002300,organico,repeat_transaction,2024-02-25 13:09:02.173196,15.18,False,
U002301,pagado,signup,2024-03-02 07:27:40.027725,,,
U002301,pagado,login,2024-03-03 23:16:31.508872,,,
U002301,pagado,view_service,2024-03-04 23:06:30.052680,,,
U002302,pagado,signup,2024-03-10 06:38:07.144573,,,
U002302,pagado,login,2024-03-10 18:31:01.752619,,,
U002302,pagado,view_service,2024-03-10 20:01:21.405742,,,
U002303,pagado,signup,2024-02-09 05:39:44.998210,,,
U002303,pagado,login,2024-02-11 02:45:04.174779,,,
U002303,pagado,view_service,2024-02-11 03:40:38.486533,,,
U002304,pagado,signup,2024-03-06 03:18:20.802478,,,
U002304,pagado,login,2024-03-06 16:28:50.443034,,,
U002304,pagado,view_service,2024-03-06 20:13:55.792091,,,
U002305,organico,signup,2024-03-07 13:39:29.933480,,,
U002305,organico,login,2024-03-07 22:11:19.789090,,,
U002305,organico,view_service,2024-03-07 23:39:29.632937,,,
U002306,organico,signup,2024-03-20 12:36:39.121640,,,
U002306,organico,login,2024-03-21 09:10:03.159001,,,
U002306,organico,view_service,2024-03-22 01:25:52.524133,,,
U002306,organico,start_application,2024-03-23 20:32:00.262466,,,
U002306,organico,complete_kyc,2024-03-24 12:19:43.163358,,,kyc_approved
U002307,organico,signup,2024-02-14 05:55:09.557299,,,
U002307,organico,login,2024-02-14 15:18:13.772204,,,
U002307,organico,view_service,2024-02-14 18:31:27.307878,,,
U002307,organico,start_application,2024-02-15 07:59:26.340403,,,
U002307,organico,complete_kyc,2024-02-19 05:36:00.539489,,,kyc_approved
U002308,organico,signup,2024-01-22 08:22:12.383891,,,
U002309,organico,signup,2024-01-18 09:23:15.350883,,,
U002309,organico,login,2024-01-18 09:58:18.564315,,,
U002310,pagado,signup,2024-04-01 09:07:09.380974,,,
U002310,pagado,login,2024-04-02 21:39:06.875115,,,
U002310,pagado,view_service,2024-04-03 03:08:27.462365,,,
U002310,pagado,start_application,2024-04-04 16:15:54.648614,,,
U002310,pagado,complete_kyc,2024-04-05 06:46:08.732687,,,kyc_approved
U002310,pagado,first_transaction,2024-04-06 18:32:13.013409,52.31,False,
U002310,pagado,repeat_transaction,2024-04-12 19:03:38.257531,106.75,False,
U002310,pagado,repeat_transaction,2024-04-19 11:45:43.357873,38.29,False,
U002310,pagado,repeat_transaction,2024-04-20 17:06:08.102718,54.63,False,
U002310,pagado,repeat_transaction,2024-04-24 22:27:54.033529,10.07,False,
U002310,pagado,repeat_transaction,2024-04-27 19:48:44.516447,22.78,False,
U002310,pagado,repeat_transaction,2024-05-05 17:29:57.515738,17.26,False,
U002310,pagado,repeat_transaction,2024-05-08 14:36:51.735980,9.71,False,
U002310,pagado,repeat_transaction,2024-05-13 12:27:39.894912,39.72,False,
U002310,pagado,repeat_transaction,2024-05-16 20:09:41.139950,7.61,False,
U002310,pagado,repeat_transaction,2024-05-26 07:59:44.018550,14.5,False,
U002310,pagado,repeat_transaction,2024-05-28 18:24:47.480362,25.13,False,
U002310,pagado,repeat_transaction,2024-06-03 10:39:16.027971,20.45,False,
U002311,referido,signup,2024-01-18 05:47:25.520254,,,
U002311,referido,login,2024-01-18 17:03:17.425311,,,
U002311,referido,view_service,2024-01-19 04:23:53.181010,,,
U002312,pagado,signup,2024-03-21 16:30:50.295495,,,
U002312,pagado,login,2024-03-22 23:59:15.050192,,,
U002312,pagado,view_service,2024-03-23 21:29:58.095582,,,
U002312,pagado,start_application,2024-03-25 05:39:01.428790,,,
U002312,pagado,complete_kyc,2024-03-26 07:39:29.658392,,,kyc_approved
U002313,organico,signup,2024-02-17 20:25:12.126379,,,
U002313,organico,login,2024-02-19 18:53:59.948133,,,
U002313,organico,view_service,2024-02-20 10:24:49.589869,,,
U002314,pagado,signup,2024-01-03 14:27:32.384389,,,
U002314,pagado,login,2024-01-05 04:55:27.649253,,,
U002314,pagado,view_service,2024-01-05 13:52:34.288532,,,
U002315,pagado,signup,2024-02-14 09:32:35.406991,,,
U002315,pagado,login,2024-02-16 04:26:55.624587,,,
U002315,pagado,view_service,2024-02-16 13:44:50.562986,,,
U002315,pagado,start_application,2024-02-18 16:36:36.914847,,,
U002315,pagado,complete_kyc,2024-02-19 22:26:39.619096,,,kyc_approved
U002315,pagado,first_transaction,2024-02-20 03:08:09.559419,48.3,False,
U002316,pagado,signup,2024-02-13 09:21:17.526298,,,
U002316,pagado,login,2024-02-13 19:20:04.763189,,,
U002316,pagado,view_service,2024-02-14 15:07:02.086930,,,
U002316,pagado,start_application,2024-02-17 12:56:24.933960,,,
U002316,pagado,complete_kyc,2024-02-21 09:54:43.545079,,,kyc_approved
U002316,pagado,first_transaction,2024-02-22 15:33:14.249313,45.33,False,
U002317,pagado,signup,2024-02-21 16:24:57.587805,,,
U002317,pagado,login,2024-02-22 14:23:50.629187,,,
U002318,organico,signup,2024-03-25 03:19:02.726897,,,
U002318,organico,login,2024-03-25 07:15:50.117736,,,
U002318,organico,view_service,2024-03-25 13:00:52.418330,,,
U002318,organico,start_application,2024-03-27 01:46:11.435200,,,
U002318,organico,complete_kyc,2024-03-30 02:37:00.879695,,,kyc_approved
U002318,organico,first_transaction,2024-03-30 19:15:49.475557,68.42,False,
U002318,organico,repeat_transaction,2024-04-07 08:24:01.210044,61.97,False,
U002318,organico,repeat_transaction,2024-04-08 10:55:26.169700,81.33,False,
U002318,organico,repeat_transaction,2024-04-17 08:20:43.221671,36.55,False,
U002318,organico,repeat_transaction,2024-04-23 01:31:51.924687,45.26,False,
U002318,organico,repeat_transaction,2024-04-30 23:17:32.382054,52.36,False,
U002318,organico,repeat_transaction,2024-05-06 02:09:53.065138,40.41,False,
U002318,organico,repeat_transaction,2024-05-11 12:54:52.545921,27.71,False,
U002318,organico,repeat_transaction,2024-05-20 09:00:51.907650,29.0,False,
U002318,organico,repeat_transaction,2024-05-26 13:38:51.815637,20.65,False,
U002318,organico,repeat_transaction,2024-05-29 18:54:58.180535,49.16,False,
U002318,organico,repeat_transaction,2024-06-03 00:19:30.490457,34.27,False,
U002319,referido,signup,2024-01-02 14:45:36.662665,,,
U002319,referido,login,2024-01-03 13:21:32.206726,,,
U002319,referido,view_service,2024-01-03 15:52:46.952610,,,
U002319,referido,start_application,2024-01-05 22:34:42.926161,,,
U002319,referido,complete_kyc,2024-01-06 22:11:27.148998,,,kyc_approved
U002319,referido,first_transaction,2024-01-08 01:43:34.051431,23.01,False,
U002319,referido,repeat_transaction,2024-01-11 09:16:30.257459,23.02,False,
U002319,referido,repeat_transaction,2024-01-17 18:06:48.788620,15.69,True,
U002319,referido,repeat_transaction,2024-01-23 18:16:52.126046,72.62,False,
U002319,referido,repeat_transaction,2024-01-31 20:27:43.907362,38.67,False,
U002319,referido,repeat_transaction,2024-02-05 02:43:03.611032,20.01,False,
U002319,referido,repeat_transaction,2024-02-11 23:44:52.814905,64.46,False,
U002319,referido,repeat_transaction,2024-02-17 05:15:10.499583,24.72,False,
U002319,referido,repeat_transaction,2024-02-20 04:10:05.552770,13.67,False,
U002319,referido,repeat_transaction,2024-02-27 19:38:51.608132,74.8,False,
U002319,referido,repeat_transaction,2024-03-05 18:40:47.897762,25.13,False,
U002320,referido,signup,2024-03-26 23:33:20.416825,,,
U002320,referido,login,2024-03-28 22:15:39.982060,,,
U002320,referido,view_service,2024-03-29 07:39:50.750410,,,
U002321,organico,signup,2024-03-05 14:07:52.875113,,,
U002321,organico,login,2024-03-07 10:12:34.208768,,,
U002321,organico,view_service,2024-03-07 23:46:26.453274,,,
U002322,organico,signup,2024-03-02 01:59:26.673033,,,
U002322,organico,login,2024-03-03 06:59:03.885913,,,
U002322,organico,view_service,2024-03-03 19:28:26.320409,,,
U002322,organico,start_application,2024-03-06 17:19:49.365066,,,
U002322,organico,complete_kyc,2024-03-06 20:01:04.226219,,,kyc_approved
U002323,pagado,signup,2024-02-08 12:08:15.699766,,,
U002323,pagado,login,2024-02-09 14:56:51.776589,,,
U002323,pagado,view_service,2024-02-10 07:32:36.905864,,,
U002324,pagado,signup,2024-02-26 21:26:37.954312,,,
U002324,pagado,login,2024-02-27 18:10:35.706326,,,
U002324,pagado,view_service,2024-02-28 13:46:19.034288,,,
U002325,pagado,signup,2024-02-16 12:38:40.073110,,,
U002325,pagado,login,2024-02-17 22:37:19.623085,,,
U002325,pagado,view_service,2024-02-18 13:57:51.146160,,,
U002326,organico,signup,2024-02-02 23:55:49.205577,,,
U002326,organico,login,2024-02-03 20:52:57.349449,,,
U002326,organico,view_service,2024-02-04 04:07:16.028831,,,
U002327,pagado,signup,2024-03-04 22:45:49.055030,,,
U002327,pagado,login,2024-03-06 17:07:12.708402,,,
U002327,pagado,view_service,2024-03-07 12:00:14.316809,,,
U002328,organico,signup,2024-02-16 16:16:37.397190,,,
U002328,organico,login,2024-02-17 08:53:29.625714,,,
U002329,pagado,signup,2024-02-11 14:58:36.417240,,,
U002329,pagado,login,2024-02-11 19:24:54.462173,,,
U002329,pagado,view_service,2024-02-12 13:30:54.301894,,,
U002330,referido,signup,2024-01-27 10:11:41.923388,,,
U002330,referido,login,2024-01-28 05:36:42.955068,,,
U002330,referido,view_service,2024-01-28 10:47:41.784163,,,
U002330,referido,start_application,2024-01-28 22:14:11.889096,,,
U002330,referido,complete_kyc,2024-01-30 05:37:06.536988,,,kyc_approved
U002330,referido,first_transaction,2024-01-31 22:56:23.877096,27.49,False,
U002331,organico,signup,2024-02-07 00:05:08.767846,,,
U002331,organico,login,2024-02-07 10:50:00.687401,,,
U002332,organico,signup,2024-01-25 00:11:20.729295,,,
U002333,organico,signup,2024-01-11 13:07:17.905039,,,
U002333,organico,login,2024-01-12 10:51:58.956668,,,
U002333,organico,view_service,2024-01-12 23:59:26.595563,,,
U002333,organico,start_application,2024-01-15 14:29:03.133914,,,
U002333,organico,complete_kyc,2024-01-17 07:03:24.206042,,,kyc_approved
U002333,organico,first_transaction,2024-01-19 02:29:32.453175,37.67,False,
U002333,organico,repeat_transaction,2024-01-23 17:24:08.523223,81.44,False,
U002333,organico,repeat_transaction,2024-01-28 20:39:59.160029,37.12,False,
U002333,organico,repeat_transaction,2024-02-04 02:33:34.701267,15.81,False,
U002333,organico,repeat_transaction,2024-02-13 00:55:45.297569,53.56,False,
U002333,organico,repeat_transaction,2024-02-15 17:09:43.165976,26.06,False,
U002333,organico,repeat_transaction,2024-02-19 18:10:34.682455,137.21,False,
U002333,organico,repeat_transaction,2024-02-22 21:31:41.109892,36.57,False,
U002333,organico,repeat_transaction,2024-03-01 00:31:59.707028,7.66,False,
U002334,referido,signup,2024-02-21 00:30:31.480994,,,
U002334,referido,login,2024-02-21 03:58:04.676833,,,
U002334,referido,view_service,2024-02-21 19:19:04.643029,,,
U002334,referido,start_application,2024-02-24 06:59:25.953744,,,
U002334,referido,complete_kyc,2024-02-24 19:12:03.812491,,,kyc_approved
U002334,referido,first_transaction,2024-02-25 05:40:47.252264,47.0,False,
U002334,referido,repeat_transaction,2024-03-03 16:08:46.655825,142.77,False,
U002334,referido,repeat_transaction,2024-03-05 13:50:11.055359,110.29,False,
U002334,referido,repeat_transaction,2024-03-09 09:36:58.310143,131.85,False,
U002334,referido,repeat_transaction,2024-03-17 07:09:46.593501,17.92,False,
U002334,referido,repeat_transaction,2024-03-23 13:45:54.244780,69.3,False,
U002334,referido,repeat_transaction,2024-03-28 21:51:35.495841,22.08,False,
U002334,referido,repeat_transaction,2024-03-30 00:21:25.885349,42.82,False,
U002334,referido,repeat_transaction,2024-04-07 23:21:40.110250,15.01,False,
U002334,referido,repeat_transaction,2024-04-16 16:09:49.139241,23.31,False,
U002334,referido,repeat_transaction,2024-04-25 09:05:31.863807,22.8,False,
U002334,referido,repeat_transaction,2024-05-01 06:09:33.350059,68.65,False,
U002334,referido,repeat_transaction,2024-05-07 06:53:22.429981,64.1,False,
U002335,referido,signup,2024-03-15 08:31:54.749483,,,
U002335,referido,login,2024-03-15 14:11:06.714364,,,
U002336,pagado,signup,2024-03-07 04:45:31.832569,,,
U002336,pagado,login,2024-03-07 09:24:14.472046,,,
U002337,pagado,signup,2024-01-22 23:07:44.672053,,,
U002337,pagado,login,2024-01-23 23:15:32.013236,,,
U002338,organico,signup,2024-02-15 00:12:32.806192,,,
U002338,organico,login,2024-02-15 07:22:45.492297,,,
U002339,pagado,signup,2024-03-05 18:42:44.856287,,,
U002340,organico,signup,2024-03-15 05:23:13.641519,,,
U002340,organico,login,2024-03-15 13:18:14.708318,,,
U002340,organico,view_service,2024-03-16 02:49:36.699731,,,
U002341,pagado,signup,2024-01-26 12:46:48.573315,,,
U002341,pagado,login,2024-01-27 11:46:34.976683,,,
U002341,pagado,view_service,2024-01-28 10:14:05.321026,,,
U002342,organico,signup,2024-02-21 09:29:55.032254,,,
U002342,organico,login,2024-02-21 09:55:45.739418,,,
U002342,organico,view_service,2024-02-21 11:36:53.985898,,,
U002343,referido,signup,2024-01-18 17:35:04.587310,,,
U002343,referido,login,2024-01-18 19:15:24.927391,,,
U002343,referido,view_service,2024-01-18 20:43:58.945715,,,
U002343,referido,start_application,2024-01-21 20:29:29.483214,,,
U002343,referido,complete_kyc,2024-01-23 08:23:01.181614,,,kyc_approved
U002343,referido,first_transaction,2024-01-24 16:45:26.809524,44.42,False,
U002343,referido,repeat_transaction,2024-01-26 03:08:23.154277,14.22,False,
U002343,referido,repeat_transaction,2024-02-01 00:13:15.334217,29.43,False,
U002343,referido,repeat_transaction,2024-02-08 00:20:29.825407,21.71,False,
U002343,referido,repeat_transaction,2024-02-15 00:40:02.440664,67.27,False,
U002343,referido,repeat_transaction,2024-02-18 02:21:07.812310,83.49,False,
U002343,referido,repeat_transaction,2024-02-26 16:36:12.682437,76.67,False,
U002343,referido,repeat_transaction,2024-02-29 10:52:03.387260,21.57,False,
U002344,organico,signup,2024-03-21 05:47:42.661086,,,
U002344,organico,login,2024-03-21 12:23:35.533691,,,
U002344,organico,view_service,2024-03-21 16:03:04.009139,,,
U002344,organico,start_application,2024-03-22 12:36:21.125690,,,
U002344,organico,complete_kyc,2024-03-25 04:23:54.560600,,,kyc_approved
U002344,organico,first_transaction,2024-03-26 13:25:51.195665,5.38,False,
U002345,pagado,signup,2024-03-19 00:07:23.626254,,,
U002345,pagado,login,2024-03-20 03:33:38.676892,,,
U002345,pagado,view_service,2024-03-20 16:43:30.415218,,,
U002346,organico,signup,2024-02-02 00:42:06.922048,,,
U002346,organico,login,2024-02-02 11:12:12.674240,,,
U002346,organico,view_service,2024-02-02 23:40:49.366583,,,
U002347,organico,signup,2024-01-11 23:29:20.769336,,,
U002347,organico,login,2024-01-12 11:48:31.727234,,,
U002348,organico,signup,2024-01-06 08:47:21.255586,,,
U002348,organico,login,2024-01-08 04:20:10.666724,,,
U002348,organico,view_service,2024-01-08 23:39:09.685659,,,
U002349,organico,signup,2024-02-09 13:29:48.905321,,,
U002349,organico,login,2024-02-09 15:01:34.017476,,,
U002349,organico,view_service,2024-02-10 05:13:17.494966,,,
U002350,pagado,signup,2024-03-17 11:43:53.679453,,,
U002350,pagado,login,2024-03-18 20:59:35.758043,,,
U002350,pagado,view_service,2024-03-19 05:11:51.967648,,,
U002351,pagado,signup,2024-03-04 05:17:57.864696,,,
U002351,pagado,login,2024-03-05 12:43:09.696897,,,
U002351,pagado,view_service,2024-03-05 16:09:43.586290,,,
U002352,organico,signup,2024-01-15 11:53:25.008795,,,
U002352,organico,login,2024-01-16 09:45:04.653811,,,
U002353,pagado,signup,2024-03-03 07:56:00.729596,,,
U002353,pagado,login,2024-03-04 02:44:24.483756,,,
U002353,pagado,view_service,2024-03-04 17:10:25.648364,,,
U002353,pagado,start_application,2024-03-04 20:30:06.588748,,,
U002353,pagado,complete_kyc,2024-03-06 10:19:05.103490,,,kyc_rejected
U002354,organico,signup,2024-01-15 11:44:06.594319,,,
U002354,organico,login,2024-01-16 01:53:36.547832,,,
U002354,organico,view_service,2024-01-16 23:15:44.160467,,,
U002354,organico,start_application,2024-01-19 16:32:57.978861,,,
U002354,organico,complete_kyc,2024-01-20 05:55:05.264822,,,kyc_approved
U002354,organico,first_transaction,2024-01-20 12:13:12.314471,10.62,False,
U002355,organico,signup,2024-02-20 01:09:31.549721,,,
U002355,organico,login,2024-02-21 02:16:01.333273,,,
U002355,organico,view_service,2024-02-22 00:51:34.105036,,,
U002356,pagado,signup,2024-02-28 14:31:54.673547,,,
U002356,pagado,login,2024-02-28 20:36:58.633957,,,
U002356,pagado,view_service,2024-02-29 00:26:09.775308,,,
U002357,organico,signup,2024-03-03 14:07:02.671985,,,
U002357,organico,login,2024-03-05 10:59:32.125029,,,
U002358,organico,signup,2024-03-06 15:49:30.593729,,,
U002358,organico,login,2024-03-07 01:39:09.548509,,,
U002358,organico,view_service,2024-03-07 21:31:42.787312,,,
U002358,organico,start_application,2024-03-08 00:03:43.610878,,,
U002358,organico,complete_kyc,2024-03-10 02:19:03.029298,,,kyc_approved
U002358,organico,first_transaction,2024-03-11 08:04:55.323469,99.0,False,
U002359,organico,signup,2024-01-12 16:13:12.059815,,,
U002359,organico,login,2024-01-12 16:42:55.499701,,,
U002359,organico,view_service,2024-01-13 10:18:01.555789,,,
U002359,organico,start_application,2024-01-14 00:43:27.168810,,,
U002359,organico,complete_kyc,2024-01-14 09:35:43.514274,,,kyc_approved
U002359,organico,first_transaction,2024-01-15 03:29:19.259538,27.64,False,
U002359,organico,repeat_transaction,2024-01-21 18:12:09.934407,21.64,False,
U002359,organico,repeat_transaction,2024-01-24 02:28:33.992164,115.57,False,
U002359,organico,repeat_transaction,2024-01-31 15:12:21.637190,88.73,False,
U002359,organico,repeat_transaction,2024-02-01 16:38:16.152263,37.23,False,
U002359,organico,repeat_transaction,2024-02-04 00:21:53.134220,29.8,False,
U002359,organico,repeat_transaction,2024-02-07 10:52:19.664431,33.37,False,
U002359,organico,repeat_transaction,2024-02-15 03:36:46.479950,42.91,False,
U002359,organico,repeat_transaction,2024-02-23 06:51:51.386459,112.17,False,
U002359,organico,repeat_transaction,2024-03-01 13:42:27.780380,49.19,False,
U002359,organico,repeat_transaction,2024-03-05 02:24:42.471606,60.84,False,
U002359,organico,repeat_transaction,2024-03-14 05:32:05.183407,82.97,False,
U002359,organico,repeat_transaction,2024-03-19 14:23:52.501699,16.14,False,
U002359,organico,repeat_transaction,2024-03-26 20:26:45.395495,62.08,False,
U002359,organico,repeat_transaction,2024-03-29 14:57:43.887046,29.78,False,
U002360,organico,signup,2024-03-04 07:54:25.360110,,,
U002360,organico,login,2024-03-04 13:30:14.100378,,,
U002361,organico,signup,2024-01-10 20:06:21.096295,,,
U002361,organico,login,2024-01-12 15:22:24.249481,,,
U002361,organico,view_service,2024-01-13 03:27:08.093662,,,
U002362,referido,signup,2024-03-14 22:17:04.469741,,,
U002362,referido,login,2024-03-16 21:00:41.718109,,,
U002362,referido,view_service,2024-03-17 08:09:15.727663,,,
U002363,pagado,signup,2024-02-10 09:16:57.343199,,,
U002363,pagado,login,2024-02-11 07:01:01.337856,,,
U002363,pagado,view_service,2024-02-12 05:40:46.820638,,,
U002363,pagado,start_application,2024-02-12 14:56:48.039497,,,
U002363,pagado,complete_kyc,2024-02-13 11:48:28.584666,,,kyc_approved
U002363,pagado,first_transaction,2024-02-15 09:25:46.976860,6.29,False,
U002364,referido,signup,2024-03-16 07:20:33.562966,,,
U002364,referido,login,2024-03-16 13:35:10.979263,,,
U002364,referido,view_service,2024-03-16 21:27:59.365849,,,
U002364,referido,start_application,2024-03-18 07:04:03.558526,,,
U002364,referido,complete_kyc,2024-03-20 09:50:15.287431,,,kyc_approved
U002364,referido,first_transaction,2024-03-20 11:08:48.064730,8.25,False,
U002364,referido,repeat_transaction,2024-03-24 18:05:59.037115,17.95,False,
U002364,referido,repeat_transaction,2024-03-30 11:59:22.136708,53.08,False,
U002364,referido,repeat_transaction,2024-04-04 17:52:57.109743,39.63,True,
U002364,referido,repeat_transaction,2024-04-08 02:28:25.034668,41.64,False,
U002364,referido,repeat_transaction,2024-04-13 00:27:56.255478,143.4,False,
U002364,referido,repeat_transaction,2024-04-20 09:31:16.854284,15.05,False,
U002365,pagado,signup,2024-03-29 14:05:53.772351,,,
U002365,pagado,login,2024-03-30 11:35:50.670534,,,
U002365,pagado,view_service,2024-03-30 14:44:45.980132,,,
U002366,organico,signup,2024-01-09 08:16:45.625423,,,
U002366,organico,login,2024-01-10 10:59:06.618307,,,
U002366,organico,view_service,2024-01-10 13:29:43.391319,,,
U002367,pagado,signup,2024-02-06 17:55:58.202213,,,
U002367,pagado,login,2024-02-07 08:11:20.129736,,,
U002368,organico,signup,2024-03-13 09:28:50.735584,,,
U002368,organico,login,2024-03-13 10:18:36.179418,,,
U002368,organico,view_service,2024-03-13 17:00:10.412929,,,
U002368,organico,start_application,2024-03-14 03:20:12.823348,,,
U002368,organico,complete_kyc,2024-03-17 07:08:03.199312,,,kyc_approved
U002369,organico,signup,2024-02-12 19:02:55.182582,,,
U002369,organico,login,2024-02-14 09:15:45.109146,,,
U002370,organico,signup,2024-01-13 20:59:30.840877,,,
U002370,organico,login,2024-01-15 15:35:13.402108,,,
U002371,referido,signup,2024-01-17 05:58:01.245845,,,
U002371,referido,login,2024-01-17 07:16:18.206778,,,
U002371,referido,view_service,2024-01-17 12:15:21.408865,,,
U002372,organico,signup,2024-01-29 17:41:30.967174,,,
U002372,organico,login,2024-01-31 03:22:14.154066,,,
U002373,pagado,signup,2024-02-28 03:42:34.163398,,,
U002373,pagado,login,2024-03-01 00:28:50.236768,,,
U002373,pagado,view_service,2024-03-01 01:48:59.159962,,,
U002374,referido,signup,2024-03-21 13:17:59.970522,,,
U002374,referido,login,2024-03-22 18:28:31.816711,,,
U002374,referido,view_service,2024-03-23 04:59:39.004659,,,
U002375,pagado,signup,2024-02-15 11:34:43.224227,,,
U002376,organico,signup,2024-01-12 17:52:15.184723,,,
U002376,organico,login,2024-01-13 06:37:06.011905,,,
U002376,organico,view_service,2024-01-14 03:44:24.917769,,,
U002376,organico,start_application,2024-01-15 12:13:44.301179,,,
U002376,organico,complete_kyc,2024-01-18 06:13:09.388279,,,kyc_rejected
U002377,pagado,signup,2024-03-21 22:22:01.422225,,,
U002377,pagado,login,2024-03-23 01:04:44.870594,,,
U002377,pagado,view_service,2024-03-23 12:25:26.105807,,,
U002378,organico,signup,2024-02-12 12:50:25.168720,,,
U002378,organico,login,2024-02-14 11:58:43.833522,,,
U002378,organico,view_service,2024-02-14 12:19:43.455703,,,
U002379,organico,signup,2024-03-28 18:01:43.957076,,,
U002379,organico,login,2024-03-29 01:32:12.683772,,,
U002380,organico,signup,2024-03-04 09:48:04.086342,,,
U002380,organico,login,2024-03-04 20:04:52.181555,,,
U002381,organico,signup,2024-03-28 10:04:34.883398,,,
U002381,organico,login,2024-03-29 07:16:11.242000,,,
U002381,organico,view_service,2024-03-30 00:17:02.154094,,,
U002381,organico,start_application,2024-03-30 15:11:40.727975,,,
U002381,organico,complete_kyc,2024-04-03 00:54:58.338335,,,kyc_rejected
U002382,pagado,signup,2024-02-22 22:55:18.622998,,,
U002382,pagado,login,2024-02-24 06:38:31.938926,,,
U002382,pagado,view_service,2024-02-25 03:56:47.387500,,,
U002383,referido,signup,2024-01-10 16:58:43.697981,,,
U002383,referido,login,2024-01-12 16:54:21.809246,,,
U002383,referido,view_service,2024-01-13 10:22:04.112209,,,
U002384,referido,signup,2024-01-11 04:59:39.644593,,,
U002385,pagado,signup,2024-02-02 18:54:08.160563,,,
U002385,pagado,login,2024-02-04 12:48:54.170930,,,
U002385,pagado,view_service,2024-02-05 00:03:57.759923,,,
U002386,organico,signup,2024-03-05 23:36:39.178319,,,
U002386,organico,login,2024-03-07 13:31:03.414253,,,
U002386,organico,view_service,2024-03-08 12:18:45.729366,,,
U002386,organico,start_application,2024-03-10 13:58:23.475067,,,
U002386,organico,complete_kyc,2024-03-13 11:51:52.474620,,,kyc_approved
U002387,pagado,signup,2024-02-22 19:15:32.728133,,,
U002387,pagado,login,2024-02-23 22:50:40.229357,,,
U002387,pagado,view_service,2024-02-24 01:23:41.708108,,,
U002388,organico,signup,2024-01-18 08:29:19.474692,,,
U002388,organico,login,2024-01-19 07:58:10.200103,,,
U002388,organico,view_service,2024-01-19 16:39:45.276984,,,
U002389,organico,signup,2024-03-31 22:20:16.975001,,,
U002389,organico,login,2024-04-02 22:08:25.908841,,,
U002389,organico,view_service,2024-04-03 11:18:30.827452,,,
U002390,organico,signup,2024-02-10 09:40:33.124055,,,
U002390,organico,login,2024-02-11 14:50:52.497307,,,
U002390,organico,view_service,2024-02-12 02:38:01.030999,,,
U002391,organico,signup,2024-01-04 13:48:11.538515,,,
U002391,organico,login,2024-01-05 05:55:00.347621,,,
U002391,organico,view_service,2024-01-05 05:58:19.540477,,,
U002391,organico,start_application,2024-01-07 11:57:10.033940,,,
U002391,organico,complete_kyc,2024-01-09 03:51:55.657728,,,kyc_approved
U002391,organico,first_transaction,2024-01-10 16:16:49.437230,35.9,False,
U002391,organico,repeat_transaction,2024-01-12 11:04:44.667033,45.29,False,
U002392,pagado,signup,2024-02-07 05:46:13.219169,,,
U002392,pagado,login,2024-02-08 21:18:25.511975,,,
U002393,pagado,signup,2024-01-04 12:12:21.398640,,,
U002393,pagado,login,2024-01-05 15:38:30.630766,,,
U002393,pagado,view_service,2024-01-06 15:11:33.223533,,,
U002394,pagado,signup,2024-03-25 08:58:16.083195,,,
U002394,pagado,login,2024-03-26 07:11:27.139300,,,
U002394,pagado,view_service,2024-03-26 18:04:06.390832,,,
U002395,pagado,signup,2024-02-06 12:59:34.003667,,,
U002395,pagado,login,2024-02-06 21:46:20.866713,,,
U002395,pagado,view_service,2024-02-07 13:58:47.185445,,,
U002395,pagado,start_application,2024-02-09 02:40:15.316336,,,
U002395,pagado,complete_kyc,2024-02-10 16:07:30.072968,,,kyc_approved
U002396,referido,signup,2024-03-02 13:32:52.451853,,,
U002396,referido,login,2024-03-03 10:54:43.983397,,,
U002396,referido,view_service,2024-03-04 05:21:39.979166,,,
U002397,organico,signup,2024-01-12 17:49:10.226256,,,
U002397,organico,login,2024-01-14 16:08:45.727530,,,
U002397,organico,view_service,2024-01-14 21:07:12.726390,,,
U002398,pagado,signup,2024-03-18 12:12:48.178043,,,
U002398,pagado,login,2024-03-19 04:36:54.978788,,,
U002398,pagado,view_service,2024-03-19 21:08:22.262948,,,
U002399,pagado,signup,2024-02-08 20:55:34.393667,,,
U002399,pagado,login,2024-02-10 05:17:21.401804,,,
U002399,pagado,view_service,2024-02-11 03:53:40.288073,,,
U002400,referido,signup,2024-02-14 22:14:00.805619,,,
U002400,referido,login,2024-02-16 14:03:21.380821,,,
U002401,referido,signup,2024-03-31 18:26:00.901618,,,
U002401,referido,login,2024-04-01 02:35:28.107265,,,
U002401,referido,view_service,2024-04-01 14:22:36.099773,,,
U002402,pagado,signup,2024-03-22 10:00:36.428506,,,
U002402,pagado,login,2024-03-24 03:52:22.999579,,,
U002402,pagado,view_service,2024-03-24 11:56:27.622961,,,
U002403,pagado,signup,2024-02-05 21:50:46.594962,,,
U002403,pagado,login,2024-02-06 19:08:51.766751,,,
U002403,pagado,view_service,2024-02-07 03:39:57.712233,,,
U002404,pagado,signup,2024-01-27 04:48:18.428152,,,
U002404,pagado,login,2024-01-27 06:37:59.874606,,,
U002404,pagado,view_service,2024-01-27 12:44:49.722707,,,
U002405,organico,signup,2024-02-16 03:56:49.731763,,,
U002405,organico,login,2024-02-17 12:34:55.475168,,,
U002405,organico,view_service,2024-02-18 03:16:08.088092,,,
U002405,organico,start_application,2024-02-18 19:41:22.352415,,,
U002405,organico,complete_kyc,2024-02-21 07:45:25.357044,,,kyc_approved
U002405,organico,first_transaction,2024-02-22 04:58:38.683852,21.86,False,
U002405,organico,repeat_transaction,2024-03-02 16:25:00.472819,37.33,False,
U002405,organico,repeat_transaction,2024-03-08 00:32:14.336043,11.94,True,
U002405,organico,repeat_transaction,2024-03-11 02:07:29.577005,98.19,False,
U002405,organico,repeat_transaction,2024-03-18 15:40:28.802299,22.71,False,
U002405,organico,repeat_transaction,2024-03-23 06:42:14.403801,151.71,False,
U002405,organico,repeat_transaction,2024-03-30 18:34:22.672843,35.78,False,
U002405,organico,repeat_transaction,2024-04-04 10:30:09.430088,75.16,False,
U002405,organico,repeat_transaction,2024-04-14 05:19:20.930096,35.26,False,
U002405,organico,repeat_transaction,2024-04-21 11:47:38.425468,35.82,False,
U002405,organico,repeat_transaction,2024-04-29 12:26:50.979362,24.32,False,
U002405,organico,repeat_transaction,2024-05-04 15:30:16.828099,39.78,False,
U002405,organico,repeat_transaction,2024-05-12 20:56:16.160917,45.72,False,
U002405,organico,repeat_transaction,2024-05-17 00:54:55.519345,21.14,False,
U002406,organico,signup,2024-03-31 07:21:42.216613,,,
U002406,organico,login,2024-04-01 21:53:07.651940,,,
U002407,organico,signup,2024-02-23 12:49:24.085196,,,
U002407,organico,login,2024-02-24 11:18:21.693376,,,
U002407,organico,view_service,2024-02-24 17:44:17.415596,,,
U002408,pagado,signup,2024-01-25 03:19:14.932711,,,
U002408,pagado,login,2024-01-25 12:50:10.776192,,,
U002409,pagado,signup,2024-01-26 03:16:54.588664,,,
U002409,pagado,login,2024-01-28 01:07:22.222915,,,
U002409,pagado,view_service,2024-01-28 20:46:04.130024,,,
U002409,pagado,start_application,2024-01-31 11:55:59.366393,,,
U002409,pagado,complete_kyc,2024-01-31 14:27:10.152963,,,kyc_approved
U002409,pagado,first_transaction,2024-02-01 13:41:08.107179,33.53,False,
U002410,pagado,signup,2024-01-12 15:32:37.089193,,,
U002410,pagado,login,2024-01-13 13:44:55.366368,,,
U002410,pagado,view_service,2024-01-14 01:02:21.228249,,,
U002411,referido,signup,2024-03-19 16:41:32.548428,,,
U002411,referido,login,2024-03-21 11:23:48.698923,,,
U002411,referido,view_service,2024-03-22 03:08:28.729941,,,
U002411,referido,start_application,2024-03-24 23:17:35.708169,,,
U002411,referido,complete_kyc,2024-03-27 02:13:38.179875,,,kyc_approved
U002411,referido,first_transaction,2024-03-28 23:37:58.327072,23.88,False,
U002412,pagado,signup,2024-03-04 04:09:16.827368,,,
U002412,pagado,login,2024-03-05 15:02:22.611897,,,
U002413,organico,signup,2024-02-29 04:48:09.143062,,,
U002413,organico,login,2024-03-02 01:59:50.999247,,,
U002413,organico,view_service,2024-03-02 07:46:30.978128,,,
U002414,referido,signup,2024-03-20 05:06:05.913671,,,
U002414,referido,login,2024-03-20 17:20:48.698055,,,
U002414,referido,view_service,2024-03-21 07:29:07.586733,,,
U002415,referido,signup,2024-01-11 22:58:29.259338,,,
U002415,referido,login,2024-01-12 22:56:23.936201,,,
U002416,organico,signup,2024-02-01 19:05:20.299962,,,
U002416,organico,login,2024-02-02 22:54:45.058222,,,
U002417,pagado,signup,2024-03-10 16:33:54.962825,,,
U002417,pagado,login,2024-03-12 07:52:46.394558,,,
U002417,pagado,view_service,2024-03-12 19:48:27.890808,,,
U002418,pagado,signup,2024-03-11 04:51:26.973700,,,
U002418,pagado,login,2024-03-11 17:50:16.885560,,,
U002419,pagado,signup,2024-01-23 00:53:48.517739,,,
U002419,pagado,login,2024-01-23 21:43:50.811585,,,
U002420,pagado,signup,2024-03-04 02:47:22.435120,,,
U002420,pagado,login,2024-03-04 09:04:58.273488,,,
U002420,pagado,view_service,2024-03-04 10:30:57.972371,,,
U002420,pagado,start_application,2024-03-04 19:04:39.321620,,,
U002420,pagado,complete_kyc,2024-03-06 14:42:49.050042,,,kyc_rejected
U002421,pagado,signup,2024-03-14 01:16:48.212594,,,
U002421,pagado,login,2024-03-15 12:47:42.957092,,,
U002421,pagado,view_service,2024-03-16 00:38:21.814033,,,
U002422,pagado,signup,2024-02-16 11:58:16.306996,,,
U002422,pagado,login,2024-02-16 14:03:57.747155,,,
U002422,pagado,view_service,2024-02-17 03:49:41.797724,,,
U002422,pagado,start_application,2024-02-19 09:18:33.497051,,,
U002422,pagado,complete_kyc,2024-02-20 06:24:00.928918,,,kyc_approved
U002422,pagado,first_transaction,2024-02-21 12:28:02.257198,183.05,False,
U002423,organico,signup,2024-03-18 20:26:18.105055,,,
U002423,organico,login,2024-03-20 09:57:34.769930,,,
U002423,organico,view_service,2024-03-20 18:40:12.183841,,,
U002423,organico,start_application,2024-03-23 12:20:55.204959,,,
U002423,organico,complete_kyc,2024-03-23 16:27:18.520974,,,kyc_approved
U002424,pagado,signup,2024-02-07 09:27:49.587898,,,
U002424,pagado,login,2024-02-09 04:16:05.518463,,,
U002425,organico,signup,2024-03-29 03:24:32.060396,,,
U002426,organico,signup,2024-01-27 13:27:43.112261,,,
U002426,organico,login,2024-01-28 11:44:07.520461,,,
U002427,organico,signup,2024-01-16 02:41:11.473819,,,
U002427,organico,login,2024-01-17 05:32:06.486664,,,
U002428,organico,signup,2024-02-19 13:16:00.950931,,,
U002428,organico,login,2024-02-20 07:47:05.760694,,,
U002428,organico,view_service,2024-02-21 03:10:49.769840,,,
U002428,organico,start_application,2024-02-22 17:16:06.719572,,,
U002428,organico,complete_kyc,2024-02-23 05:39:11.214420,,,kyc_approved
U002428,organico,first_transaction,2024-02-25 01:20:39.824779,34.37,False,
U002429,organico,signup,2024-03-26 20:32:25.771601,,,
U002429,organico,login,2024-03-28 05:12:29.298962,,,
U002429,organico,view_service,2024-03-29 01:08:00.450217,,,
U002429,organico,start_application,2024-03-29 07:19:10.147056,,,
U002429,organico,complete_kyc,2024-03-29 22:47:42.814824,,,kyc_approved
U002429,organico,first_transaction,2024-03-31 11:31:25.743983,107.95,False,
U002429,organico,repeat_transaction,2024-04-09 03:32:43.476235,31.91,False,
U002429,organico,repeat_transaction,2024-04-17 23:02:57.354806,43.88,False,
U002429,organico,repeat_transaction,2024-04-22 01:12:03.675718,14.51,False,
U002429,organico,repeat_transaction,2024-04-26 08:04:08.529784,26.76,False,
U002429,organico,repeat_transaction,2024-05-01 02:31:49.520310,42.41,False,
U002430,pagado,signup,2024-03-07 11:31:21.874563,,,
U002430,pagado,login,2024-03-07 14:11:31.143758,,,
U002430,pagado,view_service,2024-03-08 04:01:03.811292,,,
U002431,referido,signup,2024-02-27 16:43:21.004292,,,
U002431,referido,login,2024-02-28 11:23:32.649245,,,
U002431,referido,view_service,2024-02-28 19:33:05.376370,,,
U002432,pagado,signup,2024-03-22 11:24:06.491822,,,
U002432,pagado,login,2024-03-22 18:01:38.043859,,,
U002432,pagado,view_service,2024-03-23 03:49:48.714472,,,
U002432,pagado,start_application,2024-03-23 20:59:38.458650,,,
U002432,pagado,complete_kyc,2024-03-25 05:14:30.015393,,,kyc_approved
U002433,pagado,signup,2024-03-14 22:15:15.024126,,,
U002433,pagado,login,2024-03-15 22:49:13.865618,,,
U002434,pagado,signup,2024-03-06 17:26:13.947000,,,
U002434,pagado,login,2024-03-07 07:54:30.271624,,,
U002435,organico,signup,2024-02-16 04:36:21.653008,,,
U002435,organico,login,2024-02-16 22:25:33.641502,,,
U002436,organico,signup,2024-03-09 02:40:51.374646,,,
U002436,organico,login,2024-03-10 08:16:21.812734,,,
U002436,organico,view_service,2024-03-10 09:48:38.163014,,,
U002436,organico,start_application,2024-03-11 09:42:17.102786,,,
U002436,organico,complete_kyc,2024-03-12 20:59:04.969653,,,kyc_rejected
U002437,pagado,signup,2024-01-30 15:16:38.060466,,,
U002437,pagado,login,2024-02-01 11:32:31.705938,,,
U002438,organico,signup,2024-02-09 13:42:07.235876,,,
U002438,organico,login,2024-02-10 21:22:03.649123,,,
U002438,organico,view_service,2024-02-11 01:06:24.806732,,,
U002438,organico,start_application,2024-02-11 17:05:47.635708,,,
U002438,organico,complete_kyc,2024-02-15 07:42:10.739614,,,kyc_rejected
U002439,pagado,signup,2024-01-04 04:12:05.891115,,,
U002439,pagado,login,2024-01-06 03:31:05.172484,,,
U002439,pagado,view_service,2024-01-06 19:50:35.109741,,,
U002439,pagado,start_application,2024-01-07 10:07:55.735787,,,
U002439,pagado,complete_kyc,2024-01-07 16:37:30.460163,,,kyc_approved
U002439,pagado,first_transaction,2024-01-07 22:08:46.482207,111.07,False,
U002439,pagado,repeat_transaction,2024-01-17 01:55:44.717002,42.75,False,
U002439,pagado,repeat_transaction,2024-01-18 12:36:17.839460,96.41,False,
U002439,pagado,repeat_transaction,2024-01-28 04:02:51.098832,57.31,False,
U002439,pagado,repeat_transaction,2024-01-31 08:01:48.033090,114.34,False,
U002439,pagado,repeat_transaction,2024-02-04 12:50:58.678615,35.12,False,
U002439,pagado,repeat_transaction,2024-02-13 12:35:57.660756,195.03,False,
U002439,pagado,repeat_transaction,2024-02-18 10:35:23.687175,26.06,False,
U002439,pagado,repeat_transaction,2024-02-20 13:09:48.717631,21.4,False,
U002440,referido,signup,2024-03-01 22:10:42.936677,,,
U002440,referido,login,2024-03-02 21:26:44.293697,,,
U002441,pagado,signup,2024-02-08 09:10:46.236442,,,
U002441,pagado,login,2024-02-09 21:37:03.977393,,,
U002441,pagado,view_service,2024-02-10 16:54:44.583088,,,
U002442,organico,signup,2024-02-09 06:45:04.764487,,,
U002442,organico,login,2024-02-09 11:06:16.475632,,,
U002443,pagado,signup,2024-02-22 02:09:31.393167,,,
U002443,pagado,login,2024-02-23 00:08:20.541632,,,
U002443,pagado,view_service,2024-02-23 09:33:09.892446,,,
U002443,pagado,start_application,2024-02-23 12:58:34.991878,,,
U002443,pagado,complete_kyc,2024-02-27 07:04:03.894911,,,kyc_approved
U002443,pagado,first_transaction,2024-02-27 10:27:07.611148,15.69,False,
U002443,pagado,repeat_transaction,2024-03-08 00:52:32.187553,187.11,False,
U002443,pagado,repeat_transaction,2024-03-17 21:16:24.984055,64.95,False,
U002443,pagado,repeat_transaction,2024-03-24 16:51:33.265859,28.97,False,
U002443,pagado,repeat_transaction,2024-03-26 11:51:58.253512,87.73,False,
U002443,pagado,repeat_transaction,2024-04-03 14:31:05.239741,59.23,False,
U002443,pagado,repeat_transaction,2024-04-09 23:31:01.382963,144.94,False,
U002443,pagado,repeat_transaction,2024-04-14 07:18:45.525295,12.39,False,
U002443,pagado,repeat_transaction,2024-04-15 16:45:14.787859,30.39,False,
U002443,pagado,repeat_transaction,2024-04-17 03:13:38.742866,26.48,False,
U002443,pagado,repeat_transaction,2024-04-19 20:14:13.414499,9.19,False,
U002444,organico,signup,2024-01-22 02:42:15.568403,,,
U002444,organico,login,2024-01-22 11:39:46.789401,,,
U002444,organico,view_service,2024-01-23 03:44:17.558251,,,
U002444,organico,start_application,2024-01-24 20:08:21.590291,,,
U002444,organico,complete_kyc,2024-01-26 15:22:47.985070,,,kyc_approved
U002444,organico,first_transaction,2024-01-28 13:05:01.336020,76.88,False,
U002444,organico,repeat_transaction,2024-02-01 05:16:08.440165,30.29,False,
U002444,organico,repeat_transaction,2024-02-06 06:25:28.786251,61.42,False,
U002444,organico,repeat_transaction,2024-02-14 01:42:12.963062,190.92,False,
U002444,organico,repeat_transaction,2024-02-18 23:04:31.492201,28.58,False,
U002444,organico,repeat_transaction,2024-02-27 21:34:51.501560,27.25,False,
U002444,organico,repeat_transaction,2024-03-07 03:19:41.086360,39.77,False,
U002444,organico,repeat_transaction,2024-03-13 00:45:44.793891,73.04,False,
U002444,organico,repeat_transaction,2024-03-20 07:49:26.734993,24.61,False,
U002444,organico,repeat_transaction,2024-03-23 00:04:30.873546,23.53,False,
U002445,organico,signup,2024-02-14 09:57:37.525406,,,
U002445,organico,login,2024-02-16 02:41:25.884696,,,
U002445,organico,view_service,2024-02-16 18:15:57.495024,,,
U002445,organico,start_application,2024-02-18 19:33:42.037193,,,
U002445,organico,complete_kyc,2024-02-19 11:57:28.845715,,,kyc_approved
U002445,organico,first_transaction,2024-02-20 07:31:39.683713,76.71,False,
U002446,organico,signup,2024-01-11 01:20:59.979934,,,
U002446,organico,login,2024-01-11 15:55:57.681865,,,
U002446,organico,view_service,2024-01-11 20:01:28.577325,,,
U002446,organico,start_application,2024-01-13 04:10:56.062501,,,
U002446,organico,complete_kyc,2024-01-13 13:06:57.759635,,,kyc_rejected
U002447,organico,signup,2024-03-15 14:34:47.844932,,,
U002447,organico,login,2024-03-16 06:43:28.249790,,,
U002447,organico,view_service,2024-03-16 14:36:25.333176,,,
U002448,organico,signup,2024-03-01 00:28:03.712028,,,
U002448,organico,login,2024-03-02 06:34:55.524384,,,
U002449,pagado,signup,2024-01-03 13:19:41.965716,,,
U002449,pagado,login,2024-01-05 02:06:14.516986,,,
U002449,pagado,view_service,2024-01-05 11:30:21.087170,,,
U002450,pagado,signup,2024-01-08 15:30:36.309433,,,
U002450,pagado,login,2024-01-10 07:50:08.349740,,,
U002450,pagado,view_service,2024-01-11 02:49:19.977620,,,
U002450,pagado,start_application,2024-01-13 10:26:13.180116,,,
U002450,pagado,complete_kyc,2024-01-15 23:06:56.881944,,,kyc_rejected
U002451,organico,signup,2024-02-06 00:35:10.355758,,,
U002451,organico,login,2024-02-06 23:05:22.337080,,,
U002451,organico,view_service,2024-02-07 16:04:20.097973,,,
U002452,organico,signup,2024-02-06 12:35:46.988706,,,
U002452,organico,login,2024-02-08 08:45:37.565622,,,
U002452,organico,view_service,2024-02-09 08:30:20.071856,,,
U002453,organico,signup,2024-01-24 22:37:48.354182,,,
U002453,organico,login,2024-01-25 17:10:25.025264,,,
U002454,referido,signup,2024-03-03 06:28:05.874236,,,
U002454,referido,login,2024-03-05 02:26:50.460064,,,
U002455,pagado,signup,2024-02-12 19:39:30.489622,,,
U002455,pagado,login,2024-02-13 12:38:46.234288,,,
U002455,pagado,view_service,2024-02-14 06:17:37.299500,,,
U002456,pagado,signup,2024-02-14 12:46:32.906942,,,
U002456,pagado,login,2024-02-15 01:31:11.489750,,,
U002457,referido,signup,2024-01-16 22:35:20.950591,,,
U002457,referido,login,2024-01-17 19:29:47.689579,,,
U002457,referido,view_service,2024-01-18 01:33:55.671553,,,
U002457,referido,start_application,2024-01-18 04:42:27.440711,,,
U002457,referido,complete_kyc,2024-01-19 09:04:41.803229,,,kyc_approved
U002457,referido,first_transaction,2024-01-20 05:50:14.101613,47.71,False,
U002458,referido,signup,2024-01-14 14:31:53.822794,,,
U002458,referido,login,2024-01-15 18:00:49.004590,,,
U002458,referido,view_service,2024-01-16 10:07:34.160624,,,
U002459,pagado,signup,2024-02-08 10:10:04.392093,,,
U002459,pagado,login,2024-02-10 03:05:20.790558,,,
U002459,pagado,view_service,2024-02-10 16:09:14.725912,,,
U002460,referido,signup,2024-02-16 23:49:13.117875,,,
U002460,referido,login,2024-02-18 23:35:08.724700,,,
U002460,referido,view_service,2024-02-19 11:22:13.809290,,,
U002461,pagado,signup,2024-03-12 06:37:47.667173,,,
U002461,pagado,login,2024-03-13 01:59:45.058492,,,
U002462,pagado,signup,2024-02-15 05:37:02.746559,,,
U002462,pagado,login,2024-02-16 07:02:39.508247,,,
U002462,pagado,view_service,2024-02-17 04:39:13.069890,,,
U002463,pagado,signup,2024-01-29 10:11:05.812469,,,
U002463,pagado,login,2024-01-29 11:17:14.912659,,,
U002464,organico,signup,2024-03-05 15:32:23.216550,,,
U002464,organico,login,2024-03-05 21:03:20.014598,,,
U002464,organico,view_service,2024-03-06 04:41:11.232778,,,
U002465,pagado,signup,2024-01-06 23:15:58.422347,,,
U002465,pagado,login,2024-01-08 10:24:30.915397,,,
U002465,pagado,view_service,2024-01-08 19:13:51.610858,,,
U002465,pagado,start_application,2024-01-10 02:06:42.751904,,,
U002465,pagado,complete_kyc,2024-01-10 03:38:49.378491,,,kyc_approved
U002466,referido,signup,2024-01-12 08:03:42.290359,,,
U002466,referido,login,2024-01-14 04:59:22.414374,,,
U002467,organico,signup,2024-04-01 02:09:38.937777,,,
U002467,organico,login,2024-04-01 14:02:09.712669,,,
U002467,organico,view_service,2024-04-02 00:42:25.670660,,,
U002467,organico,start_application,2024-04-02 07:03:41.799741,,,
U002467,organico,complete_kyc,2024-04-03 23:04:35.157571,,,kyc_approved
U002467,organico,first_transaction,2024-04-04 01:14:50.729070,8.75,False,
U002467,organico,repeat_transaction,2024-04-08 18:37:58.851443,15.52,False,
U002467,organico,repeat_transaction,2024-04-14 08:50:04.573217,104.68,False,
U002467,organico,repeat_transaction,2024-04-16 16:16:20.973709,48.49,False,
U002467,organico,repeat_transaction,2024-04-20 15:55:55.115813,21.47,False,
U002467,organico,repeat_transaction,2024-04-25 18:37:22.751675,32.48,False,
U002467,organico,repeat_transaction,2024-04-27 06:19:01.192296,36.94,False,
U002467,organico,repeat_transaction,2024-05-03 22:11:35.663876,61.25,False,
U002467,organico,repeat_transaction,2024-05-05 10:36:03.393945,14.14,False,
U002467,organico,repeat_transaction,2024-05-09 06:26:36.249227,20.31,True,
U002467,organico,repeat_transaction,2024-05-18 06:31:24.316313,44.3,False,
U002467,organico,repeat_transaction,2024-05-26 00:09:42.864903,34.13,False,
U002467,organico,repeat_transaction,2024-06-02 04:09:42.512124,54.61,False,
U002467,organico,repeat_transaction,2024-06-07 13:26:46.706368,15.48,False,
U002467,organico,repeat_transaction,2024-06-08 14:02:17.618566,46.99,False,
U002467,organico,repeat_transaction,2024-06-10 06:27:27.138518,78.58,False,
U002468,organico,signup,2024-03-04 21:29:30.754832,,,
U002468,organico,login,2024-03-06 02:16:32.706003,,,
U002469,referido,signup,2024-01-23 08:43:28.378963,,,
U002469,referido,login,2024-01-24 02:34:30.403550,,,
U002469,referido,view_service,2024-01-24 20:12:22.435424,,,
U002470,referido,signup,2024-03-20 19:07:54.360479,,,
U002470,referido,login,2024-03-21 16:25:15.109570,,,
U002470,referido,view_service,2024-03-21 19:57:01.170658,,,
U002470,referido,start_application,2024-03-23 10:00:52.055603,,,
U002470,referido,complete_kyc,2024-03-23 13:34:36.762602,,,kyc_approved
U002470,referido,first_transaction,2024-03-24 02:22:24.869707,51.46,False,
U002471,pagado,signup,2024-03-04 07:24:58.514059,,,
U002471,pagado,login,2024-03-04 09:10:11.362985,,,
U002471,pagado,view_service,2024-03-05 03:46:35.913398,,,
U002472,organico,signup,2024-01-29 22:26:03.435619,,,
U002472,organico,login,2024-01-31 03:35:58.600065,,,
U002472,organico,view_service,2024-01-31 13:01:20.859327,,,
U002472,organico,start_application,2024-02-01 06:56:24.777010,,,
U002472,organico,complete_kyc,2024-02-05 05:04:47.969916,,,kyc_approved
U002472,organico,first_transaction,2024-02-05 20:18:08.865584,40.34,False,
U002472,organico,repeat_transaction,2024-02-08 14:06:00.520431,34.22,False,
U002472,organico,repeat_transaction,2024-02-10 01:32:02.930373,20.4,False,
U002472,organico,repeat_transaction,2024-02-15 22:13:48.539590,34.8,False,
U002472,organico,repeat_transaction,2024-02-20 13:50:38.987268,88.39,False,
U002472,organico,repeat_transaction,2024-02-23 16:14:03.151619,33.67,False,
U002473,organico,signup,2024-02-29 07:18:08.428396,,,
U002473,organico,login,2024-03-01 19:10:07.808674,,,
U002473,organico,view_service,2024-03-01 21:53:05.744132,,,
U002473,organico,start_application,2024-03-04 00:35:07.934141,,,
U002473,organico,complete_kyc,2024-03-07 12:32:08.601443,,,kyc_approved
U002474,pagado,signup,2024-01-22 08:52:39.262132,,,
U002474,pagado,login,2024-01-23 20:39:21.204830,,,
U002474,pagado,view_service,2024-01-24 12:04:49.599588,,,
U002475,organico,signup,2024-02-19 01:56:17.986782,,,
U002475,organico,login,2024-02-19 19:01:26.240218,,,
U002475,organico,view_service,2024-02-20 17:52:13.862868,,,
U002475,organico,start_application,2024-02-22 19:32:23.904070,,,
U002475,organico,complete_kyc,2024-02-25 01:47:16.067965,,,kyc_approved
U002475,organico,first_transaction,2024-02-27 00:52:45.178408,19.63,False,
U002476,referido,signup,2024-02-20 14:02:24.796852,,,
U002476,referido,login,2024-02-21 00:17:21.789767,,,
U002477,organico,signup,2024-02-16 11:31:31.070297,,,
U002477,organico,login,2024-02-17 01:59:39.189809,,,
U002477,organico,view_service,2024-02-17 18:54:35.948271,,,
U002478,organico,signup,2024-03-31 16:53:37.362588,,,
U002478,organico,login,2024-04-01 20:20:29.200843,,,
U002479,organico,signup,2024-01-04 10:16:49.105787,,,
U002479,organico,login,2024-01-05 04:02:22.766441,,,
U002479,organico,view_service,2024-01-05 13:28:37.350479,,,
U002480,organico,signup,2024-03-21 14:04:42.056217,,,
U002480,organico,login,2024-03-21 22:54:35.764567,,,
U002480,organico,view_service,2024-03-22 14:48:22.196589,,,
U002480,organico,start_application,2024-03-22 16:46:49.986820,,,
U002480,organico,complete_kyc,2024-03-23 05:34:06.873489,,,kyc_rejected
U002481,pagado,signup,2024-02-06 05:05:05.211164,,,
U002481,pagado,login,2024-02-07 02:04:28.019762,,,
U002482,organico,signup,2024-03-13 08:25:50.211666,,,
U002482,organico,login,2024-03-14 12:46:15.191442,,,
U002483,organico,signup,2024-02-21 16:06:07.848778,,,
U002483,organico,login,2024-02-23 15:50:47.653606,,,
U002483,organico,view_service,2024-02-24 01:37:31.626078,,,
U002483,organico,start_application,2024-02-24 03:27:35.677574,,,
U002483,organico,complete_kyc,2024-02-27 20:41:08.812132,,,kyc_approved
U002483,organico,first_transaction,2024-02-28 21:52:47.163844,25.93,False,
U002483,organico,repeat_transaction,2024-03-07 23:25:01.338741,42.12,False,
U002483,organico,repeat_transaction,2024-03-15 00:21:30.052317,28.18,False,
U002483,organico,repeat_transaction,2024-03-22 07:03:10.973917,51.4,False,
U002483,organico,repeat_transaction,2024-03-31 05:20:10.923997,52.77,False,
U002483,organico,repeat_transaction,2024-04-06 06:58:50.481845,68.19,False,
U002483,organico,repeat_transaction,2024-04-13 04:41:05.578105,99.14,False,
U002483,organico,repeat_transaction,2024-04-22 08:58:37.689576,73.49,False,
U002483,organico,repeat_transaction,2024-04-23 15:03:43.768255,19.03,False,
U002484,organico,signup,2024-01-31 05:00:37.249609,,,
U002484,organico,login,2024-02-01 13:57:44.652349,,,
U002485,pagado,signup,2024-01-15 18:58:43.056127,,,
U002485,pagado,login,2024-01-17 17:35:10.980208,,,
U002485,pagado,view_service,2024-01-17 23:23:17.414360,,,
U002486,pagado,signup,2024-03-26 16:48:41.088863,,,
U002486,pagado,login,2024-03-28 06:23:24.309592,,,
U002486,pagado,view_service,2024-03-28 14:51:48.386009,,,
U002486,pagado,start_application,2024-03-29 16:37:34.707483,,,
U002486,pagado,complete_kyc,2024-03-31 09:39:28.836633,,,kyc_approved
U002487,pagado,signup,2024-02-08 22:03:01.349320,,,
U002487,pagado,login,2024-02-09 04:24:42.309543,,,
U002487,pagado,view_service,2024-02-09 21:52:18.932643,,,
U002487,pagado,start_application,2024-02-11 06:16:29.171811,,,
U002487,pagado,complete_kyc,2024-02-15 04:24:02.960537,,,kyc_approved
U002487,pagado,first_transaction,2024-02-15 22:24:23.775714,19.44,False,
U002488,pagado,signup,2024-03-27 17:10:37.050087,,,
U002488,pagado,login,2024-03-28 11:08:10.219094,,,
U002488,pagado,view_service,2024-03-29 01:19:21.976562,,,
U002489,organico,signup,2024-01-15 01:11:31.973929,,,
U002489,organico,login,2024-01-16 10:40:47.530900,,,
U002490,organico,signup,2024-02-23 03:53:50.798946,,,
U002490,organico,login,2024-02-23 08:15:46.012933,,,
U002490,organico,view_service,2024-02-23 22:19:47.831035,,,
U002490,organico,start_application,2024-02-25 01:00:04.979952,,,
U002490,organico,complete_kyc,2024-02-27 18:16:25.206516,,,kyc_approved
U002490,organico,first_transaction,2024-02-29 07:00:02.395337,34.71,False,
U002490,organico,repeat_transaction,2024-03-07 01:32:30.450618,26.69,False,
U002490,organico,repeat_transaction,2024-03-12 16:54:40.693368,16.5,False,
U002490,organico,repeat_transaction,2024-03-20 18:01:24.968118,26.86,False,
U002490,organico,repeat_transaction,2024-03-23 20:52:28.908883,26.25,False,
U002490,organico,repeat_transaction,2024-03-26 11:18:31.958555,22.87,False,
U002490,organico,repeat_transaction,2024-03-27 22:48:49.489187,29.34,False,
U002491,organico,signup,2024-02-20 21:19:18.840661,,,
U002491,organico,login,2024-02-21 06:20:43.818878,,,
U002491,organico,view_service,2024-02-21 20:32:50.379446,,,
U002492,organico,signup,2024-03-09 06:18:42.667727,,,
U002493,pagado,signup,2024-01-14 14:11:08.351894,,,
U002493,pagado,login,2024-01-15 10:57:16.463330,,,
U002494,organico,signup,2024-01-24 15:18:06.896131,,,
U002494,organico,login,2024-01-25 12:26:53.079756,,,
U002495,pagado,signup,2024-02-22 02:06:11.441788,,,
U002495,pagado,login,2024-02-23 10:15:48.522119,,,
U002495,pagado,view_service,2024-02-24 01:39:33.042231,,,
U002495,pagado,start_application,2024-02-24 19:33:50.905745,,,
U002495,pagado,complete_kyc,2024-02-28 12:24:03.309132,,,kyc_approved
U002495,pagado,first_transaction,2024-02-29 12:12:33.125510,83.51,False,
U002495,pagado,repeat_transaction,2024-03-10 05:26:46.455160,42.08,False,
U002495,pagado,repeat_transaction,2024-03-16 19:07:43.786985,206.49,False,
U002495,pagado,repeat_transaction,2024-03-24 09:28:21.260647,41.24,False,
U002495,pagado,repeat_transaction,2024-03-30 17:14:30.441029,29.87,False,
U002495,pagado,repeat_transaction,2024-04-04 18:35:40.453990,36.7,False,
U002495,pagado,repeat_transaction,2024-04-09 12:49:08.146525,43.8,False,
U002495,pagado,repeat_transaction,2024-04-12 20:14:26.356719,49.63,False,
U002495,pagado,repeat_transaction,2024-04-14 17:55:52.920685,156.6,False,
U002495,pagado,repeat_transaction,2024-04-23 18:09:08.637112,20.25,False,
U002495,pagado,repeat_transaction,2024-05-03 13:04:19.954202,66.78,False,
U002495,pagado,repeat_transaction,2024-05-09 09:05:14.450577,42.33,False,
U002495,pagado,repeat_transaction,2024-05-13 23:25:48.948962,12.19,False,
U002495,pagado,repeat_transaction,2024-05-17 00:38:28.970674,62.77,False,
U002495,pagado,repeat_transaction,2024-05-23 19:34:33.962757,88.88,False,
U002496,organico,signup,2024-03-06 12:46:47.541800,,,
U002496,organico,login,2024-03-08 00:44:28.772401,,,
U002496,organico,view_service,2024-03-08 15:41:37.769527,,,
U002496,organico,start_application,2024-03-11 04:17:49.956493,,,
U002496,organico,complete_kyc,2024-03-11 19:08:47.175677,,,kyc_rejected
U002497,organico,signup,2024-03-19 08:55:19.747105,,,
U002497,organico,login,2024-03-20 14:28:42.183234,,,
U002497,organico,view_service,2024-03-21 12:59:42.167837,,,
U002498,organico,signup,2024-01-16 20:29:14.713048,,,
U002498,organico,login,2024-01-17 18:03:39.249646,,,
U002499,organico,signup,2024-01-30 02:30:33.902851,,,
U002499,organico,login,2024-01-30 18:10:28.413187,,,
U002499,organico,view_service,2024-01-31 14:42:14.369444,,,
U002499,organico,start_application,2024-02-01 17:21:57.964547,,,
U002499,organico,complete_kyc,2024-02-01 22:56:51.778575,,,kyc_approved
U002500,organico,signup,2024-03-18 14:51:58.989153,,,
U002500,organico,login,2024-03-20 06:49:38.343137,,,
U002500,organico,view_service,2024-03-20 14:37:16.231721,,,
U002501,organico,signup,2024-03-25 01:04:00.448536,,,
U002501,organico,login,2024-03-25 13:10:24.336142,,,
U002501,organico,view_service,2024-03-26 06:12:31.145800,,,
U002501,organico,start_application,2024-03-28 06:01:20.306820,,,
U002501,organico,complete_kyc,2024-03-30 12:55:14.266954,,,kyc_approved
U002501,organico,first_transaction,2024-03-30 17:00:48.870422,20.09,False,
U002502,organico,signup,2024-02-06 13:20:36.031566,,,
U002502,organico,login,2024-02-08 09:47:41.354697,,,
U002503,organico,signup,2024-03-04 09:17:15.302934,,,
U002503,organico,login,2024-03-05 23:17:45.984406,,,
U002504,pagado,signup,2024-03-11 17:59:17.532840,,,
U002504,pagado,login,2024-03-12 06:31:50.301343,,,
U002505,organico,signup,2024-01-18 20:55:00.712602,,,
U002505,organico,login,2024-01-19 20:22:23.232820,,,
U002505,organico,view_service,2024-01-20 05:35:42.885164,,,
U002505,organico,start_application,2024-01-22 01:21:55.251213,,,
U002505,organico,complete_kyc,2024-01-23 19:30:54.187649,,,kyc_approved
U002505,organico,first_transaction,2024-01-25 06:40:28.574958,36.37,False,
U002505,organico,repeat_transaction,2024-01-28 05:50:03.478394,10.94,False,
U002505,organico,repeat_transaction,2024-02-01 18:31:13.806568,15.16,False,
U002505,organico,repeat_transaction,2024-02-02 21:11:03.975763,76.22,False,
U002505,organico,repeat_transaction,2024-02-12 16:58:39.365227,26.4,False,
U002506,referido,signup,2024-02-01 00:25:22.371708,,,
U002506,referido,login,2024-02-01 06:06:24.190578,,,
U002506,referido,view_service,2024-02-01 08:31:31.685426,,,
U002506,referido,start_application,2024-02-02 18:39:57.921772,,,
U002506,referido,complete_kyc,2024-02-03 11:26:33.615896,,,kyc_approved
U002506,referido,first_transaction,2024-02-04 22:52:46.821639,16.84,False,
U002506,referido,repeat_transaction,2024-02-13 06:47:55.308819,42.98,False,
U002506,referido,repeat_transaction,2024-02-20 01:42:49.328318,25.39,False,
U002507,organico,signup,2024-02-23 05:58:41.538993,,,
U002507,organico,login,2024-02-23 11:21:17.275479,,,
U002507,organico,view_service,2024-02-23 13:25:07.580461,,,
U002508,referido,signup,2024-03-04 19:11:46.047661,,,
U002508,referido,login,2024-03-05 01:05:30.790704,,,
U002509,organico,signup,2024-01-16 18:01:28.640122,,,
U002509,organico,login,2024-01-16 19:35:13.009606,,,
U002509,organico,view_service,2024-01-17 16:57:11.355473,,,
U002509,organico,start_application,2024-01-19 13:34:45.744980,,,
U002509,organico,complete_kyc,2024-01-21 14:24:39.063519,,,kyc_approved
U002509,organico,first_transaction,2024-01-22 20:07:33.659605,26.32,False,
U002510,organico,signup,2024-02-04 01:20:50.095906,,,
U002510,organico,login,2024-02-04 23:38:30.362517,,,
U002511,pagado,signup,2024-01-24 15:24:24.576273,,,
U002511,pagado,login,2024-01-25 20:33:58.920543,,,
U002511,pagado,view_service,2024-01-26 06:35:15.956691,,,
U002512,pagado,signup,2024-02-23 21:36:35.856959,,,
U002512,pagado,login,2024-02-24 04:52:21.397112,,,
U002512,pagado,view_service,2024-02-24 20:36:03.719529,,,
U002513,organico,signup,2024-01-07 20:41:09.369365,,,
U002513,organico,login,2024-01-08 16:04:20.983328,,,
U002514,pagado,signup,2024-03-22 02:02:10.602834,,,
U002514,pagado,login,2024-03-23 12:23:50.977491,,,
U002514,pagado,view_service,2024-03-23 15:27:01.608159,,,
U002515,referido,signup,2024-03-25 07:07:20.472044,,,
U002515,referido,login,2024-03-25 11:08:04.184888,,,
U002515,referido,view_service,2024-03-26 05:52:26.686576,,,
U002515,referido,start_application,2024-03-26 15:59:58.704244,,,
U002515,referido,complete_kyc,2024-03-27 16:04:41.901930,,,kyc_approved
U002515,referido,first_transaction,2024-03-28 04:18:13.017273,61.41,False,
U002515,referido,repeat_transaction,2024-03-29 12:48:15.124194,16.23,False,
U002515,referido,repeat_transaction,2024-04-02 23:56:06.270687,19.42,False,
U002515,referido,repeat_transaction,2024-04-05 05:00:43.324364,40.77,False,
U002515,referido,repeat_transaction,2024-04-07 23:45:32.723973,72.14,False,
U002515,referido,repeat_transaction,2024-04-17 09:25:43.158020,87.07,False,
U002515,referido,repeat_transaction,2024-04-25 03:42:29.637738,22.98,False,
U002515,referido,repeat_transaction,2024-05-02 12:13:16.828860,70.54,False,
U002515,referido,repeat_transaction,2024-05-09 21:13:12.905039,21.14,False,
U002515,referido,repeat_transaction,2024-05-13 14:32:06.648911,131.41,False,
U002515,referido,repeat_transaction,2024-05-20 21:54:28.741043,16.55,False,
U002515,referido,repeat_transaction,2024-05-26 09:44:11.902309,92.75,False,
U002515,referido,repeat_transaction,2024-05-28 01:56:42.043015,23.11,False,
U002515,referido,repeat_transaction,2024-06-01 02:57:42.963238,149.8,False,
U002516,pagado,signup,2024-01-06 21:35:09.463625,,,
U002516,pagado,login,2024-01-08 11:35:34.623275,,,
U002517,organico,signup,2024-03-20 15:09:18.770844,,,
U002517,organico,login,2024-03-22 05:46:56.905190,,,
U002517,organico,view_service,2024-03-22 12:27:17.537785,,,
U002518,organico,signup,2024-01-08 13:41:54.882385,,,
U002518,organico,login,2024-01-09 21:56:06.926954,,,
U002518,organico,view_service,2024-01-10 09:36:37.778873,,,
U002519,pagado,signup,2024-03-28 12:35:42.849949,,,
U002519,pagado,login,2024-03-29 22:11:32.908070,,,
U002519,pagado,view_service,2024-03-30 13:59:28.102494,,,
U002520,organico,signup,2024-03-26 02:06:49.040656,,,
U002520,organico,login,2024-03-28 00:41:18.321216,,,
U002520,organico,view_service,2024-03-28 19:20:56.977951,,,
U002521,pagado,signup,2024-01-23 19:20:56.428855,,,
U002521,pagado,login,2024-01-23 23:14:11.818236,,,
U002521,pagado,view_service,2024-01-24 08:04:53.158228,,,
U002521,pagado,start_application,2024-01-26 19:11:02.088289,,,
U002521,pagado,complete_kyc,2024-01-29 16:57:57.809252,,,kyc_approved
U002521,pagado,first_transaction,2024-01-31 01:22:22.055571,55.36,False,
U002521,pagado,repeat_transaction,2024-02-07 10:06:29.933088,17.97,False,
U002521,pagado,repeat_transaction,2024-02-11 12:53:00.230660,25.39,False,
U002521,pagado,repeat_transaction,2024-02-21 09:17:56.416647,63.23,False,
U002521,pagado,repeat_transaction,2024-02-22 10:00:39.785216,76.47,False,
U002521,pagado,repeat_transaction,2024-02-23 11:20:06.438748,34.83,False,
U002522,referido,signup,2024-02-26 15:22:03.305147,,,
U002522,referido,login,2024-02-27 13:18:47.777195,,,
U002522,referido,view_service,2024-02-28 06:13:56.781032,,,
U002523,pagado,signup,2024-01-24 07:48:49.763964,,,
U002523,pagado,login,2024-01-25 01:04:52.773050,,,
U002523,pagado,view_service,2024-01-25 20:50:49.597107,,,
U002524,pagado,signup,2024-02-23 18:42:33.628670,,,
U002524,pagado,login,2024-02-24 03:51:32.417691,,,
U002524,pagado,view_service,2024-02-24 11:45:01.377246,,,
U002524,pagado,start_application,2024-02-25 08:59:57.937496,,,
U002524,pagado,complete_kyc,2024-02-27 17:03:52.822388,,,kyc_approved
U002524,pagado,first_transaction,2024-02-27 22:25:15.329909,37.76,False,
U002525,organico,signup,2024-02-25 04:42:50.202717,,,
U002525,organico,login,2024-02-27 03:37:40.468551,,,
U002526,organico,signup,2024-02-07 12:38:29.739105,,,
U002526,organico,login,2024-02-08 04:47:47.251547,,,
U002526,organico,view_service,2024-02-08 06:24:01.680707,,,
U002526,organico,start_application,2024-02-10 21:58:52.237719,,,
U002526,organico,complete_kyc,2024-02-14 12:58:00.877563,,,kyc_approved
U002526,organico,first_transaction,2024-02-15 09:10:32.769393,62.23,False,
U002527,pagado,signup,2024-02-13 21:52:34.264355,,,
U002527,pagado,login,2024-02-15 16:17:48.401652,,,
U002528,organico,signup,2024-02-28 13:00:35.494043,,,
U002528,organico,login,2024-02-28 16:08:01.327673,,,
U002529,pagado,signup,2024-02-27 17:07:14.712749,,,
U002529,pagado,login,2024-02-29 10:26:57.164792,,,
U002529,pagado,view_service,2024-03-01 04:15:48.571841,,,
U002530,organico,signup,2024-01-15 08:00:24.727177,,,
U002530,organico,login,2024-01-16 19:59:37.549255,,,
U002531,organico,signup,2024-01-08 15:15:10.211597,,,
U002531,organico,login,2024-01-10 14:47:57.606768,,,
U002531,organico,view_service,2024-01-10 15:14:09.963210,,,
U002532,organico,signup,2024-03-29 17:06:30.462781,,,
U002532,organico,login,2024-03-31 06:38:27.080294,,,
U002532,organico,view_service,2024-03-31 12:54:13.914675,,,
U002533,organico,signup,2024-03-15 19:06:19.384472,,,
U002533,organico,login,2024-03-17 04:58:26.863540,,,
U002533,organico,view_service,2024-03-18 03:49:14.080607,,,
U002534,pagado,signup,2024-01-30 02:47:07.647448,,,
U002534,pagado,login,2024-01-30 05:04:00.767788,,,
U002534,pagado,view_service,2024-01-31 04:24:31.016019,,,
U002534,pagado,start_application,2024-02-02 02:07:21.015277,,,
U002534,pagado,complete_kyc,2024-02-03 23:33:47.134171,,,kyc_approved
U002534,pagado,first_transaction,2024-02-04 08:50:19.748547,40.14,False,
U002534,pagado,repeat_transaction,2024-02-10 12:48:37.304023,14.8,False,
U002534,pagado,repeat_transaction,2024-02-19 05:16:55.949415,20.72,False,
U002534,pagado,repeat_transaction,2024-02-21 09:00:28.056213,43.15,False,
U002534,pagado,repeat_transaction,2024-02-24 01:33:09.729557,85.7,False,
U002534,pagado,repeat_transaction,2024-02-29 12:35:49.276556,113.43,False,
U002534,pagado,repeat_transaction,2024-03-03 08:51:43.454664,63.16,False,
U002534,pagado,repeat_transaction,2024-03-05 07:25:42.055432,44.75,False,
U002534,pagado,repeat_transaction,2024-03-06 21:45:30.656940,61.82,False,
U002534,pagado,repeat_transaction,2024-03-08 02:15:13.048119,22.95,False,
U002534,pagado,repeat_transaction,2024-03-09 02:40:24.927323,32.88,True,
U002535,organico,signup,2024-01-20 04:03:56.554085,,,
U002536,organico,signup,2024-01-29 08:36:45.286957,,,
U002537,organico,signup,2024-02-13 10:33:09.738068,,,
U002537,organico,login,2024-02-13 14:19:45.398531,,,
U002537,organico,view_service,2024-02-14 08:41:00.990233,,,
U002538,pagado,signup,2024-02-23 21:09:42.818229,,,
U002538,pagado,login,2024-02-24 19:00:22.859255,,,
U002538,pagado,view_service,2024-02-25 12:40:21.976149,,,
U002539,referido,signup,2024-01-22 01:50:32.466121,,,
U002539,referido,login,2024-01-22 12:08:56.523657,,,
U002539,referido,view_service,2024-01-23 00:57:54.463670,,,
U002540,pagado,signup,2024-02-29 16:33:32.200748,,,
U002540,pagado,login,2024-03-01 03:25:40.966371,,,
U002540,pagado,view_service,2024-03-01 06:16:40.867561,,,
U002540,pagado,start_application,2024-03-02 06:56:16.104356,,,
U002540,pagado,complete_kyc,2024-03-04 07:18:40.081620,,,kyc_rejected
U002541,pagado,signup,2024-01-10 08:11:05.395669,,,
U002541,pagado,login,2024-01-10 21:43:23.325281,,,
U002541,pagado,view_service,2024-01-11 19:18:00.305417,,,
U002541,pagado,start_application,2024-01-14 16:33:23.074144,,,
U002541,pagado,complete_kyc,2024-01-17 00:19:33.526904,,,kyc_approved
U002541,pagado,first_transaction,2024-01-18 08:52:13.310805,20.56,False,
U002541,pagado,repeat_transaction,2024-01-22 12:00:10.562620,15.27,False,
U002541,pagado,repeat_transaction,2024-01-26 08:54:23.666471,46.22,False,
U002542,organico,signup,2024-02-22 22:51:56.972477,,,
U002542,organico,login,2024-02-24 06:39:36.189199,,,
U002542,organico,view_service,2024-02-24 07:29:58.706415,,,
U002543,pagado,signup,2024-02-11 23:59:18.396278,,,
U002543,pagado,login,2024-02-12 19:45:18.492167,,,
U002543,pagado,view_service,2024-02-13 16:06:04.767685,,,
U002544,organico,signup,2024-01-09 01:52:55.856254,,,
U002544,organico,login,2024-01-09 10:53:14.417219,,,
U002544,organico,view_service,2024-01-09 19:13:58.035142,,,
U002545,organico,signup,2024-02-01 12:15:38.116782,,,
U002545,organico,login,2024-02-03 00:43:55.449816,,,
U002545,organico,view_service,2024-02-03 18:57:23.043961,,,
U002546,pagado,signup,2024-02-16 19:49:11.370779,,,
U002546,pagado,login,2024-02-18 13:54:54.186413,,,
U002546,pagado,view_service,2024-02-19 11:27:35.598216,,,
U002546,pagado,start_application,2024-02-22 09:32:59.013637,,,
U002546,pagado,complete_kyc,2024-02-22 20:09:31.314997,,,kyc_rejected
U002547,pagado,signup,2024-02-12 03:18:17.965379,,,
U002547,pagado,login,2024-02-12 04:26:33.729834,,,
U002548,organico,signup,2024-03-10 10:49:56.519459,,,
U002548,organico,login,2024-03-11 06:12:49.215420,,,
U002548,organico,view_service,2024-03-11 15:03:17.216260,,,
U002549,pagado,signup,2024-03-22 14:31:04.418518,,,
U002549,pagado,login,2024-03-23 23:51:47.478276,,,
U002549,pagado,view_service,2024-03-24 10:09:08.542608,,,
U002550,pagado,signup,2024-01-25 09:55:27.766133,,,
U002550,pagado,login,2024-01-26 00:01:39.653919,,,
U002551,referido,signup,2024-02-13 10:00:01.746354,,,
U002551,referido,login,2024-02-14 08:17:13.522085,,,
U002552,organico,signup,2024-01-16 14:18:10.918872,,,
U002552,organico,login,2024-01-17 04:28:26.491711,,,
U002553,organico,signup,2024-01-24 07:01:21.700057,,,
U002553,organico,login,2024-01-25 08:30:54.144397,,,
U002554,referido,signup,2024-03-01 09:51:10.207861,,,
U002554,referido,login,2024-03-02 22:06:21.485846,,,
U002554,referido,view_service,2024-03-02 23:31:20.081097,,,
U002555,organico,signup,2024-03-31 05:42:34.482799,,,
U002555,organico,login,2024-04-01 17:17:18.422144,,,
U002556,pagado,signup,2024-01-26 08:13:06.987330,,,
U002556,pagado,login,2024-01-26 21:51:02.991839,,,
U002556,pagado,view_service,2024-01-27 00:25:20.414930,,,
U002557,organico,signup,2024-01-10 19:37:56.330592,,,
U002557,organico,login,2024-01-11 07:35:08.425641,,,
U002558,referido,signup,2024-03-04 20:32:52.945282,,,
U002558,referido,login,2024-03-05 04:36:06.799651,,,
U002558,referido,view_service,2024-03-05 06:35:02.491316,,,
U002559,organico,signup,2024-01-24 08:35:12.006342,,,
U002559,organico,login,2024-01-25 19:35:52.701817,,,
U002559,organico,view_service,2024-01-26 16:55:21.877453,,,
U002560,organico,signup,2024-01-05 08:42:10.091062,,,
U002560,organico,login,2024-01-05 18:51:39.893883,,,
U002560,organico,view_service,2024-01-05 21:06:01.228982,,,
U002561,organico,signup,2024-01-13 22:25:07.474794,,,
U002561,organico,login,2024-01-14 03:57:26.768175,,,
U002562,referido,signup,2024-02-28 15:14:03.434414,,,
U002562,referido,login,2024-03-01 02:38:12.637997,,,
U002562,referido,view_service,2024-03-01 07:34:13.139021,,,
U002563,organico,signup,2024-01-26 11:26:33.984002,,,
U002563,organico,login,2024-01-27 18:52:07.301477,,,
U002564,pagado,signup,2024-02-04 02:21:53.224572,,,
U002564,pagado,login,2024-02-05 15:35:06.432681,,,
U002564,pagado,view_service,2024-02-06 11:34:26.245730,,,
U002564,pagado,start_application,2024-02-08 12:57:20.206538,,,
U002564,pagado,complete_kyc,2024-02-11 05:15:24.553248,,,kyc_approved
U002564,pagado,first_transaction,2024-02-11 20:15:27.709353,41.67,False,
U002564,pagado,repeat_transaction,2024-02-13 14:40:34.541208,59.23,False,
U002564,pagado,repeat_transaction,2024-02-22 01:18:53.919366,53.64,False,
U002564,pagado,repeat_transaction,2024-02-27 00:03:00.202360,43.37,False,
U002564,pagado,repeat_transaction,2024-03-06 21:40:30.160851,54.03,False,
U002564,pagado,repeat_transaction,2024-03-09 06:59:14.572447,35.52,False,
U002564,pagado,repeat_transaction,2024-03-16 18:28:19.551180,48.86,False,
U002564,pagado,repeat_transaction,2024-03-18 07:26:16.024815,22.01,False,
U002564,pagado,repeat_transaction,2024-03-26 23:21:53.607683,47.41,False,
U002564,pagado,repeat_transaction,2024-04-04 15:25:05.829745,58.43,False,
U002564,pagado,repeat_transaction,2024-04-05 22:12:02.038262,22.9,False,
U002564,pagado,repeat_transaction,2024-04-08 03:03:03.279301,37.95,False,
U002564,pagado,repeat_transaction,2024-04-12 11:03:55.960035,23.65,False,
U002565,organico,signup,2024-03-26 07:10:17.811730,,,
U002565,organico,login,2024-03-26 08:43:15.816435,,,
U002565,organico,view_service,2024-03-27 04:04:17.498740,,,
U002565,organico,start_application,2024-03-29 18:55:48.173135,,,
U002565,organico,complete_kyc,2024-04-01 15:48:53.536520,,,kyc_approved
U002565,organico,first_transaction,2024-04-03 10:11:15.226962,25.32,False,
U002565,organico,repeat_transaction,2024-04-07 16:06:05.035498,16.65,False,
U002565,organico,repeat_transaction,2024-04-16 01:44:57.595384,88.77,False,
U002565,organico,repeat_transaction,2024-04-20 07:06:18.343512,77.17,False,
U002565,organico,repeat_transaction,2024-04-27 14:34:16.263473,53.31,False,
U002566,organico,signup,2024-01-26 09:30:31.585308,,,
U002566,organico,login,2024-01-28 00:15:04.536065,,,
U002566,organico,view_service,2024-01-28 00:30:35.435805,,,
U002567,referido,signup,2024-03-25 13:02:58.756901,,,
U002567,referido,login,2024-03-27 00:40:40.191133,,,
U002567,referido,view_service,2024-03-27 20:02:13.119800,,,
U002568,organico,signup,2024-02-22 12:36:59.895293,,,
U002568,organico,login,2024-02-23 06:54:39.350999,,,
U002568,organico,view_service,2024-02-23 10:18:25.453839,,,
U002568,organico,start_application,2024-02-25 23:15:59.004711,,,
U002568,organico,complete_kyc,2024-02-26 02:05:33.049578,,,kyc_approved
U002568,organico,first_transaction,2024-02-27 16:58:59.477372,145.55,False,
U002568,organico,repeat_transaction,2024-02-29 02:23:03.291924,32.06,False,
U002568,organico,repeat_transaction,2024-03-01 15:26:26.546394,305.59,False,
U002568,organico,repeat_transaction,2024-03-08 04:10:18.866980,31.21,False,
U002568,organico,repeat_transaction,2024-03-11 04:14:35.889298,43.76,False,
U002568,organico,repeat_transaction,2024-03-18 20:46:07.304952,27.7,False,
U002568,organico,repeat_transaction,2024-03-23 19:53:11.408164,47.5,False,
U002568,organico,repeat_transaction,2024-04-02 09:33:41.470793,65.69,False,
U002569,referido,signup,2024-03-14 04:01:44.311012,,,
U002569,referido,login,2024-03-14 23:00:47.377405,,,
U002569,referido,view_service,2024-03-15 02:13:02.226738,,,
U002569,referido,start_application,2024-03-17 13:39:05.258561,,,
U002569,referido,complete_kyc,2024-03-20 13:43:50.019880,,,kyc_rejected
U002570,pagado,signup,2024-01-29 10:00:46.932750,,,
U002570,pagado,login,2024-01-29 22:30:09.688113,,,
U002570,pagado,view_service,2024-01-30 02:15:15.404480,,,
U002571,organico,signup,2024-03-03 22:53:38.114792,,,
U002571,organico,login,2024-03-05 03:19:41.606149,,,
U002571,organico,view_service,2024-03-05 13:17:48.711244,,,
U002571,organico,start_application,2024-03-08 08:00:32.598457,,,
U002571,organico,complete_kyc,2024-03-09 13:45:36.546930,,,kyc_approved
U002572,pagado,signup,2024-01-12 21:16:20.060070,,,
U002572,pagado,login,2024-01-14 07:21:48.753055,,,
U002572,pagado,view_service,2024-01-15 00:50:46.584004,,,
U002573,organico,signup,2024-03-08 04:05:18.912599,,,
U002573,organico,login,2024-03-09 12:53:36.652928,,,
U002574,organico,signup,2024-03-24 18:08:51.659335,,,
U002574,organico,login,2024-03-26 09:19:11.187727,,,
U002574,organico,view_service,2024-03-27 03:43:34.123889,,,
U002574,organico,start_application,2024-03-27 06:44:00.300865,,,
U002574,organico,complete_kyc,2024-03-30 04:47:44.545787,,,kyc_approved
U002574,organico,first_transaction,2024-03-30 09:39:07.685785,33.79,False,
U002574,organico,repeat_transaction,2024-04-01 02:48:51.971296,126.94,False,
U002574,organico,repeat_transaction,2024-04-02 06:15:02.204357,43.27,True,
U002574,organico,repeat_transaction,2024-04-04 11:35:44.826754,44.23,False,
U002574,organico,repeat_transaction,2024-04-06 15:56:50.242190,19.37,False,
U002574,organico,repeat_transaction,2024-04-09 02:55:31.096644,49.06,False,
U002574,organico,repeat_transaction,2024-04-15 23:17:33.991717,33.32,False,
U002574,organico,repeat_transaction,2024-04-20 00:24:39.353131,23.91,False,
U002574,organico,repeat_transaction,2024-04-28 03:43:46.252091,21.25,False,
U002574,organico,repeat_transaction,2024-05-07 22:49:36.859165,237.52,False,
U002575,organico,signup,2024-03-26 05:35:08.693172,,,
U002575,organico,login,2024-03-26 15:33:59.275512,,,
U002575,organico,view_service,2024-03-27 08:21:45.325309,,,
U002575,organico,start_application,2024-03-29 14:31:55.203371,,,
U002575,organico,complete_kyc,2024-04-01 21:20:03.551052,,,kyc_rejected
U002576,organico,signup,2024-03-07 23:02:23.898106,,,
U002577,pagado,signup,2024-03-11 20:30:51.374823,,,
U002578,organico,signup,2024-01-03 10:51:02.395031,,,
U002578,organico,login,2024-01-03 14:11:38.692729,,,
U002578,organico,view_service,2024-01-04 05:17:07.613359,,,
U002578,organico,start_application,2024-01-07 05:02:46.132697,,,
U002578,organico,complete_kyc,2024-01-09 07:23:23.962295,,,kyc_rejected
U002579,pagado,signup,2024-03-13 19:52:20.530877,,,
U002579,pagado,login,2024-03-15 13:51:54.203204,,,
U002579,pagado,view_service,2024-03-16 11:31:56.713142,,,
U002580,organico,signup,2024-01-04 13:15:46.108709,,,
U002580,organico,login,2024-01-04 16:29:59.780595,,,
U002580,organico,view_service,2024-01-04 17:16:34.074517,,,
U002581,referido,signup,2024-02-13 21:16:36.240835,,,
U002581,referido,login,2024-02-14 03:36:44.274189,,,
U002581,referido,view_service,2024-02-14 08:16:44.908383,,,
U002582,referido,signup,2024-03-09 07:17:54.909657,,,
U002583,organico,signup,2024-03-04 19:11:11.666397,,,
U002583,organico,login,2024-03-06 11:01:03.137536,,,
U002583,organico,view_service,2024-03-06 23:39:10.488508,,,
U002584,pagado,signup,2024-01-02 01:58:11.321277,,,
U002584,pagado,login,2024-01-03 09:27:15.543614,,,
U002584,pagado,view_service,2024-01-04 06:22:28.601693,,,
U002585,organico,signup,2024-02-24 08:14:36.210340,,,
U002585,organico,login,2024-02-25 12:54:06.485935,,,
U002585,organico,view_service,2024-02-25 20:41:45.636997,,,
U002586,organico,signup,2024-01-23 04:29:45.759199,,,
U002586,organico,login,2024-01-24 17:56:48.460492,,,
U002586,organico,view_service,2024-01-25 11:16:43.191706,,,
U002587,organico,signup,2024-02-04 06:13:51.059320,,,
U002587,organico,login,2024-02-04 06:59:23.937635,,,
U002588,pagado,signup,2024-01-07 12:51:32.180601,,,
U002588,pagado,login,2024-01-09 09:56:06.269793,,,
U002588,pagado,view_service,2024-01-09 10:16:02.565367,,,
U002589,pagado,signup,2024-01-13 04:18:54.556268,,,
U002589,pagado,login,2024-01-14 10:21:56.709612,,,
U002589,pagado,view_service,2024-01-15 01:58:27.457923,,,
U002590,pagado,signup,2024-01-31 21:23:49.346954,,,
U002591,pagado,signup,2024-02-22 20:24:51.767028,,,
U002591,pagado,login,2024-02-24 12:12:57.808007,,,
U002591,pagado,view_service,2024-02-25 09:51:04.180357,,,
U002591,pagado,start_application,2024-02-27 06:40:29.017637,,,
U002591,pagado,complete_kyc,2024-02-29 23:50:34.770338,,,kyc_approved
U002591,pagado,first_transaction,2024-03-01 20:30:14.390078,30.43,False,
U002591,pagado,repeat_transaction,2024-03-05 10:43:08.537551,13.2,False,
U002591,pagado,repeat_transaction,2024-03-06 19:13:14.963551,22.45,False,
U002592,referido,signup,2024-02-29 21:17:58.180803,,,
U002592,referido,login,2024-03-02 06:03:58.640887,,,
U002592,referido,view_service,2024-03-03 03:49:51.292076,,,
U002592,referido,start_application,2024-03-04 14:56:44.802927,,,
U002592,referido,complete_kyc,2024-03-06 04:18:54.313919,,,kyc_approved
U002593,pagado,signup,2024-01-20 16:20:47.021082,,,
U002593,pagado,login,2024-01-22 10:32:30.737000,,,
U002594,pagado,signup,2024-02-05 05:53:52.584823,,,
U002594,pagado,login,2024-02-06 14:30:42.167517,,,
U002594,pagado,view_service,2024-02-07 07:12:22.987114,,,
U002595,pagado,signup,2024-03-20 12:52:32.355712,,,
U002595,pagado,login,2024-03-21 04:02:53.269337,,,
U002595,pagado,view_service,2024-03-21 05:54:12.215996,,,
U002596,organico,signup,2024-03-01 01:03:11.862551,,,
U002596,organico,login,2024-03-01 21:41:32.662868,,,
U002597,pagado,signup,2024-02-27 21:16:25.021626,,,
U002597,pagado,login,2024-02-28 12:33:33.863571,,,
U002597,pagado,view_service,2024-02-28 13:51:50.489529,,,
U002598,organico,signup,2024-01-21 23:48:29.688365,,,
U002598,organico,login,2024-01-23 08:16:42.676052,,,
U002598,organico,view_service,2024-01-24 08:14:19.754217,,,
U002599,organico,signup,2024-01-25 03:40:01.915746,,,
U002599,organico,login,2024-01-25 03:53:54.911041,,,
U002599,organico,view_service,2024-01-25 18:59:44.020650,,,
U002599,organico,start_application,2024-01-26 19:52:10.078983,,,
U002599,organico,complete_kyc,2024-01-30 00:56:29.173081,,,kyc_approved
U002599,organico,first_transaction,2024-01-31 14:42:30.502154,35.3,False,
U002599,organico,repeat_transaction,2024-02-09 17:42:21.779163,53.66,False,
U002599,organico,repeat_transaction,2024-02-11 04:32:37.252757,53.97,False,
U002599,organico,repeat_transaction,2024-02-19 04:28:10.080576,58.77,False,
U002599,organico,repeat_transaction,2024-02-26 04:48:25.975310,23.3,False,
U002599,organico,repeat_transaction,2024-02-28 15:09:31.933694,46.45,False,
U002599,organico,repeat_transaction,2024-03-09 07:21:40.540804,19.82,False,
U002599,organico,repeat_transaction,2024-03-11 08:48:29.455472,23.72,False,
U002599,organico,repeat_transaction,2024-03-20 09:16:11.164007,19.25,False,
U002599,organico,repeat_transaction,2024-03-30 06:53:43.294315,15.93,False,
U002599,organico,repeat_transaction,2024-04-02 12:42:56.401533,77.09,False,
U002599,organico,repeat_transaction,2024-04-10 13:17:17.592733,59.27,False,
U002599,organico,repeat_transaction,2024-04-16 02:34:22.321951,72.51,False,
U002600,pagado,signup,2024-01-12 14:19:08.892609,,,
U002600,pagado,login,2024-01-14 03:34:12.170183,,,
U002600,pagado,view_service,2024-01-14 03:47:07.710181,,,
U002601,pagado,signup,2024-01-02 22:45:01.405129,,,
U002601,pagado,login,2024-01-03 09:02:46.534917,,,
U002601,pagado,view_service,2024-01-03 10:12:07.979243,,,
U002602,organico,signup,2024-03-30 14:53:02.994025,,,
U002602,organico,login,2024-03-30 20:58:19.695827,,,
U002602,organico,view_service,2024-03-31 07:24:31.842031,,,
U002603,organico,signup,2024-03-22 16:54:14.039133,,,
U002603,organico,login,2024-03-24 07:27:11.821360,,,
U002604,organico,signup,2024-02-15 21:26:52.315240,,,
U002604,organico,login,2024-02-17 18:30:31.630885,,,
U002604,organico,view_service,2024-02-18 01:13:00.486652,,,
U002604,organico,start_application,2024-02-20 16:00:17.780029,,,
U002604,organico,complete_kyc,2024-02-20 19:30:08.567012,,,kyc_approved
U002604,organico,first_transaction,2024-02-21 23:55:24.253278,37.62,False,
U002605,referido,signup,2024-03-22 12:57:40.986709,,,
U002605,referido,login,2024-03-23 20:41:26.142987,,,
U002605,referido,view_service,2024-03-24 17:02:26.199345,,,
U002605,referido,start_application,2024-03-26 05:21:32.698097,,,
U002605,referido,complete_kyc,2024-03-29 00:57:03.969613,,,kyc_approved
U002606,referido,signup,2024-03-22 23:47:05.274295,,,
U002606,referido,login,2024-03-24 11:17:07.632449,,,
U002606,referido,view_service,2024-03-24 20:18:30.498292,,,
U002607,organico,signup,2024-02-16 00:28:11.794941,,,
U002607,organico,login,2024-02-17 18:50:09.175251,,,
U002607,organico,view_service,2024-02-18 00:53:23.886669,,,
U002608,pagado,signup,2024-02-16 05:23:09.064805,,,
U002608,pagado,login,2024-02-17 08:52:56.715913,,,
U002608,pagado,view_service,2024-02-17 12:47:21.000280,,,
U002608,pagado,start_application,2024-02-18 04:37:15.907158,,,
U002608,pagado,complete_kyc,2024-02-21 16:09:36.511059,,,kyc_approved
U002608,pagado,first_transaction,2024-02-23 08:32:03.813960,63.04,False,
U002608,pagado,repeat_transaction,2024-03-02 10:11:53.432948,10.67,True,
U002608,pagado,repeat_transaction,2024-03-09 17:06:44.345309,66.96,False,
U002608,pagado,repeat_transaction,2024-03-18 11:07:26.789483,41.43,False,
U002608,pagado,repeat_transaction,2024-03-25 17:28:07.572331,56.77,False,
U002608,pagado,repeat_transaction,2024-03-29 04:27:33.529863,47.75,False,
U002608,pagado,repeat_transaction,2024-04-07 11:49:34.858567,18.34,False,
U002608,pagado,repeat_transaction,2024-04-12 13:45:22.621687,12.82,False,
U002608,pagado,repeat_transaction,2024-04-14 05:06:27.577382,22.23,False,
U002608,pagado,repeat_transaction,2024-04-21 05:07:35.338603,54.35,False,
U002608,pagado,repeat_transaction,2024-04-30 18:27:33.556589,59.33,False,
U002609,organico,signup,2024-01-02 22:50:19.978172,,,
U002609,organico,login,2024-01-04 02:33:51.344102,,,
U002610,organico,signup,2024-03-16 00:02:06.223797,,,
U002610,organico,login,2024-03-17 20:13:58.825709,,,
U002611,referido,signup,2024-03-10 01:33:09.243308,,,
U002611,referido,login,2024-03-10 22:23:39.833692,,,
U002611,referido,view_service,2024-03-11 04:28:22.089487,,,
U002612,organico,signup,2024-02-02 18:13:31.742330,,,
U002612,organico,login,2024-02-04 11:02:03.015685,,,
U002612,organico,view_service,2024-02-04 21:31:16.858152,,,
U002612,organico,start_application,2024-02-05 20:40:35.270391,,,
U002612,organico,complete_kyc,2024-02-06 14:50:53.894039,,,kyc_approved
U002612,organico,first_transaction,2024-02-07 18:24:21.042360,14.05,False,
U002612,organico,repeat_transaction,2024-02-14 02:33:19.179120,18.42,False,
U002612,organico,repeat_transaction,2024-02-24 01:42:21.750066,22.06,False,
U002612,organico,repeat_transaction,2024-02-27 18:18:31.222639,28.5,False,
U002613,organico,signup,2024-03-04 17:23:51.570189,,,
U002613,organico,login,2024-03-05 19:10:55.580881,,,
U002614,organico,signup,2024-02-19 03:24:20.997457,,,
U002614,organico,login,2024-02-20 17:50:43.069357,,,
U002614,organico,view_service,2024-02-21 03:49:54.504022,,,
U002615,organico,signup,2024-01-05 12:43:37.739601,,,
U002615,organico,login,2024-01-05 15:29:27.078331,,,
U002615,organico,view_service,2024-01-06 08:13:01.864024,,,
U002616,pagado,signup,2024-01-24 08:04:49.293054,,,
U002616,pagado,login,2024-01-24 13:32:49.178439,,,
U002617,organico,signup,2024-01-04 06:49:27.235111,,,
U002617,organico,login,2024-01-05 07:58:45.461259,,,
U002617,organico,view_service,2024-01-05 11:13:29.772893,,,
U002617,organico,start_application,2024-01-05 22:21:36.460256,,,
U002617,organico,complete_kyc,2024-01-07 12:21:45.132937,,,kyc_approved
U002617,organico,first_transaction,2024-01-08 08:12:02.164382,14.11,False,
U002617,organico,repeat_transaction,2024-01-15 17:01:22.978685,13.53,False,
U002617,organico,repeat_transaction,2024-01-19 13:34:38.631664,20.59,False,
U002617,organico,repeat_transaction,2024-01-29 04:25:44.075656,38.88,False,
U002617,organico,repeat_transaction,2024-01-31 23:34:05.467114,16.02,False,
U002617,organico,repeat_transaction,2024-02-08 09:29:38.133699,33.75,False,
U002617,organico,repeat_transaction,2024-02-11 13:39:56.447220,76.78,False,
U002617,organico,repeat_transaction,2024-02-16 03:30:27.675527,14.71,False,
U002617,organico,repeat_transaction,2024-02-22 16:54:55.257705,31.67,False,
U002618,organico,signup,2024-03-14 20:39:20.136100,,,
U002618,organico,login,2024-03-16 04:34:31.081912,,,
U002618,organico,view_service,2024-03-16 20:16:20.878007,,,
U002619,organico,signup,2024-03-04 07:55:52.027555,,,
U002619,organico,login,2024-03-05 19:57:17.224519,,,
U002620,pagado,signup,2024-03-24 21:12:24.937598,,,
U002620,pagado,login,2024-03-26 02:10:44.406365,,,
U002620,pagado,view_service,2024-03-26 12:18:34.846321,,,
U002621,pagado,signup,2024-02-07 06:51:00.128942,,,
U002621,pagado,login,2024-02-08 03:37:27.680599,,,
U002622,pagado,signup,2024-02-15 06:17:19.318060,,,
U002622,pagado,login,2024-02-16 17:12:23.509584,,,
U002622,pagado,view_service,2024-02-17 16:53:08.445265,,,
U002622,pagado,start_application,2024-02-20 08:05:38.972671,,,
U002622,pagado,complete_kyc,2024-02-20 21:06:56.715025,,,kyc_rejected
U002623,pagado,signup,2024-02-15 13:52:07.632819,,,
U002623,pagado,login,2024-02-17 13:42:57.211544,,,
U002623,pagado,view_service,2024-02-18 07:01:01.304268,,,
U002624,organico,signup,2024-01-03 08:27:42.887104,,,
U002624,organico,login,2024-01-05 04:23:43.932674,,,
U002624,organico,view_service,2024-01-06 01:03:12.402381,,,
U002624,organico,start_application,2024-01-06 06:33:45.328794,,,
U002624,organico,complete_kyc,2024-01-06 11:01:21.227719,,,kyc_approved
U002624,organico,first_transaction,2024-01-08 01:16:31.364394,74.99,False,
U002624,organico,repeat_transaction,2024-01-11 11:44:18.087630,27.31,False,
U002624,organico,repeat_transaction,2024-01-13 20:14:50.276705,24.49,False,
U002624,organico,repeat_transaction,2024-01-17 20:56:56.208738,82.64,False,
U002624,organico,repeat_transaction,2024-01-24 13:29:51.349773,29.54,False,
U002624,organico,repeat_transaction,2024-01-27 11:19:09.537626,79.29,False,
U002624,organico,repeat_transaction,2024-01-28 19:11:48.261906,49.42,False,
U002624,organico,repeat_transaction,2024-01-31 11:56:11.850116,28.79,False,
U002624,organico,repeat_transaction,2024-02-02 15:38:00.960889,51.2,False,
U002624,organico,repeat_transaction,2024-02-08 11:56:27.452674,45.8,False,
U002624,organico,repeat_transaction,2024-02-09 15:04:17.595923,74.79,False,
U002624,organico,repeat_transaction,2024-02-15 01:53:13.233666,24.93,False,
U002624,organico,repeat_transaction,2024-02-23 18:35:39.985991,37.67,False,
U002625,pagado,signup,2024-01-08 04:08:47.610957,,,
U002625,pagado,login,2024-01-08 17:48:22.348961,,,
U002625,pagado,view_service,2024-01-09 11:53:28.038116,,,
U002625,pagado,start_application,2024-01-10 23:04:05.505483,,,
U002625,pagado,complete_kyc,2024-01-12 10:48:52.655566,,,kyc_approved
U002625,pagado,first_transaction,2024-01-12 21:05:11.708214,35.06,False,
U002626,pagado,signup,2024-03-19 14:05:02.237657,,,
U002626,pagado,login,2024-03-20 12:29:15.581925,,,
U002626,pagado,view_service,2024-03-20 19:00:00.303620,,,
U002626,pagado,start_application,2024-03-23 03:44:17.587120,,,
U002626,pagado,complete_kyc,2024-03-23 12:27:17.792565,,,kyc_rejected
U002627,organico,signup,2024-02-15 05:58:12.634959,,,
U002627,organico,login,2024-02-16 15:43:29.716417,,,
U002627,organico,view_service,2024-02-17 14:00:54.981144,,,
U002628,organico,signup,2024-02-27 21:13:48.775784,,,
U002628,organico,login,2024-02-28 18:26:46.539552,,,
U002628,organico,view_service,2024-02-28 21:32:40.086057,,,
U002628,organico,start_application,2024-03-02 17:44:05.087145,,,
U002628,organico,complete_kyc,2024-03-04 02:28:15.889440,,,kyc_approved
U002629,organico,signup,2024-03-26 13:32:58.928448,,,
U002629,organico,login,2024-03-27 05:54:57.075990,,,
U002629,organico,view_service,2024-03-27 19:51:33.102193,,,
U002630,pagado,signup,2024-03-20 21:41:26.105683,,,
U002630,pagado,login,2024-03-22 13:39:22.532053,,,
U002631,organico,signup,2024-03-26 03:13:48.933879,,,
U002631,organico,login,2024-03-26 13:59:31.221026,,,
U002631,organico,view_service,2024-03-26 15:15:08.709461,,,
U002631,organico,start_application,2024-03-28 11:50:20.811606,,,
U002631,organico,complete_kyc,2024-03-31 11:05:26.698264,,,kyc_rejected
U002632,pagado,signup,2024-01-31 22:21:26.299643,,,
U002632,pagado,login,2024-02-01 07:30:27.771932,,,
U002632,pagado,view_service,2024-02-02 03:29:22.950102,,,
U002632,pagado,start_application,2024-02-02 13:03:05.641491,,,
U002632,pagado,complete_kyc,2024-02-06 00:08:47.346019,,,kyc_rejected
U002633,organico,signup,2024-03-25 09:28:43.663907,,,
U002634,organico,signup,2024-01-24 12:21:06.080021,,,
U002634,organico,login,2024-01-26 08:31:25.673377,,,
U002635,pagado,signup,2024-01-10 07:46:52.288322,,,
U002635,pagado,login,2024-01-12 06:58:04.974283,,,
U002635,pagado,view_service,2024-01-13 05:11:56.678422,,,
U002635,pagado,start_application,2024-01-15 04:16:54.284733,,,
U002635,pagado,complete_kyc,2024-01-17 21:03:02.948400,,,kyc_approved
U002635,pagado,first_transaction,2024-01-19 07:30:06.815159,59.91,False,
U002635,pagado,repeat_transaction,2024-01-28 04:50:13.912818,17.86,False,
U002635,pagado,repeat_transaction,2024-01-31 19:29:56.758291,74.58,False,
U002635,pagado,repeat_transaction,2024-02-03 06:08:18.979659,50.73,False,
U002635,pagado,repeat_transaction,2024-02-11 12:44:42.746788,14.56,False,
U002635,pagado,repeat_transaction,2024-02-13 08:48:45.450189,85.27,False,
U002636,pagado,signup,2024-02-12 20:31:30.584076,,,
U002637,organico,signup,2024-02-16 08:08:50.156850,,,
U002637,organico,login,2024-02-17 14:17:24.503658,,,
U002638,referido,signup,2024-03-25 06:37:49.899900,,,
U002638,referido,login,2024-03-27 02:36:25.247438,,,
U002638,referido,view_service,2024-03-27 20:38:02.828506,,,
U002638,referido,start_application,2024-03-27 21:45:35.111976,,,
U002638,referido,complete_kyc,2024-03-30 06:24:50.054963,,,kyc_rejected
U002639,pagado,signup,2024-01-22 00:41:49.517807,,,
U002639,pagado,login,2024-01-22 21:06:46.249189,,,
U002640,referido,signup,2024-03-21 21:46:46.081044,,,
U002640,referido,login,2024-03-22 20:50:39.714641,,,
U002640,referido,view_service,2024-03-23 04:17:47.401633,,,
U002641,organico,signup,2024-01-22 12:45:19.606624,,,
U002641,organico,login,2024-01-24 02:38:46.574339,,,
U002642,organico,signup,2024-03-20 00:47:08.394872,,,
U002642,organico,login,2024-03-20 15:05:48.982543,,,
U002642,organico,view_service,2024-03-20 19:57:12.993073,,,
U002642,organico,start_application,2024-03-21 18:31:48.617464,,,
U002642,organico,complete_kyc,2024-03-22 14:30:48.284229,,,kyc_rejected
U002643,pagado,signup,2024-03-16 02:25:25.709843,,,
U002643,pagado,login,2024-03-18 02:03:34.129326,,,
U002643,pagado,view_service,2024-03-18 18:15:59.800025,,,
U002643,pagado,start_application,2024-03-21 05:06:35.392798,,,
U002643,pagado,complete_kyc,2024-03-22 16:04:43.365905,,,kyc_approved
U002643,pagado,first_transaction,2024-03-23 11:54:21.237832,174.84,False,
U002644,referido,signup,2024-03-24 21:10:59.638832,,,
U002644,referido,login,2024-03-25 04:37:59.903934,,,
U002644,referido,view_service,2024-03-25 14:08:50.731685,,,
U002644,referido,start_application,2024-03-26 08:40:28.083414,,,
U002644,referido,complete_kyc,2024-03-26 22:30:47.233978,,,kyc_approved
U002644,referido,first_transaction,2024-03-28 21:06:45.424031,73.79,False,
U002644,referido,repeat_transaction,2024-04-01 22:13:51.942800,99.37,False,
U002644,referido,repeat_transaction,2024-04-08 05:12:42.348084,38.85,False,
U002644,referido,repeat_transaction,2024-04-15 16:48:20.481803,11.44,False,
U002644,referido,repeat_transaction,2024-04-17 20:59:07.541812,10.07,False,
U002644,referido,repeat_transaction,2024-04-22 14:14:21.744692,43.75,False,
U002645,organico,signup,2024-03-26 12:30:25.028367,,,
U002645,organico,login,2024-03-27 11:12:33.268143,,,
U002645,organico,view_service,2024-03-27 16:32:40.231946,,,
U002646,organico,signup,2024-02-21 11:35:04.104908,,,
U002646,organico,login,2024-02-22 18:15:45.358405,,,
U002646,organico,view_service,2024-02-23 15:41:16.016384,,,
U002647,pagado,signup,2024-01-17 14:17:36.776639,,,
U002647,pagado,login,2024-01-18 22:39:50.991317,,,
U002648,organico,signup,2024-02-06 14:29:59.610558,,,
U002648,organico,login,2024-02-07 11:19:02.997002,,,
U002648,organico,view_service,2024-02-08 01:32:14.869237,,,
U002648,organico,start_application,2024-02-09 21:01:33.770854,,,
U002648,organico,complete_kyc,2024-02-13 13:29:44.383668,,,kyc_approved
U002649,pagado,signup,2024-03-01 19:34:55.213986,,,
U002649,pagado,login,2024-03-01 20:50:01.918937,,,
U002650,organico,signup,2024-01-16 07:52:24.639249,,,
U002650,organico,login,2024-01-17 13:04:33.357777,,,
U002650,organico,view_service,2024-01-17 18:26:32.561494,,,
U002651,pagado,signup,2024-03-03 18:22:38.491272,,,
U002651,pagado,login,2024-03-04 18:41:37.083702,,,
U002652,pagado,signup,2024-03-23 12:06:17.386885,,,
U002652,pagado,login,2024-03-24 04:12:46.468838,,,
U002652,pagado,view_service,2024-03-24 08:13:07.198471,,,
U002653,organico,signup,2024-02-05 23:30:57.265861,,,
U002653,organico,login,2024-02-07 12:53:06.173408,,,
U002653,organico,view_service,2024-02-08 06:31:26.881679,,,
U002653,organico,start_application,2024-02-09 00:14:35.003443,,,
U002653,organico,complete_kyc,2024-02-12 19:02:10.760623,,,kyc_approved
U002654,referido,signup,2024-03-16 09:49:08.540545,,,
U002655,pagado,signup,2024-01-26 12:29:06.057732,,,
U002655,pagado,login,2024-01-27 00:43:07.750125,,,
U002655,pagado,view_service,2024-01-27 21:47:31.816020,,,
U002656,organico,signup,2024-02-25 16:45:26.752557,,,
U002656,organico,login,2024-02-26 10:59:02.945611,,,
U002656,organico,view_service,2024-02-26 15:04:37.430864,,,
U002657,organico,signup,2024-02-14 08:36:24.901792,,,
U002657,organico,login,2024-02-14 20:42:34.944386,,,
U002658,organico,signup,2024-01-03 22:57:11.242832,,,
U002658,organico,login,2024-01-05 07:25:32.324928,,,
U002658,organico,view_service,2024-01-05 09:28:21.757961,,,
U002659,pagado,signup,2024-01-31 23:03:37.209336,,,
U002659,pagado,login,2024-02-01 01:24:50.507158,,,
U002659,pagado,view_service,2024-02-01 14:24:09.339488,,,
U002660,organico,signup,2024-01-11 09:10:29.660505,,,
U002660,organico,login,2024-01-12 20:46:42.462416,,,
U002660,organico,view_service,2024-01-13 06:54:26.255497,,,
U002660,organico,start_application,2024-01-13 16:43:46.601194,,,
U002660,organico,complete_kyc,2024-01-17 00:44:27.210239,,,kyc_rejected
U002661,organico,signup,2024-02-16 09:56:59.560294,,,
U002662,pagado,signup,2024-01-02 23:42:57.111398,,,
U002662,pagado,login,2024-01-04 14:07:34.371804,,,
U002662,pagado,view_service,2024-01-04 19:19:36.955824,,,
U002663,organico,signup,2024-01-05 10:11:01.938297,,,
U002663,organico,login,2024-01-05 17:33:36.006410,,,
U002663,organico,view_service,2024-01-05 22:16:35.748536,,,
U002664,organico,signup,2024-03-10 14:30:09.820787,,,
U002664,organico,login,2024-03-11 19:02:18.322288,,,
U002664,organico,view_service,2024-03-11 23:06:39.966392,,,
U002664,organico,start_application,2024-03-12 16:47:02.086965,,,
U002664,organico,complete_kyc,2024-03-14 21:44:19.097406,,,kyc_rejected
U002665,organico,signup,2024-01-05 06:13:13.658923,,,
U002665,organico,login,2024-01-07 01:18:49.899619,,,
U002666,organico,signup,2024-03-12 01:57:17.399589,,,
U002666,organico,login,2024-03-13 11:27:52.211066,,,
U002666,organico,view_service,2024-03-14 04:15:33.462693,,,
U002667,pagado,signup,2024-02-29 05:58:07.583818,,,
U002667,pagado,login,2024-03-01 23:41:06.811988,,,
U002668,referido,signup,2024-03-16 01:10:11.936205,,,
U002668,referido,login,2024-03-16 12:41:31.630222,,,
U002669,pagado,signup,2024-02-17 16:57:03.253381,,,
U002669,pagado,login,2024-02-18 08:01:30.783438,,,
U002669,pagado,view_service,2024-02-18 15:22:00.027634,,,
U002670,organico,signup,2024-03-29 22:21:44.472143,,,
U002670,organico,login,2024-03-29 22:58:45.929515,,,
U002670,organico,view_service,2024-03-30 11:47:44.525405,,,
U002670,organico,start_application,2024-03-30 14:16:52.511900,,,
U002670,organico,complete_kyc,2024-03-31 15:05:14.966165,,,kyc_approved
U002670,organico,first_transaction,2024-04-02 14:40:08.476113,24.18,False,
U002670,organico,repeat_transaction,2024-04-08 12:27:26.194069,19.29,False,
U002670,organico,repeat_transaction,2024-04-12 01:35:32.048966,35.03,False,
U002670,organico,repeat_transaction,2024-04-18 20:09:32.208828,56.31,False,
U002670,organico,repeat_transaction,2024-04-21 16:24:58.727620,13.24,False,
U002670,organico,repeat_transaction,2024-04-28 16:17:11.362225,26.73,True,
U002670,organico,repeat_transaction,2024-05-03 01:12:45.337999,105.31,False,
U002670,organico,repeat_transaction,2024-05-10 10:36:48.143246,17.24,False,
U002670,organico,repeat_transaction,2024-05-17 17:21:30.517711,67.28,False,
U002670,organico,repeat_transaction,2024-05-19 23:20:46.559405,26.07,False,
U002670,organico,repeat_transaction,2024-05-24 03:00:42.331038,53.63,False,
U002670,organico,repeat_transaction,2024-05-28 14:02:16.542734,78.9,False,
U002670,organico,repeat_transaction,2024-06-04 11:38:04.918654,61.49,False,
U002670,organico,repeat_transaction,2024-06-06 23:03:51.380032,69.16,False,
U002670,organico,repeat_transaction,2024-06-08 20:23:22.403689,16.34,False,
U002671,organico,signup,2024-01-22 05:59:59.939784,,,
U002671,organico,login,2024-01-23 17:59:29.225575,,,
U002671,organico,view_service,2024-01-24 04:43:17.665454,,,
U002671,organico,start_application,2024-01-26 14:34:19.176713,,,
U002671,organico,complete_kyc,2024-01-30 13:21:04.058921,,,kyc_approved
U002671,organico,first_transaction,2024-01-31 15:10:27.374178,79.8,False,
U002672,organico,signup,2024-01-31 02:53:19.949909,,,
U002672,organico,login,2024-02-01 15:06:21.849395,,,
U002672,organico,view_service,2024-02-01 20:45:25.421704,,,
U002672,organico,start_application,2024-02-02 09:09:37.209212,,,
U002672,organico,complete_kyc,2024-02-04 20:22:22.604397,,,kyc_approved
U002672,organico,first_transaction,2024-02-06 11:07:27.847896,20.15,False,
U002672,organico,repeat_transaction,2024-02-07 16:07:33.916263,43.89,False,
U002672,organico,repeat_transaction,2024-02-08 18:42:07.288454,43.85,False,
U002672,organico,repeat_transaction,2024-02-10 11:27:51.909989,51.4,False,
U002672,organico,repeat_transaction,2024-02-18 11:47:40.506668,46.33,False,
U002672,organico,repeat_transaction,2024-02-22 13:49:17.674248,20.27,False,
U002672,organico,repeat_transaction,2024-03-01 17:37:13.921694,14.23,True,
U002672,organico,repeat_transaction,2024-03-05 01:39:48.313196,67.4,False,
U002672,organico,repeat_transaction,2024-03-10 23:58:37.564790,41.68,False,
U002672,organico,repeat_transaction,2024-03-16 09:41:05.905194,81.82,False,
U002672,organico,repeat_transaction,2024-03-24 10:31:31.813847,35.47,False,
U002672,organico,repeat_transaction,2024-03-29 08:44:12.884262,13.69,False,
U002672,organico,repeat_transaction,2024-03-30 19:25:52.671481,71.97,True,
U002672,organico,repeat_transaction,2024-04-06 16:55:20.246708,28.24,False,
U002672,organico,repeat_transaction,2024-04-07 22:02:26.617640,46.5,False,
U002673,organico,signup,2024-01-23 05:36:58.693916,,,
U002673,organico,login,2024-01-25 00:57:32.351247,,,
U002673,organico,view_service,2024-01-25 11:53:44.723353,,,
U002674,organico,signup,2024-03-25 19:46:16.972407,,,
U002674,organico,login,2024-03-27 12:25:50.683097,,,
U002674,organico,view_service,2024-03-27 18:08:20.859515,,,
U002674,organico,start_application,2024-03-28 02:00:00.059779,,,
U002674,organico,complete_kyc,2024-03-31 02:15:33.609159,,,kyc_approved
U002674,organico,first_transaction,2024-03-31 03:41:08.194654,23.26,False,
U002675,pagado,signup,2024-01-09 04:30:07.837620,,,
U002675,pagado,login,2024-01-09 19:06:31.095199,,,
U002675,pagado,view_service,2024-01-09 20:41:47.795150,,,
U002676,pagado,signup,2024-01-09 01:49:52.864934,,,
U002676,pagado,login,2024-01-10 03:50:03.096731,,,
U002677,referido,signup,2024-02-22 22:03:20.638708,,,
U002678,pagado,signup,2024-01-10 22:55:18.198113,,,
U002678,pagado,login,2024-01-11 01:42:16.645384,,,
U002678,pagado,view_service,2024-01-11 16:13:27.748721,,,
U002678,pagado,start_application,2024-01-12 13:44:00.617960,,,
U002678,pagado,complete_kyc,2024-01-15 07:37:34.227423,,,kyc_rejected
U002679,pagado,signup,2024-03-01 07:24:09.540094,,,
U002679,pagado,login,2024-03-03 07:14:56.760137,,,
U002680,organico,signup,2024-03-05 00:47:27.460961,,,
U002680,organico,login,2024-03-06 18:06:34.101139,,,
U002680,organico,view_service,2024-03-07 07:40:44.803529,,,
U002681,organico,signup,2024-01-05 15:56:29.197425,,,
U002681,organico,login,2024-01-06 07:54:05.145651,,,
U002682,organico,signup,2024-03-28 01:04:53.836728,,,
U002682,organico,login,2024-03-29 09:03:29.323014,,,
U002682,organico,view_service,2024-03-29 15:08:00.771399,,,
U002683,referido,signup,2024-01-29 23:38:09.589125,,,
U002683,referido,login,2024-01-30 06:14:58.822714,,,
U002684,pagado,signup,2024-01-08 06:08:46.128972,,,
U002684,pagado,login,2024-01-08 14:59:31.285083,,,
U002684,pagado,view_service,2024-01-09 04:33:01.818343,,,
U002685,organico,signup,2024-03-06 06:52:48.454901,,,
U002686,pagado,signup,2024-03-21 01:36:15.931772,,,
U002686,pagado,login,2024-03-22 00:20:30.692444,,,
U002686,pagado,view_service,2024-03-22 00:46:21.269435,,,
U002687,organico,signup,2024-02-07 12:04:39.814782,,,
U002687,organico,login,2024-02-08 02:56:49.066983,,,
U002687,organico,view_service,2024-02-08 15:46:46.014488,,,
U002687,organico,start_application,2024-02-10 16:34:45.881711,,,
U002687,organico,complete_kyc,2024-02-11 16:48:27.100536,,,kyc_approved
U002687,organico,first_transaction,2024-02-13 05:15:13.839424,115.7,False,
U002687,organico,repeat_transaction,2024-02-16 09:02:20.486526,19.81,False,
U002687,organico,repeat_transaction,2024-02-23 23:22:34.500659,28.9,False,
U002687,organico,repeat_transaction,2024-02-29 01:26:04.535637,39.46,False,
U002687,organico,repeat_transaction,2024-03-09 19:13:01.328072,17.04,False,
U002687,organico,repeat_transaction,2024-03-13 19:15:03.394606,46.13,False,
U002687,organico,repeat_transaction,2024-03-16 20:00:44.797060,113.11,False,
U002687,organico,repeat_transaction,2024-03-20 15:20:52.143058,25.96,True,
U002687,organico,repeat_transaction,2024-03-25 03:40:49.781576,48.26,False,
U002687,organico,repeat_transaction,2024-04-02 19:44:02.481303,5.34,False,
U002687,organico,repeat_transaction,2024-04-05 13:43:52.555121,35.61,False,
U002687,organico,repeat_transaction,2024-04-07 02:29:49.215639,29.4,False,
U002687,organico,repeat_transaction,2024-04-16 00:02:34.488551,20.64,False,
U002688,organico,signup,2024-01-18 19:24:06.351979,,,
U002688,organico,login,2024-01-20 13:06:52.275225,,,
U002688,organico,view_service,2024-01-20 17:31:19.778925,,,
U002688,organico,start_application,2024-01-21 19:49:30.679622,,,
U002688,organico,complete_kyc,2024-01-21 23:23:45.405299,,,kyc_approved
U002688,organico,first_transaction,2024-01-23 13:46:41.629069,78.02,False,
U002689,pagado,signup,2024-01-29 20:30:15.077347,,,
U002689,pagado,login,2024-01-30 00:18:58.515924,,,
U002689,pagado,view_service,2024-01-30 06:42:58.694963,,,
U002690,organico,signup,2024-02-22 13:33:07.347082,,,
U002690,organico,login,2024-02-22 17:32:04.175383,,,
U002690,organico,view_service,2024-02-23 10:47:41.251948,,,
U002690,organico,start_application,2024-02-25 07:51:55.304103,,,
U002690,organico,complete_kyc,2024-02-26 13:02:22.917923,,,kyc_approved
U002690,organico,first_transaction,2024-02-27 06:43:23.483657,29.13,False,
U002690,organico,repeat_transaction,2024-03-02 22:49:23.523305,32.32,False,
U002690,organico,repeat_transaction,2024-03-09 17:25:34.945199,28.11,False,
U002690,organico,repeat_transaction,2024-03-12 23:47:17.685714,9.57,False,
U002690,organico,repeat_transaction,2024-03-15 14:14:36.469897,16.57,False,
U002690,organico,repeat_transaction,2024-03-21 02:28:58.217251,71.72,False,
U002690,organico,repeat_transaction,2024-03-24 09:10:15.695806,8.36,False,
U002690,organico,repeat_transaction,2024-03-28 06:59:02.739389,21.4,False,
U002690,organico,repeat_transaction,2024-04-03 21:17:11.826476,27.67,False,
U002690,organico,repeat_transaction,2024-04-09 08:23:18.894100,124.03,False,
U002690,organico,repeat_transaction,2024-04-15 11:29:28.287909,62.68,False,
U002690,organico,repeat_transaction,2024-04-18 15:18:07.679959,24.78,True,
U002690,organico,repeat_transaction,2024-04-23 19:40:52.177735,91.21,False,
U002690,organico,repeat_transaction,2024-04-27 04:04:36.206479,21.79,False,
U002690,organico,repeat_transaction,2024-05-04 00:40:27.140705,74.17,False,
U002690,organico,repeat_transaction,2024-05-07 00:14:46.728998,14.14,False,
U002691,referido,signup,2024-01-18 15:43:43.018539,,,
U002691,referido,login,2024-01-19 14:07:40.318226,,,
U002692,organico,signup,2024-01-31 09:09:59.336994,,,
U002692,organico,login,2024-01-31 13:39:47.617297,,,
U002692,organico,view_service,2024-02-01 13:10:36.683969,,,
U002693,organico,signup,2024-02-14 16:42:16.911287,,,
U002693,organico,login,2024-02-15 00:51:05.299837,,,
U002693,organico,view_service,2024-02-15 02:02:16.079609,,,
U002694,organico,signup,2024-01-26 14:15:53.045866,,,
U002694,organico,login,2024-01-27 18:38:30.932227,,,
U002694,organico,view_service,2024-01-27 19:19:34.464977,,,
U002695,pagado,signup,2024-02-08 22:33:17.236513,,,
U002695,pagado,login,2024-02-10 16:51:08.600543,,,
U002695,pagado,view_service,2024-02-11 13:27:31.291330,,,
U002695,pagado,start_application,2024-02-14 07:11:36.398598,,,
U002695,pagado,complete_kyc,2024-02-16 16:46:32.976652,,,kyc_approved
U002695,pagado,first_transaction,2024-02-17 09:04:26.212232,77.58,False,
U002696,organico,signup,2024-01-10 02:21:52.287610,,,
U002696,organico,login,2024-01-10 17:43:00.822625,,,
U002696,organico,view_service,2024-01-11 17:29:59.459882,,,
U002696,organico,start_application,2024-01-11 20:46:14.284977,,,
U002696,organico,complete_kyc,2024-01-15 12:09:14.632235,,,kyc_approved
U002696,organico,first_transaction,2024-01-17 11:19:56.384983,27.54,False,
U002697,pagado,signup,2024-02-09 09:37:42.429565,,,
U002698,pagado,signup,2024-01-12 07:50:06.145205,,,
U002698,pagado,login,2024-01-12 20:35:37.466269,,,
U002698,pagado,view_service,2024-01-13 09:46:05.677035,,,
U002698,pagado,start_application,2024-01-13 12:30:21.558957,,,
U002698,pagado,complete_kyc,2024-01-15 09:08:09.255396,,,kyc_approved
U002698,pagado,first_transaction,2024-01-16 14:11:31.111478,17.82,False,
U002699,pagado,signup,2024-01-25 13:07:05.240648,,,
U002699,pagado,login,2024-01-25 17:16:44.240427,,,
U002700,organico,signup,2024-02-06 22:40:24.800455,,,
U002700,organico,login,2024-02-07 10:35:24.185147,,,
U002701,referido,signup,2024-01-09 01:48:37.104227,,,
U002701,referido,login,2024-01-10 11:39:43.622512,,,
U002702,pagado,signup,2024-03-06 09:09:22.866271,,,
U002702,pagado,login,2024-03-07 07:47:42.436935,,,
U002702,pagado,view_service,2024-03-08 05:17:23.057988,,,
U002703,pagado,signup,2024-02-25 23:06:28.099297,,,
U002703,pagado,login,2024-02-26 23:06:20.569842,,,
U002703,pagado,view_service,2024-02-27 14:57:52.444483,,,
U002704,pagado,signup,2024-03-17 06:04:55.942230,,,
U002704,pagado,login,2024-03-18 16:39:53.913120,,,
U002704,pagado,view_service,2024-03-19 01:33:06.662933,,,
U002704,pagado,start_application,2024-03-19 21:15:04.969844,,,
U002704,pagado,complete_kyc,2024-03-22 13:59:22.989642,,,kyc_approved
U002704,pagado,first_transaction,2024-03-23 03:32:14.039168,31.44,False,
U002704,pagado,repeat_transaction,2024-03-27 05:11:35.747653,44.44,False,
U002704,pagado,repeat_transaction,2024-04-03 21:28:52.963605,25.89,False,
U002704,pagado,repeat_transaction,2024-04-09 16:07:15.601978,53.93,False,
U002704,pagado,repeat_transaction,2024-04-16 08:46:42.420992,24.33,False,
U002705,referido,signup,2024-02-09 07:31:02.166539,,,
U002705,referido,login,2024-02-09 22:20:05.074407,,,
U002705,referido,view_service,2024-02-10 20:21:10.300919,,,
U002705,referido,start_application,2024-02-12 07:24:30.444410,,,
U002705,referido,complete_kyc,2024-02-15 16:37:51.007393,,,kyc_approved
U002705,referido,first_transaction,2024-02-15 20:58:29.647232,56.5,False,
U002705,referido,repeat_transaction,2024-02-18 02:31:08.185151,49.88,False,
U002705,referido,repeat_transaction,2024-02-25 00:05:07.429980,35.07,False,
U002705,referido,repeat_transaction,2024-03-01 17:47:13.712020,26.87,False,
U002705,referido,repeat_transaction,2024-03-03 22:00:31.634456,40.69,False,
U002705,referido,repeat_transaction,2024-03-10 03:48:47.504791,53.79,False,
U002705,referido,repeat_transaction,2024-03-14 07:12:20.911468,154.97,False,
U002705,referido,repeat_transaction,2024-03-20 23:58:39.165736,70.64,False,
U002705,referido,repeat_transaction,2024-03-25 08:39:13.564278,72.47,False,
U002705,referido,repeat_transaction,2024-04-02 13:41:31.394516,317.97,False,
U002705,referido,repeat_transaction,2024-04-07 19:20:52.891127,52.52,False,
U002705,referido,repeat_transaction,2024-04-15 09:00:20.114287,51.38,False,
U002706,organico,signup,2024-02-12 03:33:16.796549,,,
U002706,organico,login,2024-02-13 16:42:08.978022,,,
U002706,organico,view_service,2024-02-14 14:12:46.532392,,,
U002707,referido,signup,2024-02-22 03:52:12.764929,,,
U002707,referido,login,2024-02-23 15:53:27.594468,,,
U002707,referido,view_service,2024-02-23 20:01:24.946834,,,
U002708,referido,signup,2024-03-09 19:57:45.588625,,,
U002708,referido,login,2024-03-11 12:34:18.443606,,,
U002708,referido,view_service,2024-03-12 04:25:15.331601,,,
U002709,pagado,signup,2024-03-19 12:58:56.359773,,,
U002709,pagado,login,2024-03-19 21:28:20.235046,,,
U002709,pagado,view_service,2024-03-20 13:56:37.192320,,,
U002710,organico,signup,2024-03-21 04:08:10.850071,,,
U002710,organico,login,2024-03-22 12:44:36.149577,,,
U002710,organico,view_service,2024-03-23 11:12:01.009610,,,
U002711,organico,signup,2024-03-16 11:00:32.760082,,,
U002711,organico,login,2024-03-16 11:09:11.652522,,,
U002711,organico,view_service,2024-03-17 05:23:45.065947,,,
U002711,organico,start_application,2024-03-19 08:52:05.903494,,,
U002711,organico,complete_kyc,2024-03-23 03:16:00.260612,,,kyc_approved
U002711,organico,first_transaction,2024-03-24 14:48:10.630197,59.91,False,
U002711,organico,repeat_transaction,2024-03-31 20:51:51.961937,18.06,False,
U002711,organico,repeat_transaction,2024-04-08 05:36:44.174908,26.82,False,
U002711,organico,repeat_transaction,2024-04-17 16:59:43.389190,25.68,False,
U002711,organico,repeat_transaction,2024-04-22 02:01:13.639740,57.59,False,
U002711,organico,repeat_transaction,2024-04-24 12:48:06.638975,32.4,False,
U002711,organico,repeat_transaction,2024-04-26 03:59:29.885036,40.32,False,
U002711,organico,repeat_transaction,2024-05-01 01:49:08.564663,78.35,False,
U002711,organico,repeat_transaction,2024-05-04 12:22:51.138574,66.97,False,
U002711,organico,repeat_transaction,2024-05-06 18:46:48.476794,32.68,False,
U002711,organico,repeat_transaction,2024-05-09 23:55:50.833731,22.9,False,
U002711,organico,repeat_transaction,2024-05-14 15:58:33.659066,81.02,False,
U002711,organico,repeat_transaction,2024-05-21 01:19:14.785295,62.91,False,
U002711,organico,repeat_transaction,2024-05-23 18:06:48.777592,11.89,False,
U002711,organico,repeat_transaction,2024-05-26 08:53:53.170200,29.39,False,
U002712,organico,signup,2024-02-26 02:54:38.329046,,,
U002712,organico,login,2024-02-26 04:58:39.896639,,,
U002712,organico,view_service,2024-02-27 03:53:12.443386,,,
U002712,organico,start_application,2024-02-27 10:06:01.320067,,,
U002712,organico,complete_kyc,2024-03-01 23:03:07.320298,,,kyc_approved
U002713,organico,signup,2024-03-17 08:20:54.990210,,,
U002713,organico,login,2024-03-18 02:20:56.622916,,,
U002713,organico,view_service,2024-03-18 15:04:19.157263,,,
U002713,organico,start_application,2024-03-19 21:20:38.569043,,,
U002713,organico,complete_kyc,2024-03-23 02:39:30.764849,,,kyc_approved
U002713,organico,first_transaction,2024-03-24 11:11:09.808264,41.09,False,
U002714,organico,signup,2024-02-13 23:07:38.979495,,,
U002714,organico,login,2024-02-15 18:44:41.565109,,,
U002714,organico,view_service,2024-02-16 00:32:59.832758,,,
U002715,pagado,signup,2024-03-07 12:02:01.372336,,,
U002715,pagado,login,2024-03-08 09:55:27.673607,,,
U002716,organico,signup,2024-03-28 05:59:09.395319,,,
U002716,organico,login,2024-03-29 11:39:47.646776,,,
U002716,organico,view_service,2024-03-29 17:42:19.382231,,,
U002717,organico,signup,2024-02-01 15:14:23.528113,,,
U002717,organico,login,2024-02-03 02:44:30.262732,,,
U002717,organico,view_service,2024-02-04 00:23:18.512298,,,
U002717,organico,start_application,2024-02-05 21:22:22.463091,,,
U002717,organico,complete_kyc,2024-02-08 04:42:31.841366,,,kyc_approved
U002717,organico,first_transaction,2024-02-08 07:10:15.940024,63.13,False,
U002718,organico,signup,2024-01-25 02:33:48.392621,,,
U002718,organico,login,2024-01-26 11:10:26.003991,,,
U002719,organico,signup,2024-03-01 05:58:48.312367,,,
U002719,organico,login,2024-03-01 07:10:26.500519,,,
U002719,organico,view_service,2024-03-01 07:38:23.621261,,,
U002719,organico,start_application,2024-03-03 16:56:47.582812,,,
U002719,organico,complete_kyc,2024-03-03 18:48:11.516834,,,kyc_approved
U002719,organico,first_transaction,2024-03-04 10:13:22.347679,69.2,False,
U002720,organico,signup,2024-03-15 19:47:16.392734,,,
U002720,organico,login,2024-03-17 15:12:43.067888,,,
U002720,organico,view_service,2024-03-17 22:06:11.741227,,,
U002721,pagado,signup,2024-01-25 02:00:23.530441,,,
U002721,pagado,login,2024-01-26 05:50:08.855927,,,
U002721,pagado,view_service,2024-01-26 10:03:33.974728,,,
U002721,pagado,start_application,2024-01-27 17:33:50.696833,,,
U002721,pagado,complete_kyc,2024-01-29 01:18:39.129600,,,kyc_approved
U002721,pagado,first_transaction,2024-01-29 09:26:42.281573,44.64,False,
U002721,pagado,repeat_transaction,2024-02-06 08:50:29.279395,55.13,False,
U002721,pagado,repeat_transaction,2024-02-12 22:45:44.372271,38.28,False,
U002721,pagado,repeat_transaction,2024-02-20 20:44:20.299613,22.84,False,
U002721,pagado,repeat_transaction,2024-02-26 18:43:03.850408,30.48,False,
U002721,pagado,repeat_transaction,2024-03-03 13:21:13.091905,37.09,False,
U002721,pagado,repeat_transaction,2024-03-09 23:30:43.959998,35.72,False,
U002721,pagado,repeat_transaction,2024-03-17 00:12:35.812485,9.78,False,
U002721,pagado,repeat_transaction,2024-03-23 07:32:06.715971,27.71,False,
U002721,pagado,repeat_transaction,2024-03-31 18:50:52.397100,38.07,False,
U002721,pagado,repeat_transaction,2024-04-02 12:40:43.392610,30.06,False,
U002721,pagado,repeat_transaction,2024-04-06 12:46:56.764875,30.79,False,
U002721,pagado,repeat_transaction,2024-04-14 06:35:48.103919,51.5,False,
U002721,pagado,repeat_transaction,2024-04-17 18:16:37.825594,17.2,False,
U002722,organico,signup,2024-04-01 23:28:20.232996,,,
U002722,organico,login,2024-04-02 06:29:17.058102,,,
U002723,organico,signup,2024-01-26 04:09:08.321350,,,
U002723,organico,login,2024-01-28 03:06:45.204939,,,
U002724,pagado,signup,2024-02-05 08:23:27.429289,,,
U002724,pagado,login,2024-02-05 08:56:17.239296,,,
U002724,pagado,view_service,2024-02-05 23:04:07.912929,,,
U002725,pagado,signup,2024-02-02 05:50:42.038467,,,
U002725,pagado,login,2024-02-03 03:34:06.094468,,,
U002725,pagado,view_service,2024-02-04 01:58:16.815567,,,
U002726,organico,signup,2024-02-15 20:48:37.406903,,,
U002726,organico,login,2024-02-17 08:29:43.726573,,,
U002727,pagado,signup,2024-02-13 10:17:16.903101,,,
U002727,pagado,login,2024-02-13 21:56:48.999911,,,
U002727,pagado,view_service,2024-02-14 08:08:10.897861,,,
U002728,organico,signup,2024-01-11 11:03:15.358954,,,
U002728,organico,login,2024-01-12 16:45:37.569828,,,
U002729,pagado,signup,2024-02-05 22:46:25.039773,,,
U002729,pagado,login,2024-02-06 22:14:20.535116,,,
U002729,pagado,view_service,2024-02-07 02:34:49.626286,,,
U002730,referido,signup,2024-03-21 12:38:38.246921,,,
U002730,referido,login,2024-03-22 12:12:34.169217,,,
U002731,organico,signup,2024-01-10 11:35:25.616548,,,
U002731,organico,login,2024-01-11 06:25:54.753382,,,
U002732,organico,signup,2024-02-04 05:57:40.891137,,,
U002732,organico,login,2024-02-05 01:55:11.582671,,,
U002733,referido,signup,2024-03-30 19:08:24.172547,,,
U002733,referido,login,2024-03-31 13:49:32.553491,,,
U002733,referido,view_service,2024-03-31 14:12:52.652244,,,
U002734,organico,signup,2024-01-08 15:57:07.290397,,,
U002735,organico,signup,2024-01-25 20:14:27.108284,,,
U002735,organico,login,2024-01-26 15:15:28.236578,,,
U002735,organico,view_service,2024-01-27 05:31:16.263520,,,
U002735,organico,start_application,2024-01-27 16:04:12.015499,,,
U002735,organico,complete_kyc,2024-01-30 12:16:54.026253,,,kyc_rejected
U002736,organico,signup,2024-03-08 19:53:19.921813,,,
U002736,organico,login,2024-03-09 14:33:57.798693,,,
U002736,organico,view_service,2024-03-09 21:54:03.554634,,,
U002737,pagado,signup,2024-02-17 06:41:12.412074,,,
U002737,pagado,login,2024-02-18 10:10:08.344764,,,
U002738,organico,signup,2024-01-17 05:02:45.121231,,,
U002738,organico,login,2024-01-18 08:28:57.236296,,,
U002739,organico,signup,2024-03-11 09:16:16.590699,,,
U002739,organico,login,2024-03-11 15:44:56.480456,,,
U002739,organico,view_service,2024-03-11 18:41:06.109883,,,
U002740,organico,signup,2024-03-25 06:29:26.086369,,,
U002740,organico,login,2024-03-27 05:11:54.791439,,,
U002741,organico,signup,2024-03-17 03:45:50.881489,,,
U002742,pagado,signup,2024-03-17 16:18:51.078642,,,
U002742,pagado,login,2024-03-17 16:37:35.159855,,,
U002743,organico,signup,2024-01-03 06:35:54.804028,,,
U002743,organico,login,2024-01-04 17:59:47.125564,,,
U002743,organico,view_service,2024-01-05 02:59:48.699358,,,
U002744,organico,signup,2024-03-11 11:49:06.791572,,,
U002744,organico,login,2024-03-12 02:11:28.500004,,,
U002744,organico,view_service,2024-03-13 01:34:36.345728,,,
U002744,organico,start_application,2024-03-15 15:09:42.073158,,,
U002744,organico,complete_kyc,2024-03-16 06:52:45.661834,,,kyc_approved
U002744,organico,first_transaction,2024-03-16 13:05:05.034721,11.71,False,
U002744,organico,repeat_transaction,2024-03-20 06:52:46.640679,28.68,False,
U002744,organico,repeat_transaction,2024-03-24 17:09:43.313035,62.48,False,
U002744,organico,repeat_transaction,2024-03-28 15:20:07.809064,119.26,False,
U002744,organico,repeat_transaction,2024-03-31 16:51:26.818627,63.27,False,
U002744,organico,repeat_transaction,2024-04-05 10:05:58.340473,13.09,False,
U002744,organico,repeat_transaction,2024-04-11 01:18:27.273020,31.1,False,
U002744,organico,repeat_transaction,2024-04-12 04:05:12.411550,43.8,False,
U002744,organico,repeat_transaction,2024-04-21 22:48:55.333785,41.44,True,
U002745,pagado,signup,2024-03-19 19:08:56.749005,,,
U002745,pagado,login,2024-03-21 03:09:35.677773,,,
U002745,pagado,view_service,2024-03-21 06:31:57.874028,,,
U002745,pagado,start_application,2024-03-22 06:42:28.072065,,,
U002745,pagado,complete_kyc,2024-03-25 22:55:20.996151,,,kyc_rejected
U002746,referido,signup,2024-03-06 00:13:21.381563,,,
U002746,referido,login,2024-03-06 04:05:15.522790,,,
U002746,referido,view_service,2024-03-06 18:34:37.250400,,,
U002747,organico,signup,2024-02-06 14:27:41.620681,,,
U002747,organico,login,2024-02-08 11:30:58.704833,,,
U002747,organico,view_service,2024-02-08 15:45:43.315377,,,
U002747,organico,start_application,2024-02-09 09:34:06.107067,,,
U002747,organico,complete_kyc,2024-02-11 01:37:09.432121,,,kyc_approved
U002747,organico,first_transaction,2024-02-11 15:07:32.126415,53.38,True,
U002747,organico,repeat_transaction,2024-02-17 01:15:14.698787,19.26,False,
U002747,organico,repeat_transaction,2024-02-19 14:37:44.826682,38.3,False,
U002747,organico,repeat_transaction,2024-02-23 02:41:39.320130,49.12,False,
U002747,organico,repeat_transaction,2024-03-02 14:32:11.391140,65.23,False,
U002747,organico,repeat_transaction,2024-03-05 13:46:38.456685,20.82,False,
U002747,organico,repeat_transaction,2024-03-08 08:31:53.012066,28.74,False,
U002747,organico,repeat_transaction,2024-03-15 07:07:25.924721,5.51,False,
U002747,organico,repeat_transaction,2024-03-18 13:19:31.817163,23.69,False,
U002747,organico,repeat_transaction,2024-03-27 03:56:13.590318,25.35,False,
U002747,organico,repeat_transaction,2024-04-03 08:41:17.789136,17.93,False,
U002747,organico,repeat_transaction,2024-04-11 20:04:09.190085,41.1,False,
U002748,organico,signup,2024-01-08 07:58:54.353330,,,
U002748,organico,login,2024-01-09 03:08:48.402092,,,
U002748,organico,view_service,2024-01-09 23:32:07.741857,,,
U002749,pagado,signup,2024-02-25 19:51:28.965277,,,
U002749,pagado,login,2024-02-27 17:45:36.139518,,,
U002749,pagado,view_service,2024-02-28 05:51:06.257417,,,
U002749,pagado,start_application,2024-02-28 06:14:15.853096,,,
U002749,pagado,complete_kyc,2024-03-02 02:49:59.700035,,,kyc_approved
U002749,pagado,first_transaction,2024-03-03 01:17:35.556705,35.19,False,
U002749,pagado,repeat_transaction,2024-03-06 06:26:56.610629,7.53,False,
U002749,pagado,repeat_transaction,2024-03-10 22:37:20.406002,42.56,False,
U002750,organico,signup,2024-02-02 16:22:26.144674,,,
U002751,pagado,signup,2024-03-14 19:59:14.622830,,,
U002751,pagado,login,2024-03-16 03:32:09.913334,,,
U002751,pagado,view_service,2024-03-16 17:04:59.493721,,,
U002752,referido,signup,2024-03-28 16:36:20.219285,,,
U002752,referido,login,2024-03-30 06:00:18.568283,,,
U002752,referido,view_service,2024-03-31 02:28:17.426874,,,
U002753,pagado,signup,2024-01-31 06:22:48.987501,,,
U002753,pagado,login,2024-02-01 01:24:17.944692,,,
U002753,pagado,view_service,2024-02-01 07:08:53.574418,,,
U002754,pagado,signup,2024-02-02 05:36:10.190525,,,
U002755,referido,signup,2024-03-06 05:10:33.745082,,,
U002755,referido,login,2024-03-06 21:52:55.038431,,,
U002755,referido,view_service,2024-03-07 08:33:22.226817,,,
U002755,referido,start_application,2024-03-10 04:40:48.079346,,,
U002755,referido,complete_kyc,2024-03-12 11:04:21.580780,,,kyc_approved
U002755,referido,first_transaction,2024-03-13 23:46:06.117442,19.11,False,
U002756,pagado,signup,2024-02-05 12:59:33.218396,,,
U002756,pagado,login,2024-02-05 17:15:28.656719,,,
U002756,pagado,view_service,2024-02-05 18:02:34.830965,,,
U002756,pagado,start_application,2024-02-07 10:32:42.394798,,,
U002756,pagado,complete_kyc,2024-02-08 18:17:26.633980,,,kyc_approved
U002756,pagado,first_transaction,2024-02-09 19:49:41.398377,51.42,False,
U002757,organico,signup,2024-01-02 04:54:19.329350,,,
U002757,organico,login,2024-01-04 01:22:50.556977,,,
U002757,organico,view_service,2024-01-04 14:37:01.614206,,,
U002758,referido,signup,2024-01-16 23:21:28.756332,,,
U002758,referido,login,2024-01-18 16:17:21.296799,,,
U002758,referido,view_service,2024-01-18 21:36:15.860563,,,
U002758,referido,start_application,2024-01-18 22:57:33.152462,,,
U002758,referido,complete_kyc,2024-01-21 13:14:06.391784,,,kyc_approved
U002758,referido,first_transaction,2024-01-22 13:26:33.218190,14.92,False,
U002758,referido,repeat_transaction,2024-01-27 21:46:24.217060,37.38,False,
U002758,referido,repeat_transaction,2024-01-29 19:30:42.236979,30.02,False,
U002758,referido,repeat_transaction,2024-01-30 20:03:14.295996,45.25,False,
U002758,referido,repeat_transaction,2024-02-08 13:11:27.177180,39.94,False,
U002758,referido,repeat_transaction,2024-02-12 03:11:00.224767,30.61,False,
U002758,referido,repeat_transaction,2024-02-14 21:02:28.768471,12.49,False,
U002758,referido,repeat_transaction,2024-02-20 04:21:27.447934,13.01,False,
U002759,organico,signup,2024-02-12 03:42:08.132643,,,
U002759,organico,login,2024-02-13 08:23:53.489822,,,
U002759,organico,view_service,2024-02-14 02:14:08.681949,,,
U002759,organico,start_application,2024-02-17 01:21:13.596378,,,
U002759,organico,complete_kyc,2024-02-20 15:15:22.095542,,,kyc_approved
U002759,organico,first_transaction,2024-02-22 13:40:17.901989,24.32,False,
U002759,organico,repeat_transaction,2024-02-28 05:26:53.589074,36.39,False,
U002759,organico,repeat_transaction,2024-03-05 00:44:56.341141,23.91,False,
U002759,organico,repeat_transaction,2024-03-07 11:29:16.185666,56.69,False,
U002759,organico,repeat_transaction,2024-03-09 07:54:14.621835,30.1,False,
U002759,organico,repeat_transaction,2024-03-17 12:52:39.914913,18.62,False,
U002759,organico,repeat_transaction,2024-03-26 11:25:56.831826,30.12,False,
U002760,organico,signup,2024-02-16 02:07:52.053245,,,
U002760,organico,login,2024-02-16 17:55:54.302355,,,
U002760,organico,view_service,2024-02-16 18:19:12.530155,,,
U002760,organico,start_application,2024-02-17 15:33:00.736916,,,
U002760,organico,complete_kyc,2024-02-18 03:42:55.971868,,,kyc_approved
U002760,organico,first_transaction,2024-02-19 16:37:47.578211,42.87,True,
U002760,organico,repeat_transaction,2024-02-25 21:53:23.242178,45.94,False,
U002760,organico,repeat_transaction,2024-03-05 21:54:26.495314,136.3,False,
U002760,organico,repeat_transaction,2024-03-08 19:11:18.590840,22.91,False,
U002760,organico,repeat_transaction,2024-03-12 16:21:26.334761,34.76,False,
U002760,organico,repeat_transaction,2024-03-21 22:34:30.265379,49.32,False,
U002760,organico,repeat_transaction,2024-03-28 14:49:43.563630,36.0,False,
U002760,organico,repeat_transaction,2024-04-01 03:58:08.876914,25.78,False,
U002760,organico,repeat_transaction,2024-04-08 22:40:06.337668,12.37,False,
U002760,organico,repeat_transaction,2024-04-15 02:35:44.617192,25.6,False,
U002760,organico,repeat_transaction,2024-04-21 02:21:42.227033,17.26,False,
U002760,organico,repeat_transaction,2024-04-23 23:51:57.546716,10.93,False,
U002760,organico,repeat_transaction,2024-04-27 20:32:40.810293,20.97,False,
U002760,organico,repeat_transaction,2024-05-03 08:04:18.520341,17.58,False,
U002760,organico,repeat_transaction,2024-05-05 15:03:26.462945,55.07,False,
U002760,organico,repeat_transaction,2024-05-06 17:55:27.028910,55.74,False,
U002761,referido,signup,2024-02-19 23:51:11.733798,,,
U002761,referido,login,2024-02-21 06:08:33.546983,,,
U002761,referido,view_service,2024-02-22 05:20:23.026130,,,
U002762,organico,signup,2024-01-03 14:09:23.153496,,,
U002762,organico,login,2024-01-05 05:48:25.408633,,,
U002762,organico,view_service,2024-01-05 16:35:53.417167,,,
U002763,pagado,signup,2024-01-05 22:55:00.683591,,,
U002763,pagado,login,2024-01-07 01:44:11.522214,,,
U002763,pagado,view_service,2024-01-07 18:03:27.782967,,,
U002764,organico,signup,2024-02-10 17:05:40.980798,,,
U002764,organico,login,2024-02-12 04:03:42.272157,,,
U002764,organico,view_service,2024-02-12 11:46:48.297588,,,
U002765,organico,signup,2024-01-21 03:07:21.812695,,,
U002765,organico,login,2024-01-22 06:14:48.153443,,,
U002766,organico,signup,2024-01-22 01:39:39.594893,,,
U002766,organico,login,2024-01-22 11:04:26.136869,,,
U002766,organico,view_service,2024-01-22 23:21:04.330587,,,
U002767,organico,signup,2024-03-21 08:27:56.083670,,,
U002767,organico,login,2024-03-22 20:35:30.027112,,,
U002767,organico,view_service,2024-03-23 00:38:15.326599,,,
U002767,organico,start_application,2024-03-23 09:32:19.507236,,,
U002767,organico,complete_kyc,2024-03-27 03:10:44.089640,,,kyc_approved
U002767,organico,first_transaction,2024-03-27 08:53:37.462946,19.44,False,
U002768,organico,signup,2024-02-13 16:57:05.948388,,,
U002768,organico,login,2024-02-14 12:29:55.156213,,,
U002768,organico,view_service,2024-02-14 14:15:37.811323,,,
U002768,organico,start_application,2024-02-16 17:00:10.577488,,,
U002768,organico,complete_kyc,2024-02-20 04:57:21.488755,,,kyc_approved
U002768,organico,first_transaction,2024-02-20 11:30:41.873234,30.5,False,
U002768,organico,repeat_transaction,2024-02-22 21:13:33.948457,9.97,False,
U002768,organico,repeat_transaction,2024-03-03 19:16:33.892063,25.89,False,
U002768,organico,repeat_transaction,2024-03-08 17:51:08.659547,48.39,False,
U002768,organico,repeat_transaction,2024-03-14 06:36:15.831099,65.2,False,
U002768,organico,repeat_transaction,2024-03-16 22:42:55.862282,22.22,False,
U002768,organico,repeat_transaction,2024-03-18 01:30:37.437405,76.42,False,
U002768,organico,repeat_transaction,2024-03-22 11:10:25.764465,12.67,False,
U002768,organico,repeat_transaction,2024-03-27 19:19:24.651153,15.28,False,
U002768,organico,repeat_transaction,2024-04-03 14:17:58.632191,60.15,False,
U002768,organico,repeat_transaction,2024-04-09 23:16:22.683083,117.89,False,
U002768,organico,repeat_transaction,2024-04-12 13:03:57.330287,51.7,False,
U002768,organico,repeat_transaction,2024-04-20 07:12:22.198793,35.58,False,
U002768,organico,repeat_transaction,2024-04-23 00:06:15.220872,7.87,False,
U002768,organico,repeat_transaction,2024-04-29 04:33:38.705977,8.88,False,
U002768,organico,repeat_transaction,2024-05-08 17:20:03.285895,40.07,False,
U002769,organico,signup,2024-03-11 06:02:54.134440,,,
U002770,organico,signup,2024-03-15 19:15:24.629936,,,
U002771,organico,signup,2024-03-07 11:33:43.845734,,,
U002771,organico,login,2024-03-07 13:59:12.469897,,,
U002771,organico,view_service,2024-03-08 02:30:20.815036,,,
U002772,pagado,signup,2024-01-11 09:13:43.431313,,,
U002772,pagado,login,2024-01-11 21:17:14.085854,,,
U002772,pagado,view_service,2024-01-12 18:02:39.988890,,,
U002772,pagado,start_application,2024-01-14 03:12:52.676324,,,
U002772,pagado,complete_kyc,2024-01-15 07:06:31.420611,,,kyc_approved
U002773,pagado,signup,2024-03-19 13:50:20.983420,,,
U002773,pagado,login,2024-03-19 22:26:25.197017,,,
U002773,pagado,view_service,2024-03-20 10:41:03.717351,,,
U002774,organico,signup,2024-02-28 01:13:28.352784,,,
U002774,organico,login,2024-02-29 10:17:13.043773,,,
U002775,pagado,signup,2024-02-23 06:31:19.355321,,,
U002775,pagado,login,2024-02-23 13:15:06.207266,,,
U002776,organico,signup,2024-02-01 19:50:48.725027,,,
U002776,organico,login,2024-02-02 18:29:03.272409,,,
U002776,organico,view_service,2024-02-03 17:21:04.483230,,,
U002776,organico,start_application,2024-02-04 07:16:59.725201,,,
U002776,organico,complete_kyc,2024-02-06 11:43:38.033872,,,kyc_approved
U002776,organico,first_transaction,2024-02-06 19:47:15.488970,28.48,False,
U002777,referido,signup,2024-01-15 04:04:15.209915,,,
U002777,referido,login,2024-01-16 12:20:46.376916,,,
U002778,pagado,signup,2024-03-04 19:56:45.084286,,,
U002778,pagado,login,2024-03-06 17:57:43.201529,,,
U002778,pagado,view_service,2024-03-07 04:01:20.285823,,,
U002779,referido,signup,2024-04-01 10:07:15.465779,,,
U002779,referido,login,2024-04-02 02:43:28.384888,,,
U002780,organico,signup,2024-02-08 06:49:59.335148,,,
U002780,organico,login,2024-02-08 12:49:04.032283,,,
U002780,organico,view_service,2024-02-08 17:09:04.746563,,,
U002781,organico,signup,2024-03-12 04:23:41.010587,,,
U002782,organico,signup,2024-03-11 15:23:46.871223,,,
U002782,organico,login,2024-03-12 19:16:01.636700,,,
U002783,organico,signup,2024-02-16 10:28:41.003874,,,
U002783,organico,login,2024-02-17 12:24:13.113664,,,
U002783,organico,view_service,2024-02-18 01:21:26.055513,,,
U002784,referido,signup,2024-01-23 18:35:22.269858,,,
U002784,referido,login,2024-01-24 11:19:05.919646,,,
U002784,referido,view_service,2024-01-24 16:13:50.761919,,,
U002785,pagado,signup,2024-02-09 23:44:18.994643,,,
U002785,pagado,login,2024-02-10 00:16:23.297193,,,
U002786,pagado,signup,2024-03-10 21:38:55.404483,,,
U002786,pagado,login,2024-03-12 13:25:30.623064,,,
U002786,pagado,view_service,2024-03-13 06:34:13.767333,,,
U002787,organico,signup,2024-01-16 00:53:57.165106,,,
U002787,organico,login,2024-01-16 09:16:03.599420,,,
U002787,organico,view_service,2024-01-17 07:02:44.370133,,,
U002787,organico,start_application,2024-01-18 04:09:10.212915,,,
U002787,organico,complete_kyc,2024-01-20 16:21:01.942940,,,kyc_approved
U002787,organico,first_transaction,2024-01-22 01:16:21.714123,16.88,False,
U002788,pagado,signup,2024-02-20 04:06:00.388296,,,
U002788,pagado,login,2024-02-20 18:03:58.277733,,,
U002788,pagado,view_service,2024-02-21 15:04:31.245247,,,
U002788,pagado,start_application,2024-02-22 06:13:36.081675,,,
U002788,pagado,complete_kyc,2024-02-23 20:36:15.999594,,,kyc_approved
U002789,organico,signup,2024-03-29 05:20:24.584719,,,
U002789,organico,login,2024-03-29 15:22:43.251105,,,
U002790,organico,signup,2024-01-07 05:52:05.220816,,,
U002790,organico,login,2024-01-08 05:53:57.920645,,,
U002790,organico,view_service,2024-01-08 21:04:42.097216,,,
U002791,referido,signup,2024-01-25 12:33:44.708067,,,
U002792,organico,signup,2024-03-26 21:52:52.265724,,,
U002792,organico,login,2024-03-27 17:43:05.931855,,,
U002793,organico,signup,2024-02-03 23:21:18.932819,,,
U002793,organico,login,2024-02-05 01:00:22.192603,,,
U002793,organico,view_service,2024-02-05 15:47:35.206034,,,
U002794,referido,signup,2024-01-16 14:22:14.905534,,,
U002794,referido,login,2024-01-16 19:27:24.522165,,,
U002794,referido,view_service,2024-01-17 02:59:02.297502,,,
U002795,organico,signup,2024-03-08 13:47:10.541074,,,
U002795,organico,login,2024-03-10 03:44:43.969174,,,
U002795,organico,view_service,2024-03-10 13:07:23.730416,,,
U002795,organico,start_application,2024-03-11 19:20:16.020287,,,
U002795,organico,complete_kyc,2024-03-11 21:31:02.595989,,,kyc_approved
U002795,organico,first_transaction,2024-03-13 05:14:14.111132,38.32,False,
U002796,pagado,signup,2024-01-14 09:08:42.550802,,,
U002796,pagado,login,2024-01-15 03:52:17.829905,,,
U002796,pagado,view_service,2024-01-15 16:57:31.470453,,,
U002796,pagado,start_application,2024-01-17 02:53:51.490991,,,
U002796,pagado,complete_kyc,2024-01-20 20:12:12.281482,,,kyc_approved
U002796,pagado,first_transaction,2024-01-20 23:57:04.105817,39.67,False,
U002797,referido,signup,2024-02-22 20:20:44.603446,,,
U002797,referido,login,2024-02-22 21:06:56.318859,,,
U002797,referido,view_service,2024-02-22 22:47:10.950875,,,
U002798,pagado,signup,2024-03-10 15:38:52.493133,,,
U002798,pagado,login,2024-03-11 23:25:13.829519,,,
U002798,pagado,view_service,2024-03-12 07:45:30.858496,,,
U002799,organico,signup,2024-02-09 18:04:03.459475,,,
U002799,organico,login,2024-02-11 14:43:08.476613,,,
U002799,organico,view_service,2024-02-12 09:21:32.719184,,,
U002800,organico,signup,2024-02-12 17:13:29.440722,,,
U002800,organico,login,2024-02-12 20:29:08.360996,,,
U002800,organico,view_service,2024-02-13 15:41:13.382083,,,
U002801,organico,signup,2024-03-10 09:58:50.333014,,,
U002801,organico,login,2024-03-10 18:41:52.754413,,,
U002802,referido,signup,2024-01-09 06:52:23.490649,,,
U002802,referido,login,2024-01-11 00:08:40.154246,,,
U002802,referido,view_service,2024-01-11 03:30:58.153419,,,
U002803,referido,signup,2024-02-20 09:34:41.437301,,,
U002803,referido,login,2024-02-21 06:16:49.819200,,,
U002803,referido,view_service,2024-02-21 07:25:11.707735,,,
U002803,referido,start_application,2024-02-21 11:37:17.461524,,,
U002803,referido,complete_kyc,2024-02-24 10:28:24.539752,,,kyc_rejected
U002804,organico,signup,2024-03-10 02:02:54.401320,,,
U002804,organico,login,2024-03-10 13:34:40.272431,,,
U002804,organico,view_service,2024-03-11 12:43:14.848672,,,
U002805,organico,signup,2024-03-08 22:28:42.697983,,,
U002805,organico,login,2024-03-09 05:51:26.621080,,,
U002806,pagado,signup,2024-02-16 19:21:01.153900,,,
U002806,pagado,login,2024-02-18 16:53:53.641271,,,
U002807,pagado,signup,2024-02-14 18:11:14.076355,,,
U002807,pagado,login,2024-02-15 22:38:16.312079,,,
U002807,pagado,view_service,2024-02-16 16:12:12.642401,,,
U002808,pagado,signup,2024-01-03 22:46:29.943812,,,
U002808,pagado,login,2024-01-04 11:04:23.542745,,,
U002808,pagado,view_service,2024-01-05 00:27:15.760243,,,
U002809,pagado,signup,2024-02-24 05:12:53.539153,,,
U002809,pagado,login,2024-02-26 03:59:53.098511,,,
U002810,organico,signup,2024-02-01 03:21:29.418841,,,
U002810,organico,login,2024-02-02 23:06:34.909053,,,
U002810,organico,view_service,2024-02-03 03:14:26.404716,,,
U002810,organico,start_application,2024-02-03 07:04:42.404403,,,
U002810,organico,complete_kyc,2024-02-04 07:45:10.127012,,,kyc_approved
U002810,organico,first_transaction,2024-02-04 18:56:30.762422,70.89,False,
U002810,organico,repeat_transaction,2024-02-10 03:34:39.723841,40.27,False,
U002810,organico,repeat_transaction,2024-02-17 13:51:25.597769,86.48,False,
U002811,pagado,signup,2024-03-04 19:37:45.211482,,,
U002811,pagado,login,2024-03-06 16:26:26.123042,,,
U002812,organico,signup,2024-03-12 20:45:22.816851,,,
U002812,organico,login,2024-03-13 18:03:04.642154,,,
U002812,organico,view_service,2024-03-14 03:09:54.218013,,,
U002812,organico,start_application,2024-03-15 00:16:23.246480,,,
U002812,organico,complete_kyc,2024-03-18 12:58:13.156072,,,kyc_approved
U002812,organico,first_transaction,2024-03-18 13:23:25.061870,36.8,False,
U002812,organico,repeat_transaction,2024-03-24 05:00:36.087933,33.76,False,
U002812,organico,repeat_transaction,2024-03-30 23:07:19.552498,77.09,False,
U002812,organico,repeat_transaction,2024-04-08 16:21:39.872452,18.45,False,
U002812,organico,repeat_transaction,2024-04-15 18:53:28.731834,262.46,False,
U002812,organico,repeat_transaction,2024-04-19 07:48:42.444888,47.59,False,
U002812,organico,repeat_transaction,2024-04-25 13:16:42.365968,47.78,False,
U002812,organico,repeat_transaction,2024-04-27 14:32:35.675807,52.86,False,
U002813,organico,signup,2024-03-12 00:03:41.720143,,,
U002813,organico,login,2024-03-13 09:12:35.127482,,,
U002813,organico,view_service,2024-03-13 22:41:13.396676,,,
U002814,referido,signup,2024-01-22 06:33:17.902229,,,
U002814,referido,login,2024-01-23 07:43:05.365522,,,
U002814,referido,view_service,2024-01-23 11:20:52.640308,,,
U002815,pagado,signup,2024-01-24 14:36:16.174408,,,
U002815,pagado,login,2024-01-25 19:54:52.526581,,,
U002816,pagado,signup,2024-03-10 05:57:19.103641,,,
U002816,pagado,login,2024-03-12 04:54:18.848768,,,
U002816,pagado,view_service,2024-03-12 13:44:15.286764,,,
U002817,referido,signup,2024-02-07 06:19:48.684061,,,
U002817,referido,login,2024-02-07 15:05:32.809037,,,
U002818,pagado,signup,2024-03-21 11:02:27.478159,,,
U002818,pagado,login,2024-03-21 23:18:20.143238,,,
U002819,organico,signup,2024-03-07 05:42:44.160527,,,
U002819,organico,login,2024-03-07 15:28:26.206503,,,
U002820,organico,signup,2024-02-12 23:09:00.947969,,,
U002820,organico,login,2024-02-14 02:50:13.205702,,,
U002820,organico,view_service,2024-02-14 15:40:35.498527,,,
U002821,organico,signup,2024-03-14 05:51:00.937723,,,
U002821,organico,login,2024-03-15 03:32:23.054526,,,
U002821,organico,view_service,2024-03-15 05:50:35.692023,,,
U002822,pagado,signup,2024-03-11 20:22:48.083153,,,
U002822,pagado,login,2024-03-13 15:26:49.692942,,,
U002822,pagado,view_service,2024-03-14 11:49:43.430211,,,
U002823,referido,signup,2024-02-18 10:41:57.950894,,,
U002823,referido,login,2024-02-19 19:06:16.373848,,,
U002824,organico,signup,2024-02-27 12:27:10.468348,,,
U002824,organico,login,2024-02-28 22:43:30.826538,,,
U002824,organico,view_service,2024-02-29 01:16:04.123482,,,
U002825,pagado,signup,2024-01-18 16:53:12.279612,,,
U002825,pagado,login,2024-01-18 18:31:18.907199,,,
U002825,pagado,view_service,2024-01-19 02:31:07.880884,,,
U002826,referido,signup,2024-02-09 16:41:03.522514,,,
U002826,referido,login,2024-02-10 08:28:50.696415,,,
U002826,referido,view_service,2024-02-10 12:21:29.773136,,,
U002827,pagado,signup,2024-01-15 16:35:50.515759,,,
U002827,pagado,login,2024-01-16 16:11:39.925167,,,
U002827,pagado,view_service,2024-01-17 07:36:16.103335,,,
U002828,organico,signup,2024-02-29 15:00:31.615128,,,
U002828,organico,login,2024-03-01 21:01:23.949779,,,
U002828,organico,view_service,2024-03-02 12:21:27.474057,,,
U002828,organico,start_application,2024-03-04 16:09:24.488775,,,
U002828,organico,complete_kyc,2024-03-06 01:51:35.084858,,,kyc_rejected
U002829,pagado,signup,2024-03-21 00:04:54.127121,,,
U002829,pagado,login,2024-03-22 14:15:09.589522,,,
U002829,pagado,view_service,2024-03-23 11:50:18.722984,,,
U002829,pagado,start_application,2024-03-25 02:01:03.570126,,,
U002829,pagado,complete_kyc,2024-03-26 13:42:02.949625,,,kyc_approved
U002829,pagado,first_transaction,2024-03-27 13:25:04.467254,136.18,False,
U002830,pagado,signup,2024-01-25 16:25:14.702133,,,
U002830,pagado,login,2024-01-26 07:09:02.318161,,,
U002830,pagado,view_service,2024-01-27 01:04:32.282045,,,
U002830,pagado,start_application,2024-01-29 09:34:11.845966,,,
U002830,pagado,complete_kyc,2024-01-30 21:21:57.426700,,,kyc_approved
U002830,pagado,first_transaction,2024-02-01 14:43:46.200296,63.74,False,
U002831,organico,signup,2024-03-12 05:45:09.495492,,,
U002831,organico,login,2024-03-13 09:50:28.304730,,,
U002831,organico,view_service,2024-03-13 13:45:18.052140,,,
U002832,pagado,signup,2024-03-23 14:28:15.605105,,,
U002832,pagado,login,2024-03-24 00:26:41.101018,,,
U002832,pagado,view_service,2024-03-25 00:19:20.462972,,,
U002833,pagado,signup,2024-03-08 19:49:12.510554,,,
U002833,pagado,login,2024-03-10 12:45:51.468982,,,
U002834,organico,signup,2024-01-19 22:51:45.038363,,,
U002834,organico,login,2024-01-21 22:28:08.929295,,,
U002834,organico,view_service,2024-01-22 21:01:25.424621,,,
U002835,pagado,signup,2024-03-29 07:42:15.091173,,,
U002835,pagado,login,2024-03-31 03:24:20.085282,,,
U002836,organico,signup,2024-03-30 09:32:28.558024,,,
U002836,organico,login,2024-03-31 13:54:23.825296,,,
U002837,pagado,signup,2024-02-15 17:18:35.281984,,,
U002837,pagado,login,2024-02-15 17:30:24.038560,,,
U002837,pagado,view_service,2024-02-16 04:56:38.535302,,,
U002838,pagado,signup,2024-01-26 02:37:54.901053,,,
U002838,pagado,login,2024-01-27 16:43:46.005942,,,
U002838,pagado,view_service,2024-01-27 19:40:31.514768,,,
U002839,organico,signup,2024-02-07 05:02:52.013070,,,
U002839,organico,login,2024-02-09 05:01:53.565945,,,
U002839,organico,view_service,2024-02-10 04:48:24.187308,,,
U002840,pagado,signup,2024-03-06 06:50:01.981298,,,
U002840,pagado,login,2024-03-07 18:26:29.893185,,,
U002840,pagado,view_service,2024-03-08 04:19:17.584548,,,
U002841,organico,signup,2024-04-01 10:05:57.155329,,,
U002841,organico,login,2024-04-01 11:19:31.993040,,,
U002841,organico,view_service,2024-04-01 23:37:52.562601,,,
U002842,organico,signup,2024-03-07 04:45:00.347429,,,
U002842,organico,login,2024-03-08 21:28:41.565734,,,
U002842,organico,view_service,2024-03-09 00:58:23.156797,,,
U002842,organico,start_application,2024-03-09 18:48:06.548162,,,
U002842,organico,complete_kyc,2024-03-10 02:09:52.906190,,,kyc_approved
U002843,pagado,signup,2024-01-30 23:31:15.441047,,,
U002843,pagado,login,2024-01-31 05:39:41.967206,,,
U002843,pagado,view_service,2024-02-01 01:29:53.580768,,,
U002843,pagado,start_application,2024-02-02 11:12:13.620461,,,
U002843,pagado,complete_kyc,2024-02-06 00:49:32.877059,,,kyc_approved
U002843,pagado,first_transaction,2024-02-07 09:35:46.154411,11.9,False,
U002843,pagado,repeat_transaction,2024-02-16 13:44:03.796216,97.75,False,
U002843,pagado,repeat_transaction,2024-02-24 17:34:15.059272,28.83,False,
U002843,pagado,repeat_transaction,2024-03-02 16:48:19.958106,39.45,False,
U002843,pagado,repeat_transaction,2024-03-11 21:25:38.614239,14.95,False,
U002843,pagado,repeat_transaction,2024-03-13 03:48:06.920143,52.9,False,
U002843,pagado,repeat_transaction,2024-03-23 01:47:33.417147,23.2,False,
U002843,pagado,repeat_transaction,2024-03-31 20:39:44.316739,39.26,False,
U002843,pagado,repeat_transaction,2024-04-08 19:09:19.723059,30.0,False,
U002843,pagado,repeat_transaction,2024-04-17 02:58:00.244463,140.82,False,
U002843,pagado,repeat_transaction,2024-04-22 01:48:07.534583,146.58,False,
U002843,pagado,repeat_transaction,2024-04-25 23:33:50.279282,37.81,False,
U002843,pagado,repeat_transaction,2024-04-29 21:37:02.940494,38.27,False,
U002844,organico,signup,2024-01-17 01:56:50.114043,,,
U002844,organico,login,2024-01-19 00:53:08.287871,,,
U002844,organico,view_service,2024-01-19 08:57:26.818145,,,
U002845,referido,signup,2024-02-16 11:40:29.551793,,,
U002845,referido,login,2024-02-16 12:21:03.411551,,,
U002845,referido,view_service,2024-02-16 14:01:27.570581,,,
U002846,pagado,signup,2024-03-28 06:35:17.059328,,,
U002846,pagado,login,2024-03-29 19:50:50.248358,,,
U002846,pagado,view_service,2024-03-30 09:15:34.299589,,,
U002847,pagado,signup,2024-02-05 23:50:25.812024,,,
U002847,pagado,login,2024-02-06 05:13:11.034067,,,
U002847,pagado,view_service,2024-02-06 15:49:08.138643,,,
U002848,organico,signup,2024-02-04 09:12:06.934456,,,
U002849,pagado,signup,2024-02-05 04:12:40.606659,,,
U002849,pagado,login,2024-02-05 17:05:51.140238,,,
U002849,pagado,view_service,2024-02-06 11:38:50.933981,,,
U002849,pagado,start_application,2024-02-08 12:10:53.380022,,,
U002849,pagado,complete_kyc,2024-02-10 20:18:50.269743,,,kyc_rejected
U002850,pagado,signup,2024-01-31 00:19:59.402621,,,
U002850,pagado,login,2024-01-31 15:27:23.749169,,,
U002850,pagado,view_service,2024-02-01 00:40:35.290152,,,
U002850,pagado,start_application,2024-02-03 00:37:36.435033,,,
U002850,pagado,complete_kyc,2024-02-03 07:08:04.414281,,,kyc_approved
U002850,pagado,first_transaction,2024-02-05 04:48:36.932664,28.18,False,
U002850,pagado,repeat_transaction,2024-02-06 21:07:49.488045,79.38,False,
U002850,pagado,repeat_transaction,2024-02-12 03:38:55.540058,29.07,False,
U002850,pagado,repeat_transaction,2024-02-18 10:38:54.475765,27.25,False,
U002850,pagado,repeat_transaction,2024-02-26 23:01:56.748413,72.6,False,
U002850,pagado,repeat_transaction,2024-03-06 04:23:50.412494,25.11,False,
U002850,pagado,repeat_transaction,2024-03-14 23:57:01.975815,35.64,False,
U002851,organico,signup,2024-02-29 20:12:24.577053,,,
U002851,organico,login,2024-03-02 05:14:54.626183,,,
U002851,organico,view_service,2024-03-03 03:45:41.868130,,,
U002852,organico,signup,2024-01-27 07:51:40.882467,,,
U002852,organico,login,2024-01-28 22:29:54.418798,,,
U002852,organico,view_service,2024-01-29 06:34:51.424980,,,
U002852,organico,start_application,2024-01-29 16:49:43.423740,,,
U002852,organico,complete_kyc,2024-02-02 02:12:11.426392,,,kyc_approved
U002853,pagado,signup,2024-01-06 04:44:54.983996,,,
U002854,organico,signup,2024-03-29 07:41:26.961467,,,
U002854,organico,login,2024-03-29 22:15:30.871385,,,
U002854,organico,view_service,2024-03-30 20:16:41.699832,,,
U002855,pagado,signup,2024-03-22 03:54:41.213588,,,
U002855,pagado,login,2024-03-23 03:21:51.495544,,,
U002856,organico,signup,2024-03-08 00:37:03.365534,,,
U002856,organico,login,2024-03-09 15:20:43.898038,,,
U002856,organico,view_service,2024-03-09 15:40:51.548584,,,
U002857,referido,signup,2024-02-17 06:06:39.397155,,,
U002857,referido,login,2024-02-17 19:44:54.330117,,,
U002858,organico,signup,2024-01-05 20:07:41.029779,,,
U002858,organico,login,2024-01-05 22:32:16.892771,,,
U002858,organico,view_service,2024-01-06 21:18:48.622290,,,
U002858,organico,start_application,2024-01-09 18:14:09.281737,,,
U002858,organico,complete_kyc,2024-01-11 20:13:30.986037,,,kyc_approved
U002858,organico,first_transaction,2024-01-13 10:44:30.000998,12.1,False,
U002858,organico,repeat_transaction,2024-01-21 10:45:59.888339,59.92,False,
U002858,organico,repeat_transaction,2024-01-23 07:45:52.986070,142.4,False,
U002859,pagado,signup,2024-02-09 12:16:31.849858,,,
U002859,pagado,login,2024-02-11 08:05:18.889450,,,
U002860,referido,signup,2024-03-29 11:32:13.372785,,,
U002860,referido,login,2024-03-29 17:08:01.181231,,,
U002860,referido,view_service,2024-03-30 10:31:32.003299,,,
U002860,referido,start_application,2024-04-01 00:16:42.740507,,,
U002860,referido,complete_kyc,2024-04-01 18:56:14.920676,,,kyc_approved
U002860,referido,first_transaction,2024-04-03 10:13:53.329965,60.63,False,
U002860,referido,repeat_transaction,2024-04-11 11:27:01.732187,101.83,False,
U002860,referido,repeat_transaction,2024-04-20 14:09:52.060821,20.24,False,
U002860,referido,repeat_transaction,2024-04-26 23:30:33.161423,43.18,False,
U002860,referido,repeat_transaction,2024-05-01 11:29:18.470082,18.91,False,
U002860,referido,repeat_transaction,2024-05-03 19:35:37.393692,31.2,False,
U002860,referido,repeat_transaction,2024-05-05 12:39:54.972564,62.84,False,
U002860,referido,repeat_transaction,2024-05-13 05:36:14.688249,39.3,False,
U002860,referido,repeat_transaction,2024-05-22 22:49:32.308233,13.61,False,
U002860,referido,repeat_transaction,2024-05-30 09:21:33.728046,14.58,False,
U002861,pagado,signup,2024-02-06 15:47:18.166862,,,
U002861,pagado,login,2024-02-06 20:30:47.434606,,,
U002861,pagado,view_service,2024-02-07 20:02:00.747787,,,
U002862,pagado,signup,2024-01-30 05:10:35.475609,,,
U002862,pagado,login,2024-01-30 19:12:04.083116,,,
U002862,pagado,view_service,2024-01-31 01:44:01.253030,,,
U002862,pagado,start_application,2024-02-01 05:33:34.936877,,,
U002862,pagado,complete_kyc,2024-02-04 17:40:59.337153,,,kyc_approved
U002862,pagado,first_transaction,2024-02-05 09:15:10.891996,13.92,False,
U002862,pagado,repeat_transaction,2024-02-14 00:12:33.546986,51.63,False,
U002862,pagado,repeat_transaction,2024-02-23 23:22:59.580147,155.2,False,
U002862,pagado,repeat_transaction,2024-03-04 00:20:45.089604,94.99,False,
U002863,pagado,signup,2024-02-15 06:46:43.252898,,,
U002863,pagado,login,2024-02-17 01:38:03.266539,,,
U002863,pagado,view_service,2024-02-17 15:18:00.235239,,,
U002864,referido,signup,2024-03-19 04:07:17.047465,,,
U002864,referido,login,2024-03-19 05:57:08.472535,,,
U002864,referido,view_service,2024-03-19 12:29:59.549351,,,
U002865,organico,signup,2024-01-15 07:22:30.751825,,,
U002865,organico,login,2024-01-16 09:36:55.689429,,,
U002865,organico,view_service,2024-01-16 23:47:03.343344,,,
U002865,organico,start_application,2024-01-18 19:52:50.788147,,,
U002865,organico,complete_kyc,2024-01-20 07:59:30.320933,,,kyc_approved
U002865,organico,first_transaction,2024-01-21 15:54:42.909546,9.71,False,
U002866,referido,signup,2024-02-10 08:47:39.509526,,,
U002866,referido,login,2024-02-10 12:51:56.109047,,,
U002866,referido,view_service,2024-02-10 21:04:10.242343,,,
U002867,organico,signup,2024-04-01 21:59:15.097247,,,
U002867,organico,login,2024-04-03 00:57:38.022087,,,
U002867,organico,view_service,2024-04-03 23:47:10.231662,,,
U002867,organico,start_application,2024-04-06 21:02:48.470514,,,
U002867,organico,complete_kyc,2024-04-10 14:12:02.339259,,,kyc_rejected
U002868,organico,signup,2024-01-10 05:35:37.590578,,,
U002868,organico,login,2024-01-10 23:04:28.249187,,,
U002869,organico,signup,2024-02-06 13:12:10.306519,,,
U002869,organico,login,2024-02-08 02:31:06.704482,,,
U002869,organico,view_service,2024-02-08 09:12:59.044483,,,
U002870,pagado,signup,2024-01-27 14:46:10.894416,,,
U002870,pagado,login,2024-01-27 23:47:32.889881,,,
U002870,pagado,view_service,2024-01-28 16:36:45.998722,,,
U002871,organico,signup,2024-02-22 15:08:04.535843,,,
U002871,organico,login,2024-02-24 13:12:15.549684,,,
U002871,organico,view_service,2024-02-25 00:47:59.655603,,,
U002872,pagado,signup,2024-03-06 05:11:31.004302,,,
U002872,pagado,login,2024-03-06 05:21:56.011054,,,
U002872,pagado,view_service,2024-03-06 11:24:38.842076,,,
U002873,pagado,signup,2024-01-17 15:00:32.265222,,,
U002873,pagado,login,2024-01-18 13:33:47.915216,,,
U002873,pagado,view_service,2024-01-19 04:28:59.551433,,,
U002873,pagado,start_application,2024-01-19 20:31:21.467175,,,
U002873,pagado,complete_kyc,2024-01-23 07:46:17.908437,,,kyc_approved
U002873,pagado,first_transaction,2024-01-23 14:15:15.624605,98.96,False,
U002873,pagado,repeat_transaction,2024-01-25 18:15:48.403263,70.49,False,
U002873,pagado,repeat_transaction,2024-01-30 00:02:29.266960,12.41,False,
U002873,pagado,repeat_transaction,2024-02-04 07:03:01.388275,29.6,False,
U002873,pagado,repeat_transaction,2024-02-09 09:32:37.657660,78.8,False,
U002873,pagado,repeat_transaction,2024-02-14 09:51:30.498553,53.8,False,
U002873,pagado,repeat_transaction,2024-02-16 21:28:02.143098,14.64,False,
U002873,pagado,repeat_transaction,2024-02-25 03:14:41.089589,56.12,False,
U002873,pagado,repeat_transaction,2024-02-29 05:36:29.282542,8.2,False,
U002873,pagado,repeat_transaction,2024-03-09 15:42:57.736357,31.31,False,
U002873,pagado,repeat_transaction,2024-03-13 10:27:45.356710,81.17,False,
U002874,organico,signup,2024-02-05 14:13:38.349456,,,
U002874,organico,login,2024-02-07 03:00:43.627339,,,
U002874,organico,view_service,2024-02-07 22:59:34.626088,,,
U002875,organico,signup,2024-03-13 07:08:23.217283,,,
U002875,organico,login,2024-03-13 23:06:19.764132,,,
U002875,organico,view_service,2024-03-14 15:43:39.213264,,,
U002876,pagado,signup,2024-02-23 19:30:19.426401,,,
U002876,pagado,login,2024-02-24 04:06:54.813554,,,
U002876,pagado,view_service,2024-02-24 07:17:52.585369,,,
U002877,organico,signup,2024-03-29 22:02:50.862730,,,
U002877,organico,login,2024-03-31 08:17:06.823247,,,
U002877,organico,view_service,2024-03-31 19:41:32.417251,,,
U002878,organico,signup,2024-03-13 21:35:06.032197,,,
U002878,organico,login,2024-03-14 18:29:54.364271,,,
U002878,organico,view_service,2024-03-15 12:25:19.682516,,,
U002878,organico,start_application,2024-03-16 04:41:13.422490,,,
U002878,organico,complete_kyc,2024-03-18 12:01:20.380165,,,kyc_approved
U002878,organico,first_transaction,2024-03-19 18:38:41.501938,37.07,False,
U002878,organico,repeat_transaction,2024-03-29 12:40:29.611644,25.81,False,
U002878,organico,repeat_transaction,2024-04-04 13:41:39.577829,68.21,False,
U002878,organico,repeat_transaction,2024-04-07 03:02:39.479896,72.41,False,
U002878,organico,repeat_transaction,2024-04-11 02:47:49.241410,91.56,False,
U002878,organico,repeat_transaction,2024-04-12 21:40:19.501414,67.49,False,
U002878,organico,repeat_transaction,2024-04-15 19:50:42.527359,78.02,False,
U002878,organico,repeat_transaction,2024-04-20 15:06:33.927006,61.13,False,
U002878,organico,repeat_transaction,2024-04-23 09:35:49.454187,44.07,False,
U002878,organico,repeat_transaction,2024-04-29 15:36:51.368419,38.96,False,
U002878,organico,repeat_transaction,2024-05-03 19:52:45.796424,31.0,False,
U002878,organico,repeat_transaction,2024-05-09 21:25:40.605530,15.66,False,
U002878,organico,repeat_transaction,2024-05-15 08:00:58.743485,18.75,False,
U002879,organico,signup,2024-02-14 17:01:16.216249,,,
U002879,organico,login,2024-02-14 23:35:40.690930,,,
U002879,organico,view_service,2024-02-15 16:50:35.179249,,,
U002879,organico,start_application,2024-02-18 01:40:18.459385,,,
U002879,organico,complete_kyc,2024-02-18 11:28:30.519616,,,kyc_approved
U002879,organico,first_transaction,2024-02-19 07:06:31.542866,30.04,False,
U002879,organico,repeat_transaction,2024-02-23 04:10:18.885683,43.34,False,
U002879,organico,repeat_transaction,2024-02-27 02:01:05.974221,100.34,False,
U002879,organico,repeat_transaction,2024-03-01 08:44:37.246191,35.54,False,
U002880,pagado,signup,2024-01-06 13:06:40.185104,,,
U002880,pagado,login,2024-01-08 02:47:19.776303,,,
U002881,organico,signup,2024-02-17 00:20:40.616358,,,
U002881,organico,login,2024-02-18 01:06:20.380908,,,
U002881,organico,view_service,2024-02-18 05:32:52.501909,,,
U002881,organico,start_application,2024-02-18 18:11:38.907347,,,
U002881,organico,complete_kyc,2024-02-22 04:36:53.333232,,,kyc_rejected
U002882,organico,signup,2024-02-09 19:44:06.249038,,,
U002882,organico,login,2024-02-10 20:33:52.592706,,,
U002883,referido,signup,2024-02-02 12:52:28.897808,,,
U002883,referido,login,2024-02-03 04:52:19.560144,,,
U002883,referido,view_service,2024-02-03 10:07:21.658996,,,
U002884,organico,signup,2024-03-27 04:45:25.834211,,,
U002884,organico,login,2024-03-28 13:12:51.333643,,,
U002884,organico,view_service,2024-03-29 01:11:03.575099,,,
U002884,organico,start_application,2024-03-31 18:13:28.009266,,,
U002884,organico,complete_kyc,2024-04-03 21:53:04.170008,,,kyc_approved
U002884,organico,first_transaction,2024-04-05 10:49:17.378521,73.88,False,
U002884,organico,repeat_transaction,2024-04-08 07:29:38.294023,77.91,False,
U002885,organico,signup,2024-02-29 16:08:34.900055,,,
U002885,organico,login,2024-03-02 11:56:59.759907,,,
U002885,organico,view_service,2024-03-03 09:26:44.494134,,,
U002886,referido,signup,2024-01-05 11:23:28.591513,,,
U002886,referido,login,2024-01-06 15:06:06.660365,,,
U002886,referido,view_service,2024-01-07 11:19:35.716795,,,
U002887,organico,signup,2024-03-06 03:08:11.444042,,,
U002887,organico,login,2024-03-06 16:18:38.818211,,,
U002887,organico,view_service,2024-03-07 12:35:27.451197,,,
U002888,organico,signup,2024-01-13 17:01:28.776870,,,
U002888,organico,login,2024-01-14 11:48:28.688746,,,
U002888,organico,view_service,2024-01-15 07:14:58.266180,,,
U002889,pagado,signup,2024-01-21 23:17:23.386764,,,
U002889,pagado,login,2024-01-23 15:59:17.771957,,,
U002889,pagado,view_service,2024-01-24 09:09:56.157424,,,
U002890,organico,signup,2024-02-11 19:55:08.717065,,,
U002890,organico,login,2024-02-13 06:57:08.363655,,,
U002890,organico,view_service,2024-02-13 20:25:11.912664,,,
U002890,organico,start_application,2024-02-14 00:30:08.324938,,,
U002890,organico,complete_kyc,2024-02-16 00:40:39.861251,,,kyc_approved
U002890,organico,first_transaction,2024-02-17 05:17:48.415929,31.12,False,
U002891,organico,signup,2024-03-08 02:11:16.733810,,,
U002891,organico,login,2024-03-09 10:51:12.594966,,,
U002891,organico,view_service,2024-03-10 01:29:54.476628,,,
U002892,pagado,signup,2024-03-01 17:36:27.527514,,,
U002892,pagado,login,2024-03-02 12:37:17.229722,,,
U002893,referido,signup,2024-02-01 17:38:37.650761,,,
U002893,referido,login,2024-02-03 06:14:46.159711,,,
U002893,referido,view_service,2024-02-03 07:49:12.600789,,,
U002894,organico,signup,2024-03-22 09:09:26.632217,,,
U002894,organico,login,2024-03-23 04:07:24.815294,,,
U002894,organico,view_service,2024-03-23 21:12:07.790522,,,
U002894,organico,start_application,2024-03-26 20:31:32.620791,,,
U002894,organico,complete_kyc,2024-03-28 07:16:54.712171,,,kyc_approved
U002894,organico,first_transaction,2024-03-29 04:42:47.965586,55.49,False,
U002895,referido,signup,2024-03-06 18:07:35.400642,,,
U002895,referido,login,2024-03-07 18:14:41.904735,,,
U002895,referido,view_service,2024-03-08 12:02:21.925639,,,
U002895,referido,start_application,2024-03-11 02:13:44.082946,,,
U002895,referido,complete_kyc,2024-03-14 02:42:39.469461,,,kyc_rejected
U002896,pagado,signup,2024-02-14 12:13:42.712493,,,
U002896,pagado,login,2024-02-15 08:14:11.530554,,,
U002897,organico,signup,2024-02-27 17:42:40.396115,,,
U002897,organico,login,2024-02-29 05:42:09.535167,,,
U002897,organico,view_service,2024-02-29 16:47:20.649958,,,
U002898,organico,signup,2024-01-29 10:20:09.254686,,,
U002898,organico,login,2024-01-29 14:42:26.032925,,,
U002898,organico,view_service,2024-01-30 04:50:07.475716,,,
U002899,pagado,signup,2024-02-25 05:09:37.751941,,,
U002899,pagado,login,2024-02-27 03:54:46.358843,,,
U002900,organico,signup,2024-03-01 16:35:10.027981,,,
U002900,organico,login,2024-03-01 21:42:33.677263,,,
U002901,organico,signup,2024-02-22 22:40:06.956028,,,
U002901,organico,login,2024-02-23 01:51:01.497191,,,
U002901,organico,view_service,2024-02-23 14:57:13.368095,,,
U002902,organico,signup,2024-02-16 01:24:21.952234,,,
U002902,organico,login,2024-02-16 04:44:04.136708,,,
U002902,organico,view_service,2024-02-16 21:33:31.304556,,,
U002903,organico,signup,2024-02-14 05:30:15.296233,,,
U002903,organico,login,2024-02-15 10:20:45.218233,,,
U002903,organico,view_service,2024-02-16 02:59:11.593053,,,
U002903,organico,start_application,2024-02-16 12:24:29.183222,,,
U002903,organico,complete_kyc,2024-02-18 17:07:37.482865,,,kyc_approved
U002903,organico,first_transaction,2024-02-20 10:52:55.859758,30.86,False,
U002903,organico,repeat_transaction,2024-02-27 10:55:56.137267,92.34,False,
U002903,organico,repeat_transaction,2024-03-04 09:04:15.109042,57.12,False,
U002903,organico,repeat_transaction,2024-03-06 23:22:31.470222,15.91,False,
U002903,organico,repeat_transaction,2024-03-15 03:36:32.757817,40.98,False,
U002903,organico,repeat_transaction,2024-03-17 10:39:09.109288,116.01,False,
U002903,organico,repeat_transaction,2024-03-23 04:31:05.064446,32.24,False,
U002903,organico,repeat_transaction,2024-03-27 13:25:26.260594,50.07,False,
U002903,organico,repeat_transaction,2024-03-31 17:11:09.290882,53.63,False,
U002903,organico,repeat_transaction,2024-04-07 13:21:08.164011,17.71,False,
U002903,organico,repeat_transaction,2024-04-17 01:05:16.677663,52.33,False,
U002903,organico,repeat_transaction,2024-04-24 00:33:09.845733,13.8,False,
U002903,organico,repeat_transaction,2024-04-29 12:18:05.354896,23.62,False,
U002903,organico,repeat_transaction,2024-05-06 14:17:36.006319,77.71,False,
U002904,organico,signup,2024-01-16 02:24:06.196008,,,
U002904,organico,login,2024-01-18 00:43:14.400444,,,
U002905,referido,signup,2024-03-07 09:17:14.641815,,,
U002905,referido,login,2024-03-08 08:23:17.411224,,,
U002905,referido,view_service,2024-03-08 15:52:28.641102,,,
U002906,organico,signup,2024-01-04 23:28:36.693753,,,
U002906,organico,login,2024-01-05 14:54:27.924314,,,
U002906,organico,view_service,2024-01-05 14:59:37.978910,,,
U002907,pagado,signup,2024-03-14 14:15:56.412785,,,
U002907,pagado,login,2024-03-15 00:31:38.769226,,,
U002907,pagado,view_service,2024-03-15 19:03:56.150862,,,
U002908,organico,signup,2024-01-19 19:57:32.483971,,,
U002908,organico,login,2024-01-20 11:53:22.912300,,,
U002909,organico,signup,2024-03-15 23:51:35.079467,,,
U002909,organico,login,2024-03-16 10:55:21.564609,,,
U002910,pagado,signup,2024-03-19 14:41:12.709460,,,
U002910,pagado,login,2024-03-21 10:50:56.362182,,,
U002910,pagado,view_service,2024-03-21 13:38:23.666659,,,
U002911,organico,signup,2024-01-18 19:17:07.599739,,,
U002911,organico,login,2024-01-19 19:16:29.750506,,,
U002911,organico,view_service,2024-01-20 02:49:35.802641,,,
U002911,organico,start_application,2024-01-20 14:45:38.120612,,,
U002911,organico,complete_kyc,2024-01-23 00:35:16.604227,,,kyc_approved
U002912,organico,signup,2024-02-14 08:13:53.200229,,,
U002912,organico,login,2024-02-16 03:52:45.541322,,,
U002912,organico,view_service,2024-02-16 07:51:12.300231,,,
U002912,organico,start_application,2024-02-17 09:30:24.766014,,,
U002912,organico,complete_kyc,2024-02-19 18:06:46.646863,,,kyc_approved
U002913,organico,signup,2024-01-03 23:30:16.541876,,,
U002913,organico,login,2024-01-04 05:06:21.537387,,,
U002913,organico,view_service,2024-01-04 15:40:19.335373,,,
U002913,organico,start_application,2024-01-07 14:01:01.771622,,,
U002913,organico,complete_kyc,2024-01-08 12:39:30.380374,,,kyc_approved
U002913,organico,first_transaction,2024-01-09 09:53:34.415885,46.98,False,
U002913,organico,repeat_transaction,2024-01-17 16:02:25.784040,29.57,False,
U002913,organico,repeat_transaction,2024-01-24 00:41:21.840558,50.02,False,
U002913,organico,repeat_transaction,2024-02-02 03:46:17.552744,35.09,False,
U002913,organico,repeat_transaction,2024-02-07 05:33:04.093121,36.92,False,
U002913,organico,repeat_transaction,2024-02-15 10:18:20.084249,57.96,False,
U002913,organico,repeat_transaction,2024-02-18 16:59:21.424917,22.0,False,
U002913,organico,repeat_transaction,2024-02-28 07:56:16.743969,37.65,False,
U002913,organico,repeat_transaction,2024-03-08 17:24:08.855286,29.41,False,
U002914,organico,signup,2024-03-18 07:16:26.161556,,,
U002914,organico,login,2024-03-19 06:12:33.609967,,,
U002914,organico,view_service,2024-03-19 16:45:48.688367,,,
U002914,organico,start_application,2024-03-20 03:02:41.267290,,,
U002914,organico,complete_kyc,2024-03-22 04:01:10.411434,,,kyc_approved
U002914,organico,first_transaction,2024-03-22 22:29:19.106343,12.06,False,
U002915,referido,signup,2024-01-09 20:56:49.506891,,,
U002915,referido,login,2024-01-10 12:57:18.576782,,,
U002915,referido,view_service,2024-01-11 09:51:10.759050,,,
U002916,referido,signup,2024-02-28 13:27:51.465771,,,
U002916,referido,login,2024-02-29 04:52:38.660108,,,
U002916,referido,view_service,2024-02-29 07:38:28.244890,,,
U002916,referido,start_application,2024-03-01 06:53:56.588648,,,
U002916,referido,complete_kyc,2024-03-02 18:11:29.965048,,,kyc_approved
U002916,referido,first_transaction,2024-03-02 21:30:30.554889,19.21,False,
U002916,referido,repeat_transaction,2024-03-06 12:14:44.372407,109.7,False,
U002916,referido,repeat_transaction,2024-03-13 10:18:38.062756,47.91,False,
U002916,referido,repeat_transaction,2024-03-15 08:35:26.566153,14.49,False,
U002917,pagado,signup,2024-01-25 02:38:24.276306,,,
U002918,organico,signup,2024-01-23 16:17:41.423325,,,
U002918,organico,login,2024-01-24 10:02:33.048102,,,
U002919,organico,signup,2024-02-23 07:50:08.359696,,,
U002919,organico,login,2024-02-24 17:39:13.351067,,,
U002919,organico,view_service,2024-02-25 15:38:50.433839,,,
U002920,pagado,signup,2024-03-11 01:50:40.564109,,,
U002920,pagado,login,2024-03-12 04:23:12.710787,,,
U002921,pagado,signup,2024-01-24 20:49:18.494052,,,
U002921,pagado,login,2024-01-26 03:38:11.541412,,,
U002921,pagado,view_service,2024-01-26 09:36:30.223094,,,
U002922,organico,signup,2024-01-04 22:47:42.244176,,,
U002922,organico,login,2024-01-06 13:42:49.961754,,,
U002923,referido,signup,2024-03-13 22:34:42.571281,,,
U002923,referido,login,2024-03-15 22:23:04.779203,,,
U002923,referido,view_service,2024-03-16 09:03:39.765029,,,
U002923,referido,start_application,2024-03-17 13:54:05.839164,,,
U002923,referido,complete_kyc,2024-03-21 08:39:49.966538,,,kyc_rejected
U002924,pagado,signup,2024-01-03 23:47:05.782661,,,
U002924,pagado,login,2024-01-05 21:22:10.029392,,,
U002924,pagado,view_service,2024-01-06 00:57:26.134736,,,
U002925,organico,signup,2024-02-05 17:43:43.446997,,,
U002925,organico,login,2024-02-07 05:10:15.900706,,,
U002925,organico,view_service,2024-02-07 08:07:14.297055,,,
U002926,organico,signup,2024-03-27 13:07:13.106025,,,
U002926,organico,login,2024-03-28 15:44:18.611018,,,
U002926,organico,view_service,2024-03-29 05:55:35.168621,,,
U002927,pagado,signup,2024-01-29 20:51:29.594060,,,
U002927,pagado,login,2024-01-31 06:02:30.899304,,,
U002928,organico,signup,2024-01-15 07:05:51.932590,,,
U002928,organico,login,2024-01-15 08:47:23.290220,,,
U002928,organico,view_service,2024-01-16 01:33:43.355412,,,
U002928,organico,start_application,2024-01-16 07:33:46.674075,,,
U002928,organico,complete_kyc,2024-01-17 02:11:48.078072,,,kyc_approved
U002928,organico,first_transaction,2024-01-17 23:46:36.089122,12.45,False,
U002928,organico,repeat_transaction,2024-01-21 20:22:20.128880,33.83,False,
U002928,organico,repeat_transaction,2024-01-27 19:46:30.146125,109.16,False,
U002929,pagado,signup,2024-01-19 08:23:22.518592,,,
U002929,pagado,login,2024-01-20 06:02:05.265526,,,
U002930,pagado,signup,2024-01-16 07:00:35.807293,,,
U002930,pagado,login,2024-01-16 21:58:03.221072,,,
U002930,pagado,view_service,2024-01-17 00:29:40.520693,,,
U002930,pagado,start_application,2024-01-19 15:12:17.378961,,,
U002930,pagado,complete_kyc,2024-01-21 08:23:51.849418,,,kyc_approved
U002930,pagado,first_transaction,2024-01-23 06:21:24.571487,32.11,False,
U002930,pagado,repeat_transaction,2024-01-29 07:09:30.817653,91.37,False,
U002930,pagado,repeat_transaction,2024-02-03 19:33:37.027528,46.82,False,
U002930,pagado,repeat_transaction,2024-02-08 15:22:17.300835,50.9,False,
U002930,pagado,repeat_transaction,2024-02-14 06:48:13.760136,14.37,False,
U002930,pagado,repeat_transaction,2024-02-19 06:30:05.893146,70.55,False,
U002930,pagado,repeat_transaction,2024-02-23 19:44:58.010132,28.95,False,
U002930,pagado,repeat_transaction,2024-02-28 13:07:20.462233,66.96,False,
U002931,organico,signup,2024-02-05 08:37:35.960273,,,
U002931,organico,login,2024-02-05 20:23:27.464222,,,
U002932,pagado,signup,2024-01-28 23:10:48.891837,,,
U002932,pagado,login,2024-01-30 05:52:44.260216,,,
U002933,organico,signup,2024-03-01 15:48:03.379252,,,
U002933,organico,login,2024-03-02 07:37:19.829659,,,
U002934,pagado,signup,2024-03-01 07:49:40.665389,,,
U002934,pagado,login,2024-03-02 09:49:18.201588,,,
U002934,pagado,view_service,2024-03-02 17:39:48.447810,,,
U002935,organico,signup,2024-02-14 21:22:39.636063,,,
U002935,organico,login,2024-02-15 04:36:49.545462,,,
U002935,organico,view_service,2024-02-15 08:19:33.963106,,,
U002936,organico,signup,2024-03-09 02:22:45.086199,,,
U002936,organico,login,2024-03-09 21:55:47.324933,,,
U002936,organico,view_service,2024-03-10 14:03:11.033416,,,
U002937,pagado,signup,2024-01-12 15:43:57.436106,,,
U002937,pagado,login,2024-01-13 12:45:06.441350,,,
U002937,pagado,view_service,2024-01-13 19:36:58.854265,,,
U002938,organico,signup,2024-02-29 22:35:43.245362,,,
U002938,organico,login,2024-03-01 14:46:33.966938,,,
U002938,organico,view_service,2024-03-02 13:33:13.564394,,,
U002939,organico,signup,2024-02-27 09:07:55.002943,,,
U002939,organico,login,2024-02-28 17:53:19.599837,,,
U002940,organico,signup,2024-02-25 22:28:02.130877,,,
U002940,organico,login,2024-02-26 15:15:00.257961,,,
U002940,organico,view_service,2024-02-27 12:45:01.812480,,,
U002941,referido,signup,2024-03-25 01:17:07.021556,,,
U002941,referido,login,2024-03-25 11:48:18.666948,,,
U002941,referido,view_service,2024-03-25 15:12:38.492483,,,
U002941,referido,start_application,2024-03-26 17:23:50.812127,,,
U002941,referido,complete_kyc,2024-03-29 19:32:54.681307,,,kyc_rejected
U002942,organico,signup,2024-01-06 04:24:47.503367,,,
U002942,organico,login,2024-01-07 17:04:09.795059,,,
U002942,organico,view_service,2024-01-08 08:30:53.938297,,,
U002942,organico,start_application,2024-01-09 04:10:56.453554,,,
U002942,organico,complete_kyc,2024-01-11 17:25:30.963483,,,kyc_approved
U002942,organico,first_transaction,2024-01-13 03:32:36.738841,20.7,False,
U002942,organico,repeat_transaction,2024-01-14 11:09:02.219870,41.43,False,
U002942,organico,repeat_transaction,2024-01-15 18:40:54.212399,46.82,False,
U002942,organico,repeat_transaction,2024-01-22 02:29:18.366806,32.86,False,
U002942,organico,repeat_transaction,2024-01-28 01:01:24.238689,48.58,False,
U002942,organico,repeat_transaction,2024-02-06 19:10:07.167002,30.37,False,
U002942,organico,repeat_transaction,2024-02-12 17:59:53.806189,23.23,False,
U002942,organico,repeat_transaction,2024-02-20 22:35:21.420187,112.6,False,
U002942,organico,repeat_transaction,2024-02-27 15:05:38.439441,76.27,False,
U002942,organico,repeat_transaction,2024-02-29 13:39:49.694865,21.49,True,
U002942,organico,repeat_transaction,2024-03-06 17:56:24.557981,54.48,False,
U002943,organico,signup,2024-02-22 07:38:43.908230,,,
U002943,organico,login,2024-02-23 23:14:43.937932,,,
U002944,pagado,signup,2024-01-12 19:28:38.992255,,,
U002944,pagado,login,2024-01-13 22:26:49.304790,,,
U002944,pagado,view_service,2024-01-13 22:55:25.593147,,,
U002945,pagado,signup,2024-02-05 06:49:05.195484,,,
U002945,pagado,login,2024-02-05 09:32:08.887652,,,
U002945,pagado,view_service,2024-02-05 17:22:54.788724,,,
U002946,organico,signup,2024-01-16 06:01:27.672510,,,
U002946,organico,login,2024-01-16 16:36:58.227697,,,
U002946,organico,view_service,2024-01-17 03:14:13.591571,,,
U002947,organico,signup,2024-01-18 08:47:29.180487,,,
U002947,organico,login,2024-01-19 12:51:54.730461,,,
U002948,pagado,signup,2024-02-29 10:34:29.932087,,,
U002948,pagado,login,2024-03-01 13:16:38.449390,,,
U002948,pagado,view_service,2024-03-02 04:50:11.284939,,,
U002949,organico,signup,2024-02-13 04:39:04.107764,,,
U002949,organico,login,2024-02-14 17:49:33.793261,,,
U002949,organico,view_service,2024-02-15 04:02:17.103100,,,
U002950,organico,signup,2024-03-27 05:32:40.903371,,,
U002950,organico,login,2024-03-27 17:44:17.496534,,,
U002950,organico,view_service,2024-03-28 03:47:05.088997,,,
U002950,organico,start_application,2024-03-28 22:55:54.156071,,,
U002950,organico,complete_kyc,2024-04-01 00:35:26.025658,,,kyc_approved
U002950,organico,first_transaction,2024-04-01 14:17:26.721444,21.76,False,
U002951,pagado,signup,2024-01-15 19:29:18.374963,,,
U002951,pagado,login,2024-01-17 06:28:43.728663,,,
U002951,pagado,view_service,2024-01-17 08:35:45.473579,,,
U002952,pagado,signup,2024-03-22 08:21:03.046125,,,
U002952,pagado,login,2024-03-23 11:09:53.682257,,,
U002952,pagado,view_service,2024-03-23 23:19:59.403426,,,
U002953,organico,signup,2024-02-26 01:48:19.086592,,,
U002953,organico,login,2024-02-27 06:22:08.002290,,,
U002954,pagado,signup,2024-01-30 07:04:37.127373,,,
U002954,pagado,login,2024-01-31 16:56:53.118590,,,
U002954,pagado,view_service,2024-02-01 08:48:09.332978,,,
U002954,pagado,start_application,2024-02-02 16:17:28.068107,,,
U002954,pagado,complete_kyc,2024-02-06 01:28:30.249840,,,kyc_rejected
U002955,organico,signup,2024-01-18 00:37:19.290242,,,
U002955,organico,login,2024-01-18 08:08:34.121465,,,
U002955,organico,view_service,2024-01-18 17:25:22.221075,,,
U002956,organico,signup,2024-03-27 17:44:13.006544,,,
U002956,organico,login,2024-03-28 06:05:28.532920,,,
U002956,organico,view_service,2024-03-28 22:37:01.931226,,,
U002956,organico,start_application,2024-03-31 11:17:25.791270,,,
U002956,organico,complete_kyc,2024-04-02 18:45:50.650934,,,kyc_approved
U002957,referido,signup,2024-02-28 07:57:11.266774,,,
U002957,referido,login,2024-02-29 01:40:13.151957,,,
U002958,pagado,signup,2024-01-08 11:06:46.559731,,,
U002958,pagado,login,2024-01-08 19:26:52.968591,,,
U002958,pagado,view_service,2024-01-08 23:14:33.826420,,,
U002958,pagado,start_application,2024-01-10 03:28:35.743490,,,
U002958,pagado,complete_kyc,2024-01-10 23:36:14.223517,,,kyc_approved
U002958,pagado,first_transaction,2024-01-12 07:09:14.043313,15.97,False,
U002958,pagado,repeat_transaction,2024-01-19 21:32:50.578864,75.46,False,
U002958,pagado,repeat_transaction,2024-01-24 13:23:47.992804,11.1,False,
U002959,organico,signup,2024-01-16 07:52:20.438793,,,
U002959,organico,login,2024-01-17 04:32:51.108528,,,
U002959,organico,view_service,2024-01-18 01:43:24.768880,,,
U002959,organico,start_application,2024-01-19 14:14:55.455610,,,
U002959,organico,complete_kyc,2024-01-21 15:19:45.697531,,,kyc_approved
U002959,organico,first_transaction,2024-01-22 05:27:32.814949,70.02,False,
U002960,pagado,signup,2024-02-12 11:55:08.277142,,,
U002961,organico,signup,2024-02-25 19:58:57.867855,,,
U002961,organico,login,2024-02-26 12:41:01.779334,,,
U002962,organico,signup,2024-03-20 16:44:35.512537,,,
U002962,organico,login,2024-03-21 05:19:39.296528,,,
U002963,referido,signup,2024-01-03 02:22:05.069327,,,
U002963,referido,login,2024-01-04 21:27:41.083376,,,
U002963,referido,view_service,2024-01-05 02:31:21.527715,,,
U002963,referido,start_application,2024-01-05 16:23:00.821037,,,
U002963,referido,complete_kyc,2024-01-07 06:46:51.828330,,,kyc_rejected
U002964,pagado,signup,2024-01-03 13:50:15.437892,,,
U002964,pagado,login,2024-01-04 22:32:16.102594,,,
U002964,pagado,view_service,2024-01-05 03:22:14.718270,,,
U002965,pagado,signup,2024-03-02 17:08:31.686808,,,
U002965,pagado,login,2024-03-03 12:18:25.067579,,,
U002965,pagado,view_service,2024-03-04 07:56:36.174828,,,
U002965,pagado,start_application,2024-03-05 14:29:02.476021,,,
U002965,pagado,complete_kyc,2024-03-07 18:20:19.411724,,,kyc_rejected
U002966,referido,signup,2024-01-22 12:22:49.067225,,,
U002966,referido,login,2024-01-23 19:20:58.146076,,,
U002966,referido,view_service,2024-01-24 00:02:40.291349,,,
U002966,referido,start_application,2024-01-24 19:59:28.261645,,,
U002966,referido,complete_kyc,2024-01-28 09:02:12.952009,,,kyc_rejected
U002967,pagado,signup,2024-02-20 01:41:06.983743,,,
U002967,pagado,login,2024-02-20 05:55:57.969509,,,
U002967,pagado,view_service,2024-02-21 01:13:32.933320,,,
U002967,pagado,start_application,2024-02-22 04:28:25.742519,,,
U002967,pagado,complete_kyc,2024-02-23 21:41:10.078980,,,kyc_approved
U002967,pagado,first_transaction,2024-02-24 09:04:30.827576,30.66,False,
U002967,pagado,repeat_transaction,2024-02-25 17:15:21.225425,31.56,False,
U002967,pagado,repeat_transaction,2024-03-05 22:25:52.748040,48.76,False,
U002967,pagado,repeat_transaction,2024-03-14 05:20:05.883027,54.97,False,
U002967,pagado,repeat_transaction,2024-03-23 18:56:49.054093,20.52,False,
U002967,pagado,repeat_transaction,2024-03-30 05:39:14.007726,60.49,False,
U002967,pagado,repeat_transaction,2024-04-08 13:09:29.946248,39.62,False,
U002967,pagado,repeat_transaction,2024-04-15 07:02:13.757931,15.19,False,
U002968,pagado,signup,2024-03-21 02:06:44.297308,,,
U002968,pagado,login,2024-03-22 16:09:09.622777,,,
U002968,pagado,view_service,2024-03-22 17:14:06.746012,,,
U002969,organico,signup,2024-02-18 16:13:36.903080,,,
U002969,organico,login,2024-02-19 21:42:57.396827,,,
U002969,organico,view_service,2024-02-20 19:52:38.229374,,,
U002969,organico,start_application,2024-02-21 05:45:07.056022,,,
U002969,organico,complete_kyc,2024-02-23 16:59:48.232238,,,kyc_approved
U002969,organico,first_transaction,2024-02-25 16:56:26.858187,32.5,False,
U002969,organico,repeat_transaction,2024-03-06 07:26:24.737399,96.24,False,
U002969,organico,repeat_transaction,2024-03-11 01:48:52.145996,118.35,False,
U002969,organico,repeat_transaction,2024-03-20 21:37:42.119541,60.47,False,
U002969,organico,repeat_transaction,2024-03-26 20:56:05.499544,15.91,False,
U002969,organico,repeat_transaction,2024-04-01 21:16:47.748365,51.6,False,
U002969,organico,repeat_transaction,2024-04-11 06:46:36.251221,66.39,False,
U002969,organico,repeat_transaction,2024-04-12 15:50:33.817252,60.82,False,
U002969,organico,repeat_transaction,2024-04-17 21:35:17.877981,63.4,False,
U002969,organico,repeat_transaction,2024-04-23 15:05:11.195959,47.19,False,
U002969,organico,repeat_transaction,2024-04-25 08:57:43.093662,34.79,False,
U002969,organico,repeat_transaction,2024-04-28 03:39:41.524553,23.91,False,
U002969,organico,repeat_transaction,2024-05-04 17:23:29.939027,9.69,False,
U002969,organico,repeat_transaction,2024-05-14 07:27:59.234998,46.42,False,
U002969,organico,repeat_transaction,2024-05-15 18:42:32.605858,41.69,False,
U002970,pagado,signup,2024-02-06 14:26:08.765946,,,
U002970,pagado,login,2024-02-06 23:01:37.435161,,,
U002970,pagado,view_service,2024-02-07 05:53:30.928238,,,
U002970,pagado,start_application,2024-02-09 17:19:57.993315,,,
U002970,pagado,complete_kyc,2024-02-13 07:05:46.957386,,,kyc_approved
U002970,pagado,first_transaction,2024-02-14 08:47:14.938698,54.07,False,
U002970,pagado,repeat_transaction,2024-02-16 21:07:37.000647,14.35,False,
U002970,pagado,repeat_transaction,2024-02-18 22:26:35.000783,57.48,False,
U002970,pagado,repeat_transaction,2024-02-21 12:03:04.115952,154.19,False,
U002970,pagado,repeat_transaction,2024-02-29 22:30:21.096995,38.66,False,
U002971,pagado,signup,2024-01-25 03:28:59.358672,,,
U002971,pagado,login,2024-01-25 15:30:06.131892,,,
U002971,pagado,view_service,2024-01-26 11:48:27.306157,,,
U002971,pagado,start_application,2024-01-28 19:19:55.642241,,,
U002971,pagado,complete_kyc,2024-01-30 06:57:34.928715,,,kyc_approved
U002971,pagado,first_transaction,2024-01-31 08:46:56.086817,35.05,False,
U002971,pagado,repeat_transaction,2024-02-05 10:57:32.205031,45.44,False,
U002971,pagado,repeat_transaction,2024-02-10 17:40:41.410267,151.81,False,
U002971,pagado,repeat_transaction,2024-02-19 04:59:39.205584,17.88,False,
U002971,pagado,repeat_transaction,2024-02-29 01:10:41.953957,42.19,False,
U002971,pagado,repeat_transaction,2024-03-02 23:58:56.308495,20.91,False,
U002972,pagado,signup,2024-02-18 13:40:23.475605,,,
U002973,pagado,signup,2024-02-29 15:06:11.451209,,,
U002973,pagado,login,2024-03-01 17:03:10.853809,,,
U002973,pagado,view_service,2024-03-01 17:25:44.391260,,,
U002974,pagado,signup,2024-03-29 20:30:40.720483,,,
U002974,pagado,login,2024-03-30 17:52:09.715954,,,
U002974,pagado,view_service,2024-03-31 09:00:41.188299,,,
U002974,pagado,start_application,2024-04-01 01:26:03.379030,,,
U002974,pagado,complete_kyc,2024-04-02 12:33:34.876767,,,kyc_approved
U002974,pagado,first_transaction,2024-04-03 02:12:12.801450,24.96,False,
U002974,pagado,repeat_transaction,2024-04-07 11:09:05.852593,35.35,False,
U002974,pagado,repeat_transaction,2024-04-12 05:59:05.624458,93.98,False,
U002974,pagado,repeat_transaction,2024-04-13 16:31:02.093752,129.11,False,
U002974,pagado,repeat_transaction,2024-04-14 23:12:43.229936,50.08,False,
U002974,pagado,repeat_transaction,2024-04-22 01:28:56.938842,28.12,False,
U002974,pagado,repeat_transaction,2024-05-01 07:53:58.689782,209.54,False,
U002974,pagado,repeat_transaction,2024-05-02 09:26:26.526047,27.13,False,
U002974,pagado,repeat_transaction,2024-05-04 21:22:44.468029,24.54,False,
U002974,pagado,repeat_transaction,2024-05-14 15:16:41.035005,10.56,False,
U002974,pagado,repeat_transaction,2024-05-20 17:45:36.702241,97.25,False,
U002974,pagado,repeat_transaction,2024-05-25 05:30:42.022042,72.08,False,
U002974,pagado,repeat_transaction,2024-06-02 01:47:12.419445,198.83,False,
U002974,pagado,repeat_transaction,2024-06-11 12:09:08.698096,13.84,False,
U002975,organico,signup,2024-01-29 06:13:22.438149,,,
U002975,organico,login,2024-01-29 06:41:47.747385,,,
U002975,organico,view_service,2024-01-29 23:17:54.197714,,,
U002975,organico,start_application,2024-02-01 08:29:00.274411,,,
U002975,organico,complete_kyc,2024-02-02 13:09:56.765552,,,kyc_approved
U002975,organico,first_transaction,2024-02-02 15:28:43.695649,101.57,False,
U002975,organico,repeat_transaction,2024-02-08 19:10:22.021592,38.44,False,
U002975,organico,repeat_transaction,2024-02-10 11:04:15.553122,64.35,False,
U002975,organico,repeat_transaction,2024-02-11 13:34:47.059026,11.55,False,
U002975,organico,repeat_transaction,2024-02-19 09:06:36.512675,102.27,False,
U002975,organico,repeat_transaction,2024-02-27 07:43:20.775198,63.47,False,
U002975,organico,repeat_transaction,2024-03-01 09:59:47.426904,35.61,False,
U002975,organico,repeat_transaction,2024-03-09 15:21:05.143144,57.49,False,
U002975,organico,repeat_transaction,2024-03-13 22:08:54.859629,21.42,False,
U002975,organico,repeat_transaction,2024-03-19 04:03:59.659909,24.4,False,
U002975,organico,repeat_transaction,2024-03-23 10:09:10.735841,26.46,False,
U002975,organico,repeat_transaction,2024-03-26 13:57:05.510428,10.01,False,
U002976,organico,signup,2024-01-19 15:26:15.636137,,,
U002976,organico,login,2024-01-20 14:28:43.554257,,,
U002976,organico,view_service,2024-01-21 00:02:00.170713,,,
U002976,organico,start_application,2024-01-22 06:34:41.149564,,,
U002976,organico,complete_kyc,2024-01-22 23:10:22.292759,,,kyc_approved
U002977,organico,signup,2024-02-11 13:28:25.140512,,,
U002977,organico,login,2024-02-11 15:40:25.742869,,,
U002977,organico,view_service,2024-02-12 03:39:35.695847,,,
U002977,organico,start_application,2024-02-12 12:59:57.954301,,,
U002977,organico,complete_kyc,2024-02-14 12:51:59.349480,,,kyc_approved
U002978,pagado,signup,2024-02-16 04:19:56.369170,,,
U002978,pagado,login,2024-02-18 03:36:54.782428,,,
U002978,pagado,view_service,2024-02-18 14:47:31.720467,,,
U002979,pagado,signup,2024-03-06 16:18:08.235410,,,
U002979,pagado,login,2024-03-06 21:07:36.638808,,,
U002980,organico,signup,2024-03-28 05:35:02.602701,,,
U002980,organico,login,2024-03-28 11:14:27.288128,,,
U002980,organico,view_service,2024-03-29 06:35:37.692795,,,
U002980,organico,start_application,2024-03-30 08:53:02.985095,,,
U002980,organico,complete_kyc,2024-03-31 14:32:43.551590,,,kyc_approved
U002980,organico,first_transaction,2024-04-02 10:29:19.063317,66.9,False,
U002980,organico,repeat_transaction,2024-04-10 02:33:36.722042,84.28,False,
U002980,organico,repeat_transaction,2024-04-19 01:40:21.327538,22.4,False,
U002980,organico,repeat_transaction,2024-04-25 05:31:09.460687,46.7,False,
U002980,organico,repeat_transaction,2024-05-02 08:54:58.404335,30.39,False,
U002980,organico,repeat_transaction,2024-05-06 06:17:25.217093,46.05,False,
U002980,organico,repeat_transaction,2024-05-10 02:51:56.995178,23.59,False,
U002980,organico,repeat_transaction,2024-05-14 06:52:21.822529,19.72,False,
U002980,organico,repeat_transaction,2024-05-15 07:56:03.298146,76.44,False,
U002980,organico,repeat_transaction,2024-05-24 08:46:29.697728,35.0,False,
U002980,organico,repeat_transaction,2024-06-01 12:30:17.932640,150.73,False,
U002980,organico,repeat_transaction,2024-06-06 03:37:17.217235,37.8,False,
U002980,organico,repeat_transaction,2024-06-11 07:18:24.608727,19.14,False,
U002980,organico,repeat_transaction,2024-06-14 03:52:00.709921,86.39,False,
U002980,organico,repeat_transaction,2024-06-16 04:21:05.723305,56.92,False,
U002980,organico,repeat_transaction,2024-06-21 05:58:10.247846,60.87,False,
U002981,referido,signup,2024-01-10 01:38:50.942193,,,
U002982,organico,signup,2024-02-06 05:11:26.298984,,,
U002982,organico,login,2024-02-06 08:20:22.337763,,,
U002982,organico,view_service,2024-02-07 02:56:27.816415,,,
U002983,pagado,signup,2024-01-31 09:40:28.056385,,,
U002983,pagado,login,2024-02-01 19:45:52.796133,,,
U002984,pagado,signup,2024-03-29 04:27:38.636638,,,
U002984,pagado,login,2024-03-29 17:58:49.380181,,,
U002984,pagado,view_service,2024-03-30 10:31:11.843400,,,
U002984,pagado,start_application,2024-04-01 10:07:51.352265,,,
U002984,pagado,complete_kyc,2024-04-05 08:51:48.012246,,,kyc_approved
U002984,pagado,first_transaction,2024-04-07 03:02:42.480149,84.22,False,
U002985,pagado,signup,2024-03-26 23:32:46.314271,,,
U002985,pagado,login,2024-03-27 05:43:34.038693,,,
U002986,organico,signup,2024-02-10 06:45:11.349859,,,
U002986,organico,login,2024-02-11 21:00:36.101780,,,
U002986,organico,view_service,2024-02-12 09:18:12.914184,,,
U002987,organico,signup,2024-03-15 13:03:09.633056,,,
U002987,organico,login,2024-03-16 22:45:49.621673,,,
U002987,organico,view_service,2024-03-17 04:30:55.668753,,,
U002988,organico,signup,2024-01-30 17:43:54.226482,,,
U002988,organico,login,2024-01-31 06:08:52.093201,,,
U002988,organico,view_service,2024-02-01 04:21:42.818255,,,
U002988,organico,start_application,2024-02-02 11:36:20.683102,,,
U002988,organico,complete_kyc,2024-02-05 22:49:38.499423,,,kyc_approved
U002988,organico,first_transaction,2024-02-06 19:31:53.243373,23.17,False,
U002988,organico,repeat_transaction,2024-02-08 17:51:57.210953,33.48,False,
U002988,organico,repeat_transaction,2024-02-11 15:54:57.457297,32.46,False,
U002988,organico,repeat_transaction,2024-02-21 00:27:39.922911,14.83,False,
U002988,organico,repeat_transaction,2024-02-24 00:47:40.002518,30.43,False,
U002988,organico,repeat_transaction,2024-03-01 19:12:00.714339,93.27,False,
U002989,pagado,signup,2024-02-28 16:52:35.991937,,,
U002989,pagado,login,2024-02-29 21:39:02.299053,,,
U002989,pagado,view_service,2024-03-01 13:00:14.675203,,,
U002990,pagado,signup,2024-01-22 11:33:34.376625,,,
U002990,pagado,login,2024-01-23 18:01:41.077494,,,
U002991,pagado,signup,2024-02-15 19:10:03.276708,,,
U002991,pagado,login,2024-02-16 05:56:39.549890,,,
U002992,pagado,signup,2024-03-19 13:24:13.055212,,,
U002992,pagado,login,2024-03-19 15:09:09.872406,,,
U002992,pagado,view_service,2024-03-20 03:13:29.130856,,,
U002992,pagado,start_application,2024-03-22 15:26:25.585731,,,
U002992,pagado,complete_kyc,2024-03-24 02:35:20.401295,,,kyc_approved
U002992,pagado,first_transaction,2024-03-25 19:00:28.765118,43.21,False,
U002993,organico,signup,2024-03-31 07:25:14.086561,,,
U002993,organico,login,2024-04-02 03:12:08.443135,,,
U002993,organico,view_service,2024-04-02 11:05:43.243939,,,
U002993,organico,start_application,2024-04-04 04:20:36.936166,,,
U002993,organico,complete_kyc,2024-04-05 23:35:52.273068,,,kyc_approved
U002993,organico,first_transaction,2024-04-06 16:52:06.660273,14.26,False,
U002993,organico,repeat_transaction,2024-04-13 14:49:26.979858,12.32,False,
U002993,organico,repeat_transaction,2024-04-20 00:12:00.622180,117.37,False,
U002993,organico,repeat_transaction,2024-04-26 03:25:54.888347,34.36,False,
U002993,organico,repeat_transaction,2024-05-01 22:02:58.698873,23.26,False,
U002993,organico,repeat_transaction,2024-05-04 07:09:59.608609,30.21,False,
U002993,organico,repeat_transaction,2024-05-05 17:53:09.785177,13.01,False,
U002993,organico,repeat_transaction,2024-05-13 09:56:39.510260,99.1,False,
U002993,organico,repeat_transaction,2024-05-20 03:07:37.962120,27.8,False,
U002993,organico,repeat_transaction,2024-05-21 19:45:05.754877,95.31,False,
U002993,organico,repeat_transaction,2024-05-23 16:14:20.544729,37.95,False,
U002993,organico,repeat_transaction,2024-06-01 10:23:43.989140,99.55,False,
U002993,organico,repeat_transaction,2024-06-08 15:26:06.328709,43.8,False,
U002993,organico,repeat_transaction,2024-06-17 17:32:36.188471,66.5,False,
U002994,pagado,signup,2024-01-18 11:06:54.376456,,,
U002994,pagado,login,2024-01-18 12:27:25.706886,,,
U002995,referido,signup,2024-01-20 21:16:52.886325,,,
U002995,referido,login,2024-01-21 03:01:17.688601,,,
U002996,organico,signup,2024-01-15 02:43:17.790147,,,
U002996,organico,login,2024-01-15 12:51:52.816275,,,
U002997,organico,signup,2024-02-06 14:44:15.869217,,,
U002997,organico,login,2024-02-08 00:46:19.921406,,,
U002997,organico,view_service,2024-02-08 21:12:40.094648,,,
U002998,referido,signup,2024-01-13 09:59:34.570821,,,
U002998,referido,login,2024-01-13 18:26:59.999670,,,
U002998,referido,view_service,2024-01-14 06:20:41.311449,,,
U002998,referido,start_application,2024-01-15 05:07:57.846439,,,
U002998,referido,complete_kyc,2024-01-17 04:36:32.302672,,,kyc_approved
U002999,organico,signup,2024-03-13 06:26:42.681474,,,
U002999,organico,login,2024-03-14 11:43:33.393310,,,
U002999,organico,view_service,2024-03-14 22:17:48.721992,,,
U002999,organico,start_application,2024-03-16 08:59:29.145271,,,
U002999,organico,complete_kyc,2024-03-16 20:10:51.824457,,,kyc_approved
U002999,organico,first_transaction,2024-03-18 01:51:53.096341,60.54,False,
U002999,organico,repeat_transaction,2024-03-27 21:00:43.878512,56.62,False,
U003000,referido,signup,2024-01-15 04:39:21.464361,,,
U003000,referido,login,2024-01-16 22:25:27.566798,,,
U003000,referido,view_service,2024-01-17 20:11:47.388861,,,
